{"initial_reset_timestamp": 1669795445.8160033, "timestamps": [1669795449.0507438, 1669795449.347728, 1669795449.7748525, 1669795450.1420352, 1669795450.4899144, 1669795450.818453, 1669795456.3633587, 1669795456.7170517, 1669795457.0690737, 1669795457.4138806, 1669795457.7808604, 1669795458.1209366, 1669795458.4616013, 1669795461.8178988, 1669795463.596492, 1669795465.270305, 1669795466.9435425, 1669795468.6835594, 1669795470.4571753, 1669795472.1980128, 1669795475.9692984, 1669795477.649674, 1669795479.4166265, 1669795481.1299627, 1669795482.7706423, 1669795484.4721537, 1669795488.3883796, 1669795490.1848474, 1669795491.944373, 1669795493.6370478, 1669795495.4358008, 1669795497.2498953, 1669795499.0438764, 1669795502.6743782, 1669795504.432434, 1669795506.1863875, 1669795507.4862962, 1669795508.5323477, 1669795509.4409733, 1669795511.1716294, 1669795512.8803236, 1669795515.9267068, 1669795517.640375, 1669795519.373715, 1669795521.1468565, 1669795522.8614182, 1669795524.5014904, 1669795526.0888212, 1669795529.879342, 1669795531.5682585, 1669795533.3056383, 1669795535.0831227, 1669795536.8422844, 1669795538.526359, 1669795540.251188, 1669795544.3403623, 1669795546.0634675, 1669795547.818992, 1669795549.529787, 1669795551.2591376, 1669795552.9697676, 1669795556.7455528, 1669795558.4732916, 1669795560.236679, 1669795561.8702888, 1669795563.5114796, 1669795565.158149, 1669795566.8884997, 1669795570.9224515, 1669795572.6821153, 1669795574.4968991, 1669795576.3576689, 1669795578.1527352, 1669795579.8933246, 1669795581.6331813, 1669795585.5833597, 1669795587.3507051, 1669795589.1315415, 1669795590.924355, 1669795592.70142, 1669795594.4707346, 1669795595.4121459, 1669795599.2114959, 1669795600.5208461, 1669795602.3864732, 1669795604.1161022, 1669795605.4819283, 1669795607.180078, 1669795608.903215, 1669795612.6389241, 1669795614.292126, 1669795616.0521464, 1669795617.746683, 1669795619.522426, 1669795621.2154982, 1669795622.9157345, 1669795626.6713974, 1669795628.4023623, 1669795630.0776982, 1669795631.8232741, 1669795633.609595, 1669795635.4567354, 1669795639.3521376, 1669795641.1289132, 1669795642.9067364, 1669795644.6855352, 1669795646.4399085, 1669795648.261483, 1669795650.0231497, 1669795654.8745625, 1669795656.590938, 1669795658.3043532, 1669795660.0379572, 1669795661.7669523, 1669795663.5055826, 1669795665.2182174, 1669795669.605237, 1669795671.241493, 1669795673.0198872, 1669795674.7809675, 1669795676.5885048, 1669795678.3944848, 1669795682.5599813, 1669795684.4147568, 1669795686.2638855, 1669795687.898377, 1669795689.6757276, 1669795691.473416, 1669795693.2337315, 1669795697.3820608, 1669795699.1608586, 1669795700.9851892, 1669795702.7622552, 1669795704.569369, 1669795706.4105165, 1669795708.156896, 1669795712.4789484, 1669795714.2100768, 1669795715.9345963, 1669795717.615582, 1669795718.5590189, 1669795720.2978365, 1669795721.109785, 1669795726.39874, 1669795728.1237655, 1669795729.8088753, 1669795731.5368938, 1669795733.3420746, 1669795735.1292436, 1669795736.9042978, 1669795740.6790977, 1669795742.4485993, 1669795744.1856809, 1669795745.935743, 1669795747.6978111, 1669795749.5201483, 1669795751.3177538, 1669795755.8972442, 1669795757.6813068, 1669795759.4260323, 1669795761.1665199, 1669795762.9744866, 1669795764.784366, 1669795770.7848713, 1669795772.627285, 1669795774.415223, 1669795776.2326324, 1669795778.0451663, 1669795779.8691666, 1669795781.6591048, 1669795785.6881683, 1669795787.5592346, 1669795789.3305902, 1669795791.0952249, 1669795792.8335173, 1669795794.5985203, 1669795796.3971124, 1669795801.4415169, 1669795803.0790586, 1669795804.9137762, 1669795806.7044303, 1669795808.4870358, 1669795810.293743, 1669795815.9433184, 1669795817.7539701, 1669795819.5160756, 1669795821.2773132, 1669795822.9976354, 1669795824.835817, 1669795826.5719001, 1669795831.954109, 1669795833.7863426, 1669795835.5731308, 1669795837.3833418, 1669795839.1807246, 1669795840.977987, 1669795842.7968812, 1669795848.8094275, 1669795850.6452649, 1669795852.4358013, 1669795854.0950992, 1669795855.8579805, 1669795857.603645, 1669795863.4000015, 1669795865.1978233, 1669795866.9915783, 1669795868.7405527, 1669795870.5182004, 1669795872.2642188, 1669795874.0737393, 1669795879.7040212, 1669795881.4902937, 1669795883.2581487, 1669795885.0330508, 1669795886.780941, 1669795888.4986045, 1669795890.3502324, 1669795896.3316205, 1669795898.0377018, 1669795899.7531664, 1669795901.5517561, 1669795903.28408, 1669795905.009853, 1669795910.2251618, 1669795911.9850535, 1669795913.634352, 1669795915.3864233, 1669795917.0877094, 1669795918.7182539, 1669795920.4136508, 1669795925.434195, 1669795927.1302223, 1669795928.8124914, 1669795930.5119832, 1669795932.2144232, 1669795933.9711938, 1669795935.725047, 1669795941.9216619, 1669795943.6875155, 1669795945.412059, 1669795947.1023238, 1669795948.824914, 1669795950.5416803, 1669795956.2835748, 1669795958.0070155, 1669795959.7098603, 1669795961.4270384, 1669795963.181567, 1669795964.867417, 1669795966.6251097, 1669795970.683669, 1669795972.3640146, 1669795974.0504901, 1669795975.7927547, 1669795977.5257719, 1669795979.1313596, 1669795980.8764083, 1669795986.9925838, 1669795988.7846823, 1669795990.5287733, 1669795992.239968, 1669795993.9935524, 1669795995.7808566, 1669796001.162303, 1669796002.9450002, 1669796004.771938, 1669796006.6295264, 1669796008.39026, 1669796010.2421355, 1669796012.036815, 1669796018.021382, 1669796019.7382612, 1669796021.4585438, 1669796023.1493917, 1669796024.8738825, 1669796026.5946999, 1669796028.33666, 1669796034.319804, 1669796036.0520275, 1669796037.8012552, 1669796039.565043, 1669796041.4102912, 1669796043.1821368, 1669796049.252468, 1669796051.0356798, 1669796052.7861443, 1669796054.4911885, 1669796056.1988523, 1669796057.963357, 1669796059.736893, 1669796065.6889877, 1669796067.4627297, 1669796069.27838, 1669796071.1197612, 1669796072.9302003, 1669796074.697209, 1669796076.3736658, 1669796082.4428895, 1669796084.1559296, 1669796085.8872027, 1669796087.6220214, 1669796089.3489816, 1669796091.071294, 1669796097.202064, 1669796098.9795215, 1669796100.7073026, 1669796102.435595, 1669796104.1254413, 1669796105.8633475, 1669796107.7134242, 1669796113.4726682, 1669796115.0778894, 1669796116.7590542, 1669796118.4541798, 1669796120.1549447, 1669796121.818531, 1669796123.4838042, 1669796129.313957, 1669796131.0751941, 1669796132.8475246, 1669796134.5549786, 1669796136.2424688, 1669796137.9095144, 1669796143.718238, 1669796145.3933053, 1669796147.131854, 1669796148.8770332, 1669796150.5934527, 1669796152.3131773, 1669796154.0721319, 1669796160.2985349, 1669796162.0573895, 1669796163.759907, 1669796165.4644368, 1669796167.1533942, 1669796168.89167, 1669796170.684325],