{"initial_reset_timestamp": 1669896691.4089515, "timestamps": [1669896691.899249, 1669896692.137496, 1669896692.3700478, 1669896692.599932, 1669896692.8307927, 1669896693.0609424, 1669896693.2901707, 1669896696.2657044, 1669896696.4916346, 1669896696.7208726, 1669896696.949732, 1669896697.0999923, 1669896697.3268876, 1669896697.5609326, 1669896697.7893023, 1669896700.9238782, 1669896701.1467886, 1669896701.3755891, 1669896701.6026652, 1669896701.830911, 1669896702.0612738, 1669896702.293548, 1669896702.581331, 1669896718.334513, 1669896718.5670228, 1669896718.7994168, 1669896719.0242567, 1669896719.245277, 1669896719.4727306, 1669896719.6988184, 1669896735.1929557, 1669896735.4209666, 1669896735.6493897, 1669896735.8718345, 1669896736.0953329, 1669896736.3259745, 1669896736.5524762, 1669896752.4807937, 1669896752.7039213, 1669896752.9337485, 1669896753.1581693, 1669896753.3773744, 1669896753.6031973, 1669896753.830628, 1669896769.2025774, 1669896769.4230626, 1669896769.715021, 1669896769.945049, 1669896770.1733153, 1669896770.3620348, 1669896770.5904603, 1669896786.016335, 1669896786.241833, 1669896786.4755917, 1669896786.7073462, 1669896786.8842363, 1669896787.1095898, 1669896787.3441727, 1669896787.6269054, 1669896803.5453017, 1669896803.774188, 1669896804.0082183, 1669896804.2368839, 1669896804.467405, 1669896804.6959662, 1669896804.9269245, 1669896820.7086422, 1669896820.9294221, 1669896821.1550593, 1669896821.383181, 1669896821.6114917, 1669896821.7926419, 1669896822.0157259, 1669896837.8542945, 1669896838.0741851, 1669896838.3012772, 1669896838.5330584, 1669896838.7592661, 1669896838.9911997, 1669896839.228291, 1669896855.2066996, 1669896855.4320648, 1669896855.6614392, 1669896855.8935897, 1669896856.1221485, 1669896856.3492813, 1669896856.5744214, 1669896872.3778613, 1669896872.609532, 1669896872.842412, 1669896873.0711637, 1669896873.298534, 1669896873.524482, 1669896873.751836, 1669896889.621635, 1669896889.8402352, 1669896890.0631447, 1669896890.2308328, 1669896890.4543962, 1669896890.6786466, 1669896890.909962, 1669896891.1360404, 1669896906.4654086, 1669896906.6918945, 1669896906.9181364, 1669896907.141466, 1669896907.3668642, 1669896907.5979607, 1669896907.8264391, 1669896923.9907691, 1669896924.200777, 1669896924.4283755, 1669896924.6567767, 1669896924.8866017, 1669896925.1145148, 1669896925.3382986, 1669896941.2469995, 1669896941.4698865, 1669896941.6946342, 1669896941.9184914, 1669896942.1403563, 1669896942.3638425, 1669896942.5898314, 1669896958.3499305, 1669896958.5495586, 1669896958.773021, 1669896959.0066655, 1669896959.2733874, 1669896959.5024998, 1669896959.7244704, 1669896975.5141203, 1669896975.6802068, 1669896975.8234768, 1669896976.0443037, 1669896976.2695274, 1669896976.497415, 1669896976.7231784, 1669896976.917874, 1669896992.3823, 1669896992.602711, 1669896992.8220685, 1669896993.0254583, 1669896993.2535505, 1669896993.4771204, 1669896993.6193602, 1669896993.8500752, 1669896994.0759513, 1669897010.532992, 1669897010.7230158, 1669897010.9503841, 1669897011.1489913, 1669897011.391042, 1669897011.6039495, 1669897011.8192568, 1669897011.9776824, 1669897012.1613765, 1669897025.691404, 1669897025.8699663, 1669897026.0381012, 1669897026.1937132, 1669897026.3447988, 1669897026.462232, 1669897026.6511524, 1669897026.8640716, 1669897027.034624, 1669897027.2000008, 1669897027.404806, 1669897027.5473492, 1669897041.8556187, 1669897041.9924848, 1669897042.1359289, 1669897042.3286676, 1669897042.5522838, 1669897042.6979976, 1669897042.8960295, 1669897043.0670726, 1669897043.2466073, 1669897043.469262, 1669897043.6175382, 1669897057.7780092, 1669897057.9668715, 1669897058.122165, 1669897058.2986536, 1669897058.5131333, 1669897058.7351592, 1669897058.8761907, 1669897059.097025, 1669897059.2203052, 1669897059.367373, 1669897059.5445254, 1669897073.403762, 1669897073.5419133, 1669897073.6708536, 1669897073.82276, 1669897073.9721565, 1669897074.1066263, 1669897074.331865, 1669897074.486005, 1669897074.709542, 1669897074.9354227, 1669897075.1113555, 1669897089.5603929, 1669897089.7024956, 1669897089.886154, 1669897090.0648563, 1669897090.2800682, 1669897090.4297347, 1669897090.6570005, 1669897090.8462312, 1669897090.9922407, 1669897091.1821094, 1669897105.301798, 1669897105.4346836, 1669897105.5899386, 1669897105.7319598, 1669897105.9308348, 1669897106.062631, 1669897106.2255661, 1669897106.3481827, 1669897106.4943898, 1669897106.6616287, 1669897106.7918293, 1669897106.9545603, 1669897107.0788944, 1669897107.242933, 1669897107.3972983, 1669897121.4424415, 1669897121.6648834, 1669897121.7879214, 1669897121.9548728, 1669897122.1312902, 1669897122.2684257, 1669897122.4678667, 1669897122.607785, 1669897122.7692716, 1669897122.9345262, 1669897123.0856614, 1669897123.3219616, 1669897137.4843044, 1669897137.617751, 1669897137.8143497, 1669897137.9861035, 1669897138.1295164, 1669897138.2776895, 1669897138.4481866, 1669897138.6683493, 1669897138.8277802, 1669897138.9873564, 1669897139.1329167, 1669897153.310923, 1669897153.533661, 1669897153.66593, 1669897153.8154652, 1669897153.9860456, 1669897154.1423488, 1669897154.28355, 1669897154.4758723, 1669897154.6582031, 1669897154.8527012, 1669897155.0794203, 1669897169.300141, 1669897169.5171084, 1669897169.7474613, 1669897169.8990881, 1669897170.0440304, 1669897170.1745658, 1669897170.323481, 1669897170.535821, 1669897170.6894858, 1669897170.8325825, 1669897170.9956331, 1669897171.2222335, 1669897185.386143, 1669897185.6119304, 1669897185.8206284, 1669897186.0070229, 1669897186.159717, 1669897186.3496394, 1669897186.5645387, 1669897186.7116528, 1669897186.8833492, 1669897187.043651, 1669897200.9906616, 1669897201.1092057, 1669897201.283463, 1669897201.4515843, 1669897201.5903704, 1669897201.7604105, 1669897201.9484441, 1669897202.151402, 1669897202.3762076, 1669897202.6015086, 1669897216.7442386, 1669897216.8745, 1669897216.9913106, 1669897217.1421165, 1669897217.2783575, 1669897217.4455068, 1669897217.670369, 1669897217.9386218, 1669897218.0655146, 1669897218.1852915, 1669897218.296629, 1669897218.4486964, 1669897218.6166434, 1669897232.7079706, 1669897232.853171, 1669897232.9759073, 1669897233.1649437, 1669897233.3450906, 1669897233.5672853, 1669897233.6992753, 1669897233.828801, 1669897234.019209, 1669897234.2437036, 1669897234.423663, 1669897248.6420336, 1669897248.853617, 1669897249.009911, 1669897249.1504705, 1669897249.3342233, 1669897249.5593755, 1669897249.7856107, 1669897249.9790058, 1669897250.1219187, 1669897250.3462648, 1669897264.4022396, 1669897264.6022658, 1669897264.7578623, 1669897264.9061503, 1669897265.0793808, 1669897265.2629747, 1669897265.4883125, 1669897265.7121994, 1669897265.9375339, 1669897266.1634784, 1669897280.1527202, 1669897280.3740838, 1669897280.534874, 1669897280.6806552, 1669897280.8071616, 1669897280.9404762, 1669897281.078051, 1669897281.2449486, 1669897281.3849883, 1669897281.5770667, 1669897281.7225347, 1669897281.9456556, 1669897296.05427, 1669897296.2793438, 1669897296.4409866, 1669897296.6093585, 1669897296.7849739, 1669897296.950703, 1669897297.1591616, 1669897297.3003216, 1669897297.4312193, 1669897297.584089, 1669897297.8065755, 1669897311.7373364, 1669897311.8650243, 1669897312.1337183, 1669897312.3155181, 1669897312.4523118, 1669897312.6214464, 1669897312.844147, 1669897312.9869792, 1669897313.162008, 1669897313.3854325, 1669897313.5611906, 1669897327.5688648, 1669897327.7060442, 1669897327.8450463, 1669897328.0651476, 1669897328.2226834, 1669897328.3694847, 1669897328.5801103, 1669897328.8068092, 1669897328.942466, 1669897329.1693864, 1669897329.3922467, 1669897343.7669322, 1669897343.908134, 1669897344.1290522, 1669897344.3286583, 1669897344.487541, 1669897344.6392677, 1669897344.7887962, 1669897344.95493, 1669897345.1486495, 1669897345.37474, 1669897345.5582495, 1669897359.6258245, 1669897359.7850735, 1669897360.0071297, 1669897360.148105, 1669897360.3741162, 1669897360.58397, 1669897360.7519014, 1669897360.929356, 1669897361.1007812, 