{"initial_reset_timestamp": 1669896690.268732, "timestamps": [1669896693.3694446, 1669896693.619326, 1669896693.9855602, 1669896694.3233457, 1669896694.583764, 1669896694.910053, 1669896697.7990623, 1669896698.1289632, 1669896698.452133, 1669896698.7779517, 1669896699.1096406, 1669896699.4590716, 1669896699.8058393, 1669896703.3511806, 1669896705.5650685, 1669896707.7718475, 1669896709.996218, 1669896712.218796, 1669896714.4127119, 1669896716.6192284, 1669896721.1616843, 1669896723.3482432, 1669896725.423222, 1669896727.565999, 1669896729.7713134, 1669896732.0273101, 1669896736.6022248, 1669896738.8242106, 1669896741.0803814, 1669896743.3374689, 1669896745.579037, 1669896747.779494, 1669896749.9692066, 1669896754.5733004, 1669896756.7891877, 1669896758.799377, 1669896760.8680992, 1669896763.0502608, 1669896765.256771, 1669896767.4788399, 1669896772.0657105, 1669896774.275008, 1669896776.3936205, 1669896778.5257485, 1669896780.6379688, 1669896782.8595808, 1669896787.676909, 1669896789.8895192, 1669896792.1133378, 1669896794.2917044, 1669896796.4404106, 1669896798.7204657, 1669896801.0565426, 1669896805.699698, 1669896807.966006, 1669896810.199174, 1669896812.297428, 1669896814.508442, 1669896816.8145378, 1669896819.0053427, 1669896823.477748, 1669896825.6933668, 1669896827.9286883, 1669896830.1685128, 1669896832.3637292, 1669896834.5998118, 1669896839.2804084, 1669896841.5199971, 1669896843.7576125, 1669896845.9905927, 1669896848.2075481, 1669896850.4717915, 1669896852.7127833, 1669896857.3361893, 1669896859.5407012, 1669896861.7239747, 1669896863.9432504, 1669896866.1513667, 1669896868.4262607, 1669896870.6489358, 1669896875.2298586, 1669896877.5003304, 1669896879.715588, 1669896881.0165677, 1669896883.2335966, 1669896885.0291119, 1669896886.170846, 1669896888.1494613, 1669896892.3528166, 1669896894.459772, 1669896896.4586508, 1669896898.5221164, 1669896900.3178654, 1669896902.0083, 1669896904.2435281, 1669896908.8335567, 1669896909.5422127, 1669896911.493292, 1669896913.0719628, 1669896914.940857, 1669896915.8959248, 1669896916.9574606, 1669896917.7565615, 1669896919.3073013, 1669896921.5263307, 1669896926.1294582, 1669896926.9628713, 1669896928.1780026, 1669896930.3806603, 1669896932.1766663, 1669896934.4192584, 1669896936.6258085, 1669896938.823817, 1669896940.0097277, 1669896944.4994042, 1669896946.7206867, 1669896948.3677237, 1669896950.57823, 1669896952.786057, 1669896954.5487125, 1669896956.7749543, 1669896961.3617368, 1669896963.5641835, 1669896964.9264784, 1669896965.8424547, 1669896967.159147, 1669896967.9697263, 1669896969.2956028, 1669896970.906821, 1669896972.443513, 1669896973.9041913, 1669896977.3583078, 1669896978.5643876, 1669896978.8911898, 1669896980.396568, 1669896982.2268384, 1669896983.0959268, 1669896984.5709872, 1669896985.8074005, 1669896986.573693, 1669896987.123286, 1669896989.0335724, 1669896990.050226, 1669896990.4606922, 1669896994.2144942, 1669896994.9592202, 1669896995.769949, 1669896996.976685, 1669896998.7098892, 1669896999.504607, 1669897000.5956979, 1669897001.2673678, 1669897002.092772, 1669897002.8877165, 1669897003.593053, 1669897004.4332361, 1669897005.2163079, 1669897006.6671321, 1669897007.252786, 1669897007.7705808, 1669897008.2716107, 1669897008.701114], "episode_lengths": [150, 150, 150, 150, 105, 150, 150, 150, 150, 150, 150, 150, 150, 150, 150, 150, 150, 150, 150, 150, 150, 150, 150, 150, 150, 150, 150, 150, 150, 150, 150, 150, 150, 150, 150, 150, 150, 150, 150, 150, 150, 150, 150, 150, 150, 150, 150, 150, 150, 150, 150, 150, 150, 150, 150, 150, 150, 150, 150, 150, 150, 150, 150, 150, 150, 150, 150, 150, 150, 150, 150, 150, 150, 150, 150, 150, 150, 150, 150, 150, 150, 150, 150, 88, 150, 120, 74, 134, 118, 150, 150, 150, 121, 115, 150, 146, 44, 130, 103, 126, 61, 69, 50, 103, 150, 150, 52, 80, 150, 123, 150, 150, 150, 78, 147, 150, 111, 150, 150, 117, 150, 150, 150, 93, 58, 87, 51, 88, 109, 105, 99, 81, 94, 20, 104, 128, 55, 100, 87, 51, 33, 129, 67, 27, 82, 53, 50, 78, 110, 48, 70, 41, 53, 50, 43, 53, 49, 96, 42, 36, 32, 27], "episode_rewards": [-150.0, -150.0, -150.0, -150.0, -104.0, -150.0, -150.0, -150.0, -150.0, -150.0, -150.0, -150.0, -150.0, -150.0, -150.0, -150.0, -150.0, -150.0, -150.0, -150.0, -150.0, -150.0, -150.0, -150.0, -150.0, -150.0, -150.0, -150.0, -150.0, -150.0, -150.0, -150.0, -150.0, -150.0, -150.0, -150.0, -150.0, -150.0, -150.0, -150.0, -150.0, -150.0, -150.0, -150.0, -150.0, -150.0, -150.0, -150.0, -150.0, -150.0, -150.0, -150.0, -150.0, -150.0, -150.0, -150.0, -150.0, -150.0, -150.0, -150.0, -150.0, -150.0, -150.0, -150.0, -150.0, -150.0, -150.0, -150.0, -150.0, -150.0, -150.0, -150.0, -150.0, -150.0, -150.0, -150.0, -150.0, -150.0, -150.0, -150.0, -150.0, -150.0, -150.0, -87.0, -150.0, -119.0, -73.0, -133.0, -117.0, -150.0, -150.0, -150.0, -120.0, -114.0, -150.0, -145.0, -43.0, -129.0, -102.0, -125.0, -60.0, -68.0, -49.0, -102.0, -150.0, -150.0, -51.0, -79.0, -150.0, -122.0, -150.0, -150.0, -150.0, -77.0, -146.0, -150.0, -110.0, -150.0, -150.0, -116.0, -150.0, -150.0, -150.0, -92.0, -57.0, -86.0, -50.0, -87.0, -108.0, -104.0, -98.0, -80.0, -93.0, -19.0, -103.0, -127.0, -54.0, -99.0, -86.0, -50.0, -32.0, -128.0, -66.0, -26.0, -81.0, -52.0, -49.0, -77.0, -109.0, -47.0, -69.0, -40.0, -52.0, -49.0, -42.0, -52.0, -48.0, -95.0, -41.0, -35.0, -31.0, -26.0], "episode_types": ["t", "t", "t", "t", "t", "t", "t", "t", "t", "t", "t", "t", "t", "t", "t", "t", "t", "t", "t", "t", "t", "t", "t", "t", "t", "t", "t", "t", "t", "t", "t", "t", "t", "t", "t", "t", "t", "t", "t", "t", "t", "t", "t", "t", "t", "t", "t", "t", "t", "t", "t", "t", "t", "t", "t", "t", "t", "t", "t", "t", "t", "t", "t", "t", "t", "t", "t", "t", "t", "t", "t", "t", "t", "t", "t", "t", "t", "t", "t", "t", "t", "t", "t", "t", "t", "t", "t", "t", "t", "t", "t", "t", "t", "t", "t", "t", "t", "t", "t", "t", "t", "t", "t", "t", "t", "t", "t", "t", "t", "t", "t", "t", "t", "t", "t", "t", "t", "t", "t", "t", "t", "t", "t", "t", "t", "t", "t", "t", "t", "t", "t", "t", "t", "t", "t", "t", "t", "t", "t", "t", "t", "t", "t", "t", "t", "t", "t", "t", "t", "t", "t", "t", "t", "t", "t", "t", "t", "t", "t", "t", "t", "t", "t"]}