{"initial_reset_timestamp": 1669786412.8567686, "timestamps": [1669786413.8141854, 1669786413.9875681, 1669786414.160765, 1669786414.3332462, 1669786414.5089138, 1669786414.6813018, 1669786414.855865, 1669786417.9368615, 1669786418.1213062, 1669786418.3401306, 1669786418.5459979, 1669786418.7371116, 1669786418.928138, 1669786419.1106815, 1669786422.4853222, 1669786422.6693194, 1669786422.8584914, 1669786423.0516367, 1669786423.3066254, 1669786423.4890666, 1669786423.6863275, 1669786437.5612433, 1669786437.7250717, 1669786437.8921142, 1669786438.069539, 1669786438.242081, 1669786438.4198098, 1669786438.5914657, 1669786452.1239023, 1669786452.284113, 1669786452.4460804, 1669786452.613587, 1669786452.7776902, 1669786452.9376829, 1669786453.0979922, 1669786466.5858827, 1669786466.7464194, 1669786466.909745, 1669786467.0766032, 1669786467.2372568, 1669786467.401315, 1669786467.563806, 1669786481.025281, 1669786481.1832926, 1669786481.3426278, 1669786481.5012677, 1669786481.6633198, 1669786481.8282247, 1669786481.9913747, 1669786495.352302, 1669786495.5166512, 1669786495.6817539, 1669786495.850422, 1669786496.0169282, 1669786496.1791446, 1669786496.3391314, 1669786509.4144545, 1669786509.5733166, 1669786509.7333348, 1669786509.8931456, 1669786510.0522408, 1669786510.2105203, 1669786510.3726532, 1669786523.8493123, 1669786524.0117245, 1669786524.1743453, 1669786524.3454673, 1669786524.5113714, 1669786524.6822424, 1669786524.8434474, 1669786538.1878788, 1669786538.351292, 1669786538.512596, 1669786538.672613, 1669786538.8497152, 1669786539.010795, 1669786539.1705794, 1669786552.1995237, 1669786552.362786, 1669786552.5274124, 1669786552.697714, 1669786552.9208329, 1669786553.0938516, 1669786553.254532, 1669786566.8937123, 1669786567.0549934, 1669786567.215999, 1669786567.3895864, 1669786567.55782, 1669786567.721264, 1669786567.8836632, 1669786581.1804702, 1669786581.3497043, 1669786581.5161462, 1669786581.6784697, 1669786581.8409543, 1669786581.9993513, 1669786582.1618211, 1669786595.6145334, 1669786595.7913356, 1669786595.969718, 1669786596.131743, 1669786596.2926319, 1669786596.4491937, 1669786596.6076477, 1669786610.4148705, 1669786610.5722861, 1669786610.7028701, 1669786610.8645818, 1669786611.0244646, 1669786611.1856987, 1669786611.3441622, 1669786611.5092285, 1669786624.6851864, 1669786624.8439288, 1669786625.003668, 1669786625.1619802, 1669786625.3165934, 1669786625.4740534, 1669786625.6330838, 1669786638.6985395, 1669786638.8598032, 1669786639.021611, 1669786639.1828108, 1669786639.4027834, 1669786639.5633566, 1669786639.6865425, 1669786639.8498993, 1669786653.5717413, 1669786653.732454, 1669786653.8936229, 1669786654.0548227, 1669786654.2159142, 1669786654.3747969, 1669786654.5365171, 1669786667.7223043, 1669786667.88413, 1669786668.0463686, 1669786668.207141, 1669786668.3682477, 1669786668.5294683, 1669786668.6903806, 1669786681.9590328, 1669786682.1183527, 1669786682.286038, 1669786682.4468186, 1669786682.6067793, 1669786682.7647536, 1669786682.9247324, 1669786695.774815, 1669786695.9348488, 1669786696.0967567, 1669786696.2581015, 1669786696.418218, 1669786696.5810726, 1669786696.7455647, 1669786710.1300206, 1669786710.2926478, 1669786710.4583697, 1669786710.6181138, 1669786710.7784255, 1669786710.9380395, 1669786711.097159, 1669786723.8340547, 1669786723.993091, 1669786724.1546926, 1669786724.3133464, 1669786724.4745014, 1669786724.6337018, 1669786724.7901375, 1669786738.0498323, 1669786738.215274, 1669786738.3878953, 1669786738.5087655, 1669786738.7417731, 1669786738.92233, 1669786739.0910962, 1669786739.2732444, 1669786752.4436953, 1669786752.6165197, 1669786752.7885249, 1669786752.958812, 1669786753.135949, 1669786753.3081717, 1669786753.485056, 1669786767.1768966, 1669786767.335686, 1669786767.532659, 1669786767.7150798, 1669786767.881856, 1669786768.047812, 1669786768.2139413, 1669786781.2323544, 1669786781.3914664, 1669786781.5538769, 1669786781.7132595, 1669786781.8738284, 1669786782.0353723, 1669786782.1950383, 1669786795.556668, 1669786795.7207348, 1669786795.8833683, 1669786796.0450277, 1669786796.2077887, 1669786796.3682084, 1669786796.530456, 1669786810.1333888, 1669786810.3043067, 1669786810.4696224, 1669786810.611531, 1669786810.7771196, 1669786810.9384382, 1669786811.0972202], "episode_lengths": [150, 150, 150, 150, 150, 150, 150, 150, 150, 150, 150, 150, 150, 150, 150, 150, 150, 150, 150, 150, 150, 150, 150, 150, 150, 150, 150, 150, 150, 150, 150, 150, 150, 150, 150, 150, 150, 150, 150, 150, 150, 150, 150, 150, 150, 150, 150, 150, 150, 150, 150, 150, 150, 150, 150, 150, 150, 150, 150, 150, 150, 150, 150, 150, 150, 150, 150, 150, 150, 150, 150, 150, 150, 150, 150, 150, 150, 150, 150, 150, 150, 150, 150, 150, 150, 150, 150, 150, 150, 150, 150, 150, 150, 150, 150, 150, 150, 150, 150, 150, 150, 150, 150, 150, 150, 150, 150, 79, 150, 150, 150, 150, 150, 150, 150, 150, 150, 150, 150, 150, 150, 150, 150, 150, 150, 150, 69, 150, 150, 150, 150, 150, 150, 150, 150, 150, 150, 150, 150, 150, 150, 150, 150, 150, 150, 150, 150, 150, 150, 150, 150, 150, 150, 150, 150, 150, 150, 150, 150, 150, 150, 150, 150, 150, 150, 150, 150, 150, 150, 150, 150, 150, 150, 62, 150, 150, 150, 150, 150, 150, 150, 150, 150, 150, 150, 150, 150, 150, 150, 150, 150, 150, 150, 150, 150, 150, 150, 150, 150, 150, 150, 150, 150, 150, 150, 150, 150, 150, 150, 100, 150, 150, 150], "episode_rewards": [-150.0, -150.0, -150.0, -150.0, -150.0, -150.0, -150.0, -150.0, -150.0, -150.0, -150.0, -150.0, -150.0, -150.0, -150.0, -150.0, -150.0, -150.0, -150.0, -150.0, -150.0, -150.0, -150.0, -150.0, -150.0, -150.0, -150.0, -150.0, -150.0, -150.0, -150.0, -150.0, -150.0, -150.0, -150.0, -150.0, -150.0, -150.0, -150.0, -150.0, -150.0, -150.0, -150.0, -150.0, -150.0, -150.0, -150.0, -150.0, -150.0, -150.0, -150.0, -150.0, -150.0, -150.0, -150.0, -150.0, -150.0, -150.0, -150.0, -150.0, -150.0, -150.0, -150.0, -150.0, -150.0, -150.0, -150.0, -150.0, -150.0, -150.0, -150.0, -150.0, -150.0, -150.0, -150.0, -150.0, -150.0, -150.0, -150.0, -150.0, -150.0, -150.0, -150.0, -150.0, -150.0, -150.0, -150.0, -150.0, -150.0, -150.0, -150.0, -150.0, -150.0, -150.0, -150.0, -150.0, -150.0, -150.0, -150.0, -150.0, -150.0, -150.0, -150.0, -150.0, -150.0, -150.0, -150.0, -78.0, -150.0, -150.0, -150.0, -150.0, -150.0, -150.0, -150.0, -150.0, -150.0, -150.0, -150.0, -150.0, -150.0, -150.0, -150.0, -150.0, -150.0, -150.0, -68.0, -150.0, -150.0, -150.0, -150.0, -150.0, -150.0, -150.0, -150.0, -150.0, -150.0, -150.0, -150.0, -150.0, -150.0, -150.0, -150.0, -150.0, -150.0, -150.0, -150.0, -150.0, -150.0, -150.0, -150.0, -150.0, -150.0, -150.0, -150.0, -150.0, -150.0, -150.0, -150.0, -150.0, -150.0, -150.0, -150.0, -150.0, -150.0, -150.0, -150.0, -150.0, -150.0, -150.0, -150.0, -150.0, -150.0, -61.0, -150.0, -150.0, -150.0, -150.0, -150.0, -150.0, -150.0, -150.0, -150.0, -150.0, -150.0, -150.0, -150.0, -150.0, -150.0, -150.0, -150.0, -150.0, -150.0, -150.0, -150.0, -150.0, -150.0, -150.0, -150.0, -150.0, -150.0, -150.0, -150.0, -150.0, -150.0, -150.0, -150.0, -150.0, -150.0, -99.0, -150.0, -150.0, -150.0],