{"initial_reset_timestamp": 1669786410.9787757, "timestamps": [1669786414.949688, 1669786415.2008684, 1669786415.5728564, 1669786415.9365933, 1669786416.276766, 1669786416.6356575, 1669786419.2109063, 1669786419.5783374, 1669786419.9437358, 1669786420.3033304, 1669786420.6707904, 1669786421.0285776, 1669786421.3788471, 1669786425.0021858, 1669786426.9590645, 1669786429.0016446, 1669786430.837703, 1669786432.6745481, 1669786434.4991097, 1669786436.4605482, 1669786440.4122152, 1669786442.2158408, 1669786443.2394104, 1669786445.1086283, 1669786446.13652, 1669786448.0259993, 1669786449.2102168, 1669786451.07181, 1669786454.830676, 1669786456.734268, 1669786458.69976, 1669786460.6515574, 1669786461.493182, 1669786463.237191, 1669786464.9767334, 1669786468.8356376, 1669786470.650231, 1669786472.6186512, 1669786474.5054514, 1669786476.3929515, 1669786478.2016096, 1669786479.6147158, 1669786483.290279, 1669786484.6521611, 1669786486.494211, 1669786488.3649852, 1669786490.2426147, 1669786492.144486, 1669786494.0507243, 1669786497.830941, 1669786499.6608117, 1669786501.4606645, 1669786503.2577572, 1669786505.1204338, 1669786506.9983714, 1669786510.7223244, 1669786512.586773, 1669786514.4249392, 1669786516.2783735, 1669786518.1947937, 1669786520.105473, 1669786521.9618795, 1669786525.795316, 1669786527.5173237, 1669786529.4112434, 1669786531.2083552, 1669786533.1227286, 1669786535.0320103, 1669786536.8962142, 1669786540.5710707, 1669786542.4382982, 1669786544.3105705, 1669786546.2174122, 1669786548.021143, 1669786549.679227, 1669786553.6101587, 1669786555.463648, 1669786557.3781767, 1669786559.198939, 1669786560.1031466, 1669786562.000397, 1669786563.8766282, 1669786565.7930481, 1669786569.6586394, 1669786571.5270069, 1669786573.4316096, 1669786575.2906861, 1669786577.1134605, 1669786578.9217148, 1669786582.729218, 1669786584.5096433, 1669786586.3038547, 1669786588.1886115, 1669786590.045797, 1669786591.9897516, 1669786593.913266, 1669786597.6933672, 1669786599.642963, 1669786601.588253, 1669786603.459361, 1669786605.4289725, 1669786607.36213, 1669786609.3343604, 1669786613.173693, 1669786615.0430171, 1669786616.906712, 1669786618.7480102, 1669786620.6292453, 1669786622.4984703, 1669786625.648068, 1669786627.3980854, 1669786629.2405884, 1669786631.0739908, 1669786632.8895588, 1669786634.7371356, 1669786636.5768805, 1669786640.4536686, 1669786642.2848496, 1669786644.1591485, 1669786646.0216165, 1669786647.920519, 1669786649.9519894, 1669786651.882345, 1669786655.687506, 1669786657.4497674, 1669786659.2946212, 1669786661.1702983, 1669786663.1064806, 1669786664.9709587, 1669786668.7126224, 1669786670.5947347, 1669786672.3708284, 1669786674.1302738, 1669786675.8838606, 1669786677.8172367, 1669786679.7477512, 1669786683.429843, 1669786685.2058084, 1669786686.9897041, 1669786688.7657146, 1669786690.541691, 1669786692.3729365, 1669786694.1349666, 1669786697.8426871, 1669786699.7107131, 1669786701.5786057, 1669786703.4577434, 1669786705.3280091, 1669786707.1346512, 1669786709.033548, 1669786712.78829, 1669786714.5562341, 1669786716.3034747, 1669786718.1559122, 1669786719.903041, 1669786721.6266174, 1669786725.2648525, 1669786727.112669, 1669786728.3517702, 1669786730.2938955, 1669786732.1824913, 1669786733.9032934, 1669786735.6801307, 1669786736.2564714, 1669786740.2808504, 1669786742.0752194, 1669786743.8361363, 1669786745.7019024, 1669786747.295844, 1669786749.2455053, 1669786749.9549258, 1669786753.685071, 1669786755.5784543, 1669786757.486491, 1669786759.344187, 1669786761.296201, 1669786763.2554321, 1669786765.1335237, 1669786769.024917, 1669786770.8909688, 1669786772.7610729, 1669786774.5472264, 1669786776.2940695, 1669786778.0348194, 1669786779.8564289, 1669786783.6117475, 1669786785.5227864, 1669786787.381618, 1669786789.2625659, 1669786791.211499, 1669786793.0206873, 1669786796.7291818, 1669786798.6686594, 1669786800.60707, 1669786802.4424713, 1669786804.4075723, 1669786806.3129725, 1669786808.2144718, 1669786811.8255439, 1669786813.6514125, 1669786815.463066, 1669786817.2669404], "episode_lengths": [150, 150, 150, 150, 150, 150, 150, 150, 150, 150, 150, 150, 150, 150, 150, 150, 150, 150, 150, 150, 150, 150, 78, 150, 79, 150, 93, 147, 150, 150, 150, 150, 60, 150, 150, 150, 150, 150, 150, 150, 150, 109, 150, 114, 150, 150, 150, 150, 150, 150, 150, 150, 150, 150, 150, 150, 150, 150, 150, 150, 150, 150, 150, 150, 150, 150, 150, 150, 150, 150, 150, 150, 150, 150, 150, 150, 150, 150, 150, 69, 150, 150, 150, 150, 150, 150, 150, 150, 150, 150, 150, 150, 150, 150, 150, 150, 150, 150, 150, 150, 150, 150, 150, 150, 150, 150, 150, 150, 150, 104, 150, 150, 150, 150, 150, 150, 150, 150, 150, 150, 150, 150, 150, 150, 150, 150, 150, 150, 150, 150, 150, 150, 150, 150, 150, 150, 143, 150, 150, 150, 150, 150, 150, 150, 150, 150, 150, 150, 150, 150, 150, 150, 150, 150, 150, 150, 150, 150, 94, 150, 150, 150, 150, 46, 150, 150, 150, 150, 126, 150, 55, 150, 150, 150, 150, 150, 150, 150, 150, 150, 150, 150, 150, 150, 150, 150, 150, 150, 150, 150, 150, 150, 150, 150, 150, 150, 150, 150, 150, 150, 150, 150], "episode_rewards": [-150.0, -150.0, -150.0, -150.0, -150.0, -150.0, -150.0, -150.0, -150.0, -150.0, -150.0, -150.0, -150.0, -150.0, -150.0, -150.0, -150.0, -150.0, -150.0, -150.0, -150.0, -150.0, -77.0, -150.0, -78.0, -150.0, -92.0, -146.0, -150.0, -150.0, -150.0, -150.0, -59.0, -150.0, -150.0, -150.0, -150.0, -150.0, -150.0, -150.0, -150.0, -108.0, -150.0, -113.0, -150.0, -150.0, -150.0, -150.0, -150.0, -150.0, -150.0, -150.0, -150.0, -150.0, -150.0, -150.0, -150.0, -150.0, -150.0, -150.0, -150.0, -150.0, -150.0, -150.0, -150.0, -150.0, -150.0, -150.0, -150.0, -150.0, -150.0, -150.0, -150.0, -150.0, -150.0, -150.0, -150.0, -150.0, -150.0, -68.0, -150.0, -150.0, -150.0, -150.0, -150.0, -150.0, -150.0, -150.0, -150.0, -150.0, -150.0, -150.0, -150.0, -150.0, -150.0, -150.0, -150.0, -150.0, -150.0, -150.0, -150.0, -150.0, -150.0, -150.0, -150.0, -150.0, -150.0, -150.0, -150.0, -103.0, -150.0, -150.0, -150.0, -150.0, -150.0, -150.0, -150.0, -150.0, -150.0, -150.0, -150.0, -150.0, -150.0, -150.0, -150.0, -150.0, -150.0, -150.0, -150.0, -150.0, -150.0, -150.0, -150.0, -150.0, -150.0, -150.0, -142.0, -150.0, -150.0, -150.0, -150.0, -150.0, -150.0, -150.0, -150.0, -150.0, -150.0, -150.0, -150.0, -150.0, -150.0, -150.0, -150.0, -150.0, -150.0, -150.0, -150.0, -150.0, -93.0, -150.0, -150.0, -150.0, -150.0, -45.0, -150.0, -150.0, -150.0, -150.0, -125.0, -150.0, -54.0, -150.0, -150.0, -150.0, -150.0, -150.0, -150.0, -150.0, -150.0, -150.0, -150.0, -150.0, -150.0, -150.0, -150.0, -150.0, -150.0, -150.0, -150.0, -150.0, -150.0, -150.0, -150.0, -150.0, -150.0, -150.0, -150.0, -150.0, -150.0, -150.0, -150.0, -150.0], "episode_types": ["t", "t", "t", "t", "t", "t", "t", "t", "t", "t", "t", "t", "t", "t", "t", "t", "t", "t", "t", "t", "t", "t", "t", "t", "t", "t", "t", "t", "t", "t", "t", "t", "t", "t", "t", "t", "t", "t", "t", "t", "t", "t", "t", "t", "t", "t", "t", "t", "t", "t", "t", "t", "t", "t", "t", "t", "t", "t", "t", "t", "t", "t", "t", "t", "t", "t", "t", "t", "t", "t", "t", "t", "t", "t", "t", "t", "t", "t", "t", "t", "t", "t", "t", "t", "t", "t", "t", "t", "t", "t", "t", "t", "t", "t", "t", "t", "t", "t", "t", "t", "t", "t", "t", "t", "t", "t", "t", "t", "t", "t", "t", "t", "t", "t", "t", "t", "t", "t", "t", "t", "t", "t", "t", "t", "t", "t", "t", "t", "t", "t", "t", "t", "t", "t", "t", "t", "t", "t", "t", "t", "t", "t", "t", "t", "t", "t", "t", "t", "t", "t", "t", "t", "t", "t", "t", "t", "t", "t", "t", "t", "t", "t", "t", "t", "t", "t", "t", "t", "t", "t", "t", "t", "t", "t", "t", "t", "t", "t", "t", "t", "t", "t", "t", "t", "t", "t", "t", "t", "t", "t", "t", "t", "t", "t", "t", "t", "t", "t", "t", "t", "t", "t", "t"]}