{"initial_reset_timestamp": 1669894051.3376703, "timestamps": [1669894051.8441963, 1669894052.0973613, 1669894052.3538563, 1669894052.6037784, 1669894052.8467274, 1669894053.0842557, 1669894053.3225567, 1669894056.3255923, 1669894056.5565186, 1669894056.7875154, 1669894057.025086, 1669894057.1792486, 1669894057.409652, 1669894057.6459723, 1669894057.8746617, 1669894060.9665408, 1669894061.1947618, 1669894061.4263356, 1669894061.654756, 1669894061.885871, 1669894062.1200993, 1669894062.357053, 1669894062.6484578, 1669894078.661162, 1669894078.8926046, 1669894079.1192098, 1669894079.3485036, 1669894079.5773578, 1669894079.8087204, 1669894080.039026, 1669894096.1846113, 1669894096.4196677, 1669894096.6545677, 1669894096.875693, 1669894097.096961, 1669894097.330041, 1669894097.5547132, 1669894113.9046726, 1669894114.1333601, 1669894114.3611083, 1669894114.594296, 1669894114.8215175, 1669894115.0475085, 1669894115.2649536, 1669894131.3729975, 1669894131.6000898, 1669894131.8327868, 1669894132.0640628, 1669894132.28948, 1669894132.5167646, 1669894132.7478871, 1669894148.766987, 1669894148.9979181, 1669894149.228917, 1669894149.4491806, 1669894149.6703603, 1669894149.8883636, 1669894150.111409, 1669894166.327115, 1669894166.528584, 1669894166.7516313, 1669894166.9802756, 1669894167.2100105, 1669894167.4430938, 1669894167.6695592, 1669894183.8063831, 1669894184.0293179, 1669894184.256008, 1669894184.4760206, 1669894184.7009227, 1669894184.9226406, 1669894185.1458292, 1669894201.272646, 1669894201.494264, 1669894201.723947, 1669894201.9517748, 1669894202.1752267, 1669894202.4204872, 1669894202.6579762, 1669894218.278497, 1669894218.5055938, 1669894218.733078, 1669894218.9621134, 1669894219.1892726, 1669894219.4109921, 1669894219.637152, 1669894235.8546526, 1669894236.073714, 1669894236.3027709, 1669894236.5323834, 1669894236.7590113, 1669894236.9870453, 1669894237.2153003, 1669894253.332374, 1669894253.5563855, 1669894253.7824469, 1669894254.0082011, 1669894254.2351823, 1669894254.4596488, 1669894254.6848319, 1669894270.9686353, 1669894271.1997328, 1669894271.4292521, 1669894271.64832, 1669894271.8790607, 1669894272.105795, 1669894272.3281655, 1669894288.525952, 1669894288.7566998, 1669894288.9803245, 1669894289.2046285, 1669894289.4058683, 1669894289.6335604, 1669894289.8683174, 1669894305.8842843, 1669894306.1016548, 1669894306.3310406, 1669894306.562957, 1669894306.7973619, 1669894307.024987, 1669894307.254677, 1669894323.465781, 1669894323.692932, 1669894323.92562, 1669894324.158997, 1669894324.3880064, 1669894324.616748, 1669894324.8489063, 1669894340.9137616, 1669894341.1385934, 1669894341.3206928, 1669894341.54942, 1669894341.8382778, 1669894342.06461, 1669894342.2882562, 1669894342.5167692, 1669894358.6679134, 1669894358.8914084, 1669894359.1148212, 1669894359.3369012, 1669894359.5682845, 1669894359.792529, 1669894360.0203846, 1669894360.2594683, 1669894376.6744847, 1669894376.9060016, 1669894377.057029, 1669894377.2829778, 1669894377.5160484, 1669894377.7470996, 1669894377.979688, 1669894378.2089136, 1669894392.993866, 1669894393.1394362, 1669894393.3701894, 1669894393.5990202, 1669894393.8308747, 1669894394.0594814, 1669894394.2619529, 1669894394.4928663, 1669894409.2014656, 1669894409.4307098, 1669894409.6663764, 1669894409.897465, 1669894410.1175601, 1669894410.3395128, 1669894410.5356677, 1669894425.2137392, 1669894425.441726, 1669894425.666987, 1669894425.8837347, 1669894426.112041, 1669894426.3413117, 1669894426.567867, 1669894441.1820295, 1669894441.4083192, 1669894441.6212144, 1669894441.825457, 1669894442.0503132, 1669894442.2781343, 1669894442.5017755, 1669894442.7199523, 1669894457.360468, 1669894457.5873199, 1669894457.8228498, 1669894458.055471, 1669894458.2813723, 1669894458.511752, 1669894458.747748, 1669894473.7068446, 1669894473.92817, 1669894474.2037902, 1669894474.388696, 1669894474.6102862, 1669894474.83808, 1669894475.0631442, 1669894489.6811914, 1669894489.8249333, 1669894490.053713, 1669894490.2882588, 1669894490.5131567, 1669894490.6395874, 1669894490.862377, 1669894491.0885298, 1669894491.2781615, 1669894506.1178572, 1669894506.345552, 1669894506.5449283, 1669894506.7661664, 1669894506.9863343, 1669894507.2128842, 1669894507.4401677, 1669894522.155576, 1669894522.3796053, 1669894522.6081474, 1669894522.8304129, 1669894523.0047393, 1669894523.2322874, 1669894523.4621549, 1669894523.7052357, 1669894538.338963, 1669894538.5684795, 1669894538.8091516, 1669894539.0395114, 1669894539.2707505, 1669894539.4993474, 1669894539.7347012, 1669894539.9359262, 1669894554.7156048, 1669894554.873267, 1669894555.1002839, 1669894555.332275, 1669894555.6208558, 1669894555.8034036, 1669894555.9612544, 1669894556.1855366, 1669894570.8140242, 1669894571.0396633, 1669894571.254363, 1669894571.4881828, 1669894571.7025197, 1669894571.9403756, 1669894572.1139755, 1669894572.3382008, 1669894587.0583925, 1669894587.292414, 1669894587.518547, 1669894587.7469244, 1669894587.974138, 1669894588.2018762, 1669894588.428279, 1669894603.198689, 1669894603.4286475, 1669894603.6536043, 1669894603.7887719, 1669894604.0112019, 1669894604.240334, 1669894604.471162, 1669894604.6388974, 1669894619.3037372, 1669894619.5252826, 1669894619.6876934, 1669894619.9102802, 1669894620.1332815, 1669894620.285232, 1669894620.5130227, 1669894620.7462268, 1669894635.5921578, 1669894635.819227, 1669894636.0480618, 1669894636.2741678, 1669894636.5588884, 1669894636.7851577, 1669894637.014659, 1669894651.7661893, 1669894651.955505, 1669894652.1905775, 1669894652.4203923, 1669894652.651652, 1669894652.8792684, 1669894653.1080897, 1669894653.2812743, 1669894668.1389842, 1669894668.368235, 1669894668.5981252, 1669894668.827945, 1669894669.0632348, 1669894669.2932103, 1669894669.515509, 1669894683.7340817, 1669894683.9671252, 1669894684.1938953, 1669894684.4216511, 1669894684.653521, 1669894684.8906045, 1669894685.1317623, 1669894685.3573928, 1669894700.1714737, 1669894700.3947108, 1669894700.6244628, 1669894700.8511906, 1669894701.0779326, 1669894701.3120182, 1669894701.4594767, 1669894701.6858823, 1669894716.546969, 1669894716.779626, 1669894716.9944584, 1669894717.2233694, 1669894717.4553208, 1669894717.6838667, 1669894717.915039, 1669894718.1450183, 1669894734.7898097, 1669894735.0176644, 1669894735.2472048, 1669894735.486466, 1669894735.7236347, 1669894735.9711, 1669894736.2178767, 1669894751.809411, 1669894752.033961, 1669894752.3301122, 1669894752.567523, 1669894752.80209, 1669894752.959236, 1669894753.209972, 1669894753.4523067, 1669894769.1272461, 1669894769.3764865, 1669894769.6134856, 1669894769.7748036, 1669894769.99884, 1669894770.2240086, 1669894770.416188, 1669894770.6421885, 1669894785.4915388, 1669894785.7185936, 1669894785.9153495, 1669894786.103346, 1669894786.3302681, 1669894786.5586421, 1669894786.7866535, 1669894786.948321, 1669894801.8358543, 1669894802.061074, 1669894802.283269, 1669894802.5086985, 1669894802.740152, 1669894802.9639704, 1669894803.1822822, 1669894817.614711, 1669894817.8496537, 1669894818.0700562, 1669894818.2549613, 1669894818.4828358, 1669894818.685327, 1669894818.916942, 1669894819.1401737, 1669894833.7716925, 1669894834.0009754, 1669894834.2282794, 1669894834.4512498, 1669894834.6780818, 1669894834.8261623, 1669894835.0945766, 1669894835.3215506, 1669894850.105913, 1669894850.2944367, 1669894850.5078392, 1669894850.735785, 1669894850.9637277, 1669894851.1928315, 1669894851.4224734, 1669894851.6465778],