{"initial_reset_timestamp": 1669894050.2040408, "timestamps": [1669894053.4030116, 1669894053.6488237, 1669894054.0201912, 1669894054.359954, 1669894054.7120805, 1669894055.0429738, 1669894057.9572296, 1669894058.2901464, 1669894058.615676, 1669894058.9461076, 1669894059.2709138, 1669894059.5976686, 1669894059.9207687, 1669894064.0743525, 1669894066.3411503, 1669894068.5918036, 1669894070.8281336, 1669894073.0672636, 1669894075.3322678, 1669894077.5848393, 1669894082.1981854, 1669894084.4539564, 1669894086.7621229, 1669894089.0350144, 1669894091.2852893, 1669894093.64099, 1669894098.3064919, 1669894100.6179821, 1669894102.9255545, 1669894105.2289653, 1669894107.503163, 1669894109.759355, 1669894112.0288513, 1669894116.6901834, 1669894118.9351716, 1669894121.1941566, 1669894123.4624112, 1669894125.7096274, 1669894127.9968405, 1669894130.258159, 1669894134.9167376, 1669894137.1990733, 1669894139.395866, 1669894141.6512299, 1669894143.9046712, 1669894146.165688, 1669894150.8472643, 1669894153.1486945, 1669894155.4366987, 1669894157.7177987, 1669894160.0068064, 1669894162.2773008, 1669894164.550397, 1669894169.1078646, 1669894171.4331658, 1669894173.6906407, 1669894175.9412978, 1669894178.1977413, 1669894180.462778, 1669894182.727616, 1669894187.2882288, 1669894189.552343, 1669894191.8806853, 1669894194.1447458, 1669894196.3978302, 1669894198.6818767, 1669894199.706325, 1669894204.1845427, 1669894206.280567, 1669894208.3717208, 1669894210.6244996, 1669894212.9009728, 1669894215.1926258, 1669894219.8256006, 1669894222.0861807, 1669894224.367575, 1669894226.6299021, 1669894228.9306283, 1669894231.212473, 1669894233.490144, 1669894238.1216257, 1669894240.3023787, 1669894242.5651877, 1669894243.8076918, 1669894246.04976, 1669894247.1267688, 1669894249.404012, 1669894251.683818, 1669894256.0446851, 1669894258.09995, 1669894259.5394793, 1669894261.8829458, 1669894264.1551628, 1669894265.999451, 1669894268.2534552, 1669894272.8447514, 1669894275.120695, 1669894276.9528897, 1669894279.1196856, 1669894280.9967895, 1669894283.2132797, 1669894284.264826, 1669894285.8762574, 1669894290.527554, 1669894292.7681699, 1669894294.4521017, 1669894296.5288239, 1669894298.438407, 1669894300.6780639, 1669894302.9581456, 1669894307.4661493, 1669894309.2283034, 1669894311.4972267, 1669894313.7482584, 1669894316.001714, 1669894317.566235, 1669894319.8147554, 1669894322.0895433, 1669894326.6534436, 1669894328.9088125, 1669894331.1657825, 1669894333.433484, 1669894335.694299, 1669894337.9764953, 1669894338.8294625, 1669894339.8060706, 1669894344.6255088, 1669894346.8647141, 1669894349.1359723, 1669894349.671201, 1669894351.5086706, 1669894353.273021, 1669894354.6503966, 1669894355.5385542, 1669894355.9926612, 1669894360.7454424, 1669894363.0314672, 1669894365.3307517, 1669894367.5999308, 1669894368.3155887, 1669894368.9011414, 1669894369.950976, 1669894371.01133, 1669894372.944452, 1669894373.679796], "episode_lengths": [150, 150, 150, 150, 150, 150, 150, 150, 150, 150, 150, 150, 150, 150, 150, 150, 150, 150, 150, 150, 150, 150, 150, 150, 150, 150, 150, 150, 150, 150, 150, 150, 150, 150, 150, 150, 150, 150, 150, 150, 150, 150, 150, 150, 150, 150, 150, 150, 150, 150, 150, 150, 150, 150, 150, 150, 150, 150, 150, 150, 150, 150, 150, 150, 150, 150, 65, 150, 150, 150, 150, 150, 150, 150, 150, 150, 150, 150, 150, 150, 150, 150, 150, 80, 147, 68, 150, 150, 135, 131, 90, 150, 150, 121, 150, 150, 150, 120, 144, 124, 150, 67, 105, 150, 147, 110, 146, 126, 150, 150, 140, 115, 150, 150, 150, 102, 150, 150, 150, 150, 150, 150, 150, 150, 52, 62, 150, 150, 150, 32, 119, 116, 89, 56, 26, 150, 150, 150, 150, 42, 35, 67, 64, 128, 45], "episode_rewards": [-150.0, -150.0, -150.0, -150.0, -150.0, -150.0, -150.0, -150.0, -150.0, -150.0, -150.0, -150.0, -150.0, -150.0, -150.0, -150.0, -150.0, -150.0, -150.0, -150.0, -150.0, -150.0, -150.0, -150.0, -150.0, -150.0, -150.0, -150.0, -150.0, -150.0, -150.0, -150.0, -150.0, -150.0, -150.0, -150.0, -150.0, -150.0, -150.0, -150.0, -150.0, -150.0, -150.0, -150.0, -150.0, -150.0, -150.0, -150.0, -150.0, -150.0, -150.0, -150.0, -150.0, -150.0, -150.0, -150.0, -150.0, -150.0, -150.0, -150.0, -150.0, -150.0, -150.0, -150.0, -150.0, -150.0, -64.0, -150.0, -150.0, -150.0, -150.0, -150.0, -150.0, -150.0, -150.0, -150.0, -150.0, -150.0, -150.0, -150.0, -150.0, -150.0, -150.0, -79.0, -146.0, -67.0, -150.0, -150.0, -134.0, -130.0, -89.0, -150.0, -150.0, -120.0, -150.0, -150.0, -150.0, -119.0, -143.0, -123.0, -150.0, -66.0, -104.0, -150.0, -146.0, -109.0, -145.0, -125.0, -150.0, -150.0, -139.0, -114.0, -150.0, -150.0, -150.0, -101.0, -150.0, -150.0, -150.0, -150.0, -150.0, -150.0, -150.0, -150.0, -51.0, -61.0, -150.0, -150.0, -150.0, -31.0, -118.0, -115.0, -88.0, -55.0, -25.0, -150.0, -150.0, -150.0, -150.0, -41.0, -34.0, -66.0, -63.0, -127.0, -44.0], "episode_types": ["t", "t", "t", "t", "t", "t", "t", "t", "t", "t", "t", "t", "t", "t", "t", "t", "t", "t", "t", "t", "t", "t", "t", "t", "t", "t", "t", "t", "t", "t", "t", "t", "t", "t", "t", "t", "t", "t", "t", "t", "t", "t", "t", "t", "t", "t", "t", "t", "t", "t", "t", "t", "t", "t", "t", "t", "t", "t", "t", "t", "t", "t", "t", "t", "t", "t", "t", "t", "t", "t", "t", "t", "t", "t", "t", "t", "t", "t", "t", "t", "t", "t", "t", "t", "t", "t", "t", "t", "t", "t", "t", "t", "t", "t", "t", "t", "t", "t", "t", "t", "t", "t", "t", "t", "t", "t", "t", "t", "t", "t", "t", "t", "t", "t", "t", "t", "t", "t", "t", "t", "t", "t", "t", "t", "t", "t", "t", "t", "t", "t", "t", "t", "t", "t", "t", "t", "t", "t", "t", "t", "t", "t", "t", "t", "t", "t"]}