{"initial_reset_timestamp": 1669791227.0239692, "timestamps": [1669791231.1257546, 1669791231.3631015, 1669791231.7031295, 1669791232.0736048, 1669791232.421961, 1669791232.7567332, 1669791233.0723267, 1669791233.410702, 1669791233.747791, 1669791234.0553546, 1669791237.37665, 1669791237.7606359, 1669791238.1029823, 1669791238.4325569, 1669791238.763642, 1669791239.0851755, 1669791239.4061573, 1669791239.725203, 1669791240.038573, 1669791240.349503, 1669791244.7972486, 1669791246.1804438, 1669791247.5809321, 1669791249.0354364, 1669791250.3809717, 1669791251.7306552, 1669791253.0431652, 1669791254.4641595, 1669791255.7969816, 1669791257.1813424, 1669791261.4700053, 1669791262.870286, 1669791264.2075524, 1669791265.487345, 1669791266.462789, 1669791267.886104, 1669791269.2726264, 1669791269.851411, 1669791271.2990098, 1669791272.71898, 1669791277.184985, 1669791278.3571558, 1669791279.6597655, 1669791280.6490512, 1669791281.8456655, 1669791282.9235635, 1669791284.3757339, 1669791285.7395885, 1669791286.7983766, 1669791287.5267825, 1669791288.5906918, 1669791289.9208422, 1669791294.5808098, 1669791296.1466403, 1669791297.6049943, 1669791298.6842854, 1669791300.0749457, 1669791301.5415952, 1669791302.8984082, 1669791304.2124538, 1669791305.0659013, 1669791306.4520087, 1669791307.7925665, 1669791312.2242858, 1669791312.8600054, 1669791313.814638, 1669791314.7015498, 1669791315.8868272, 1669791317.3508847, 1669791317.949388, 1669791319.345677, 1669791320.6848042, 1669791322.058287, 1669791323.4390824, 1669791324.8041432, 1669791329.3069742, 1669791330.391457, 1669791331.7664526, 1669791333.2095377, 1669791334.5523708, 1669791335.8418164, 1669791336.8263125, 1669791337.6146767, 1669791338.9639966, 1669791339.9811203, 1669791340.7186904, 1669791341.8663929, 1669791342.510147, 1669791347.2987247, 1669791348.6200414, 1669791349.9728334, 1669791351.3228323, 1669791352.2553344, 1669791353.6105976, 1669791354.3143702, 1669791355.3780036, 1669791356.7960033, 1669791358.149475, 1669791359.457222, 1669791363.9322646, 1669791365.310207, 1669791366.7042153, 1669791368.0694098, 1669791369.439307, 1669791370.8100996, 1669791372.1808, 1669791373.5226116, 1669791374.8104482, 1669791376.1766727, 1669791380.60355, 1669791381.9843633, 1669791383.3300736, 1669791384.6788063, 1669791386.0050824, 1669791387.348909, 1669791388.6680796, 1669791389.3646357, 1669791390.6860726, 1669791392.0417962, 1669791397.2459822, 1669791398.630904, 1669791399.9813952, 1669791401.27117, 1669791402.483051, 1669791403.7733595, 1669791405.1879451, 1669791406.5590773, 1669791407.9138842, 1669791409.3805528, 1669791414.8081658, 1669791416.1526396, 1669791417.5308857, 1669791418.9211435, 1669791420.3542914, 1669791421.7191806, 1669791423.064124, 1669791424.4569585, 1669791425.8219986, 1669791427.2406979, 1669791431.879029, 1669791433.3454845, 1669791434.7317953, 1669791436.0751886, 1669791437.4105723, 1669791438.90414, 1669791440.267887, 1669791441.6657045, 1669791443.0518925, 1669791444.4238803, 1669791449.6292803, 1669791451.0069947, 1669791452.4448478, 1669791453.8136232, 1669791455.1749141, 1669791456.6130877, 1669791457.9683435, 1669791459.330712, 1669791460.672607, 1669791462.0074081, 1669791467.6098669, 1669791468.9761717, 1669791470.3215928, 1669791471.7219179, 1669791473.1632433, 1669791474.5421433, 1669791475.8746717, 1669791477.2123594, 1669791478.5640619, 1669791479.9388962, 1669791485.2642484, 1669791486.5181344, 1669791487.764204, 1669791489.0349386, 1669791490.3608212, 1669791491.739159, 1669791493.0438583, 1669791494.4630847, 1669791495.776143, 1669791497.0906274, 1669791503.3912609, 1669791504.6862595, 1669791506.0129273, 1669791507.2822034, 1669791508.6067169, 1669791509.8559866, 1669791511.157911, 1669791512.4935818, 1669791513.711308, 1669791515.0217767, 1669791520.8045995, 1669791522.0896435, 1669791523.3281398, 1669791524.5728645, 1669791525.9326365, 1669791527.1781268, 1669791528.4360626, 1669791529.6928616, 1669791531.058563, 1669791532.5139503, 1669791539.394825, 1669791540.9183042, 1669791542.3158367, 1669791543.6859992, 1669791544.9929755, 1669791546.2501717, 1669791547.5584617, 1669791548.880813, 1669791550.1603959, 1669791551.4136004, 1669791557.106928, 1669791558.408555, 1669791559.733657, 1669791561.1811168, 1669791562.6993117, 1669791564.0813606, 1669791565.4077892, 1669791566.8175023, 1669791568.280329, 1669791569.5126102, 1669791574.989406, 1669791576.3213067, 1669791577.5995686, 1669791578.854194, 1669791580.1190052, 1669791581.4131358, 1669791582.720829, 1669791583.9893367, 1669791585.24606, 1669791586.4741228, 1669791592.383154, 1669791593.6471586, 1669791594.978077, 1669791596.2246518, 1669791597.491616, 1669791598.7429757, 1669791600.1008358, 1669791601.4018388, 1669791602.7555184, 1669791604.1145256, 1669791610.6126873, 1669791611.9044135, 1669791613.29776, 1669791614.60102, 1669791615.871463, 1669791617.147015, 1669791618.4156404, 1669791619.6701918, 1669791620.9155505, 1669791622.0748734, 1669791627.4655888, 1669791628.7736135, 1669791630.0513477, 1669791631.3262424, 1669791632.6283958, 1669791633.9077628, 1669791635.1818898, 1669791636.459942, 1669791637.824178, 1669791639.0943398, 1669791645.3939533, 1669791646.7230046, 1669791647.9820082, 1669791649.234176, 1669791650.410922, 1669791651.619892, 1669791652.9342747, 1669791654.2282968, 1669791655.5168512, 1669791656.844001, 1669791663.3741276, 1669791664.6621318, 1669791665.9735835, 1669791667.287596, 1669791668.5896103, 1669791669.8711782, 1669791671.1907678, 1669791672.4947724, 1669791673.7927055, 1669791675.0800054, 1669791681.5260482, 1669791682.8235948, 1669791684.1659436, 1669791685.5219054, 1669791686.8317227, 1669791688.214445, 1669791689.5770032, 1669791690.8943386, 1669791692.161883, 1669791693.5035553, 1669791699.8587496, 1669791701.128736, 1669791702.3895283, 1669791703.6487052, 1669791704.9276266, 1669791706.255247, 1669791707.4828594, 1669791708.767892, 1669791709.9980135, 1669791711.1838505, 1669791717.1705675, 1669791718.531531, 1669791719.7854624, 1669791721.0479693, 1669791722.3600044, 1669791723.6103368, 1669791724.8777688, 1669791726.151211, 1669791727.509464, 1669791728.7618783, 1669791734.9871488, 1669791736.3135185, 1669791737.6551535, 1669791738.958242, 1669791740.282372, 1669791741.5623577, 1669791742.8074389, 1669791744.1014473, 1669791745.374511, 1669791746.6380038, 1669791752.4349625, 1669791753.7363756, 1669791755.048536, 1669791756.3760984, 1669791757.6592145, 1669791758.9528806, 1669791760.2281318, 1669791761.516621, 1669791762.8688972, 1669791764.1787972, 1669791770.7421281, 1669791772.0219946, 1669791773.4369853, 1669791774.7597113, 1669791776.136084, 1669791777.4506702, 1669791778.761894, 1669791780.0485346, 1669791781.354576, 1669791782.6220992, 1669791789.0871363, 1669791790.394592, 1669791791.7406635, 1669791793.1239743, 1669791794.3956194, 1669791795.6767366, 1669791796.9900756, 1669791798.3254235, 1669791799.597885, 1669791800.9101832, 1669791807.3180854, 1669791808.659236, 1669791809.9251668, 1669791811.2728364, 1669791812.5494895, 1669791813.770189, 1669791815.0065644, 1669791816.2513502, 1669791817.4756258, 1669791818.7164102, 1669791824.7416894, 1669791826.019139, 1669791827.2858706, 1669791828.552581, 1669791829.8982458, 1669791831.2812884, 1669791832.6243246, 1669791833.852778, 1669791835.0750823, 1669791836.379713, 1669791842.755503, 1669791844.0404758, 1669791845.2945104, 1669791846.538287, 1669791847.7974167, 1669791849.0464225, 1669791850.3176074, 1669791851.5464866, 1669791852.7840235, 1669791854.0269046, 1669791860.4726126, 1669791861.7601292, 1669791863.0408604, 1669791864.4060116, 1669791865.725194, 1669791867.0126128, 1669791868.3338609, 1669791869.6847377, 1669791871.0585835, 1669791872.4079103, 1669791878.3922734, 1669791879.6046367, 1669791880.9180586, 1669791882.2539637, 1669791883.5859745, 1669791884.9423954, 1669791886.2855885, 1669791887.6042514, 1669791888.9296632, 1669791890.3329234, 1669791897.3977609, 1669791898.766555, 1669791900.1446688, 