{"initial_reset_timestamp": 1669870781.0527935, "timestamps": [1669870785.1355436, 1669870785.4111147, 1669870785.8389528, 1669870786.2314386, 1669870786.593999, 1669870786.9596827, 1669870790.2559285, 1669870790.5945718, 1669870790.9874609, 1669870791.329496, 1669870791.680906, 1669870792.020851, 1669870792.4277287, 1669870796.5324674, 1669870798.7182868, 1669870800.9531586, 1669870803.1359994, 1669870805.352803, 1669870807.6631262, 1669870809.9132261, 1669870814.9134893, 1669870817.2843637, 1669870819.5414321, 1669870821.8431945, 1669870824.0980139, 1669870826.2632751, 1669870831.2346573, 1669870833.393514, 1669870835.530222, 1669870837.8132036, 1669870839.9715981, 1669870842.2503104, 1669870844.6014166, 1669870849.6170466, 1669870851.740031, 1669870853.879773, 1669870856.05128, 1669870858.2866912, 1669870860.5214722, 1669870862.7995229, 1669870867.9791677, 1669870870.1754189, 1669870872.2943099, 1669870873.910192, 1669870876.0186138, 1669870878.1488297, 1669870880.2089546, 1669870884.8728707, 1669870886.569051, 1669870888.578547, 1669870890.188155, 1669870891.368463, 1669870892.079255, 1669870893.092278, 1669870894.5695758, 1669870894.9998395, 1669870895.543582, 1669870896.072383, 1669870897.2550828, 1669870901.1885626, 1669870901.9894688, 1669870902.841115, 1669870904.874943, 1669870906.2971013, 1669870907.4501066, 1669870909.24265, 1669870910.0013871, 1669870911.164678, 1669870911.8989127, 1669870912.8652246, 1669870913.3384542, 1669870914.7276368, 1669870915.6759572, 1669870919.5557098, 1669870921.7518058, 1669870922.8049703, 1669870923.945107, 1669870924.793016, 1669870925.548943, 1669870926.1461709, 1669870927.0503914, 1669870928.5689602, 1669870929.170154, 1669870930.094065, 1669870931.9050424, 1669870932.9003303, 1669870933.2669444, 1669870933.9681563, 1669870937.5235782, 1669870938.7792544, 1669870939.8888264, 1669870940.5674558, 1669870941.0813832, 1669870942.0098867, 1669870943.1216311, 1669870944.4813714, 1669870945.2305262, 1669870946.198158, 1669870947.5023618, 1669870948.2770166, 1669870948.6668718, 1669870949.5467007, 1669870950.9464211, 1669870951.536365, 1669870955.2454803, 1669870956.0551836, 1669870956.9887922, 1669870958.088398, 1669870958.8679748, 1669870959.397114, 1669870960.7091682, 1669870961.411746, 1669870962.3009589, 1669870962.836157, 1669870963.6483397, 1669870964.4556541, 1669870965.0918343, 1669870965.6609073, 1669870966.3929667, 1669870967.1882262, 1669870968.425244, 1669870969.212294, 1669870969.7497685, 1669870973.0303311, 1669870973.8928888, 1669870974.5281844, 1669870975.0725088, 1669870975.860345, 1669870976.759864, 1669870977.7265527, 1669870978.3064394, 1669870978.9176855, 1669870979.66575, 1669870980.2493455, 1669870981.0802271, 1669870981.7311046, 1669870982.6333778, 1669870983.206096, 1669870984.3002279, 1669870984.8277266, 1669870986.0389233, 1669870986.5566933, 1669870987.5889106, 1669870991.0877974, 1669870991.8821063, 1669870992.446114, 1669870993.2817488, 1669870994.6008203, 1669870995.7483854, 1669870996.5694215, 1669870997.0386064, 1669870997.6168215, 1669870998.5482757, 1669870999.2780597, 1669870999.947089, 1669871000.6099384, 1669871001.2814066, 1669871002.0416276, 1669871002.3998616, 1669871003.1013582, 1669871003.609085, 1669871004.1369793, 1669871004.829725, 1669871005.6950746, 1669871006.3145654, 1669871009.6879177, 1669871010.3203566, 1669871010.7995908, 1669871011.4895165, 1669871012.0715628, 1669871012.6324193, 1669871013.2124705, 1669871013.6311781, 1669871014.2670135, 1669871014.8803806, 1669871015.849259, 1669871016.5292842, 1669871016.8790483, 1669871017.325197, 1669871018.012258, 1669871018.594965, 1669871019.1749368, 1669871019.8377705, 1669871020.5234628, 1669871021.0882478, 1669871021.4528663, 1669871021.8921535, 1669871022.4631026, 1669871023.1005337, 1669871023.6723287, 1669871024.259805, 1669871025.1161916, 1669871025.588803, 1669871025.9585152, 1669871029.2114565, 1669871030.0677109, 1669871030.918412, 1669871031.5195065, 1669871032.103669, 1669871032.619933, 1669871033.049254, 1669871033.8073418, 1669871034.9870048, 1669871035.3639915, 1669871036.01392, 1669871036.6687663, 1669871037.5044436, 1669871038.2269287, 1669871038.7182324, 1669871039.1777766, 1669871039.7265017, 1669871040.2577982, 1669871040.78037, 1669871041.3321595, 1669871042.155302, 1669871042.8421617, 1669871043.5573547, 1669871044.2456899, 1669871044.8892186, 1669871048.6352875, 1669871049.0736966, 1669871049.8561802, 1669871050.317745, 1669871051.3583972, 1669871051.8785403, 1669871052.5356345, 1669871053.0786057, 1669871053.6074486, 1669871054.2477016, 1669871054.777427, 1669871055.3918529, 1669871055.736105, 1669871056.28774, 1669871056.644637, 1669871057.1024866, 1669871057.7615578, 1669871058.434655, 1669871059.2156093, 1669871059.980876, 1669871060.3464293, 1669871060.8014617, 1669871061.3533733, 1669871061.8131118, 1669871062.38281, 1669871063.1291413, 1669871063.5905523, 1669871064.0876129, 1669871064.5239956, 1669871065.0643358, 1669871068.552437, 1669871069.182085, 1669871069.8741684, 1669871070.6233885, 1669871071.1705053, 1669871072.338679, 1669871072.8854666, 1669871073.3203106, 1669871073.912352, 1669871074.7255023, 1669871075.4510624, 1669871076.3448377, 1669871076.690141, 1669871077.4226632, 1669871078.0978148, 1669871078.6355603, 1669871079.4277463, 1669871079.8812296, 1669871080.4610937, 1669871080.9513679, 1669871081.3712912, 1669871081.755224, 1669871082.3639588, 1669871082.9908633, 1669871083.6643927, 1669871087.2779317, 1669871087.8525054, 1669871088.4189339, 1669871088.9323947, 1669871089.4923522, 1669871090.0644276, 1669871090.8636549, 1669871091.4363682, 1669871092.160772, 1669871092.9727604, 1669871093.6510541, 1669871094.1214993, 1669871094.646532, 1669871095.1319122, 1669871095.5118647, 1669871096.1495152, 1669871096.776944, 1669871097.2873983, 1669871097.8802807, 1669871098.4149718, 1669871099.0571547, 1669871099.662172, 1669871100.1468015, 1669871100.5117664, 1669871100.9729395, 1669871101.3569002, 1669871101.7128856, 1669871102.2953062, 1669871103.0664363, 1669871106.5640132, 1669871107.3840861, 1669871107.7885232, 1669871108.150005, 1669871108.8571613, 1669871109.617666, 1669871110.269374, 1669871110.71387, 1669871111.252225, 1669871111.764329, 1669871112.5692158, 1669871113.4285896, 1669871113.8500671, 1669871115.3244662, 1669871116.1028361, 1669871116.7139769, 1669871117.280254, 1669871117.8384638, 1669871118.2881513, 1669871118.7456124, 1669871119.2760222, 1669871119.786107, 1669871120.5336587, 1669871120.9755018, 1669871121.5878496, 1669871122.170362, 1669871122.706484], "episode_lengths": [150, 150, 150, 150, 150, 150, 124, 150, 150, 150, 150, 142, 150, 150, 150, 150, 150, 150, 150, 150, 150, 149, 150, 150, 150, 150, 150, 150, 150, 150, 150, 150, 150, 139, 150, 150, 150, 150, 150, 150, 150, 150, 145, 112, 150, 150, 144, 150, 115, 146, 113, 80, 44, 66, 102, 25, 35, 32, 80, 81, 53, 56, 142, 94, 74, 115, 45, 76, 47, 65, 27, 90, 60, 63, 140, 66, 73, 56, 56, 39, 62, 114, 39, 59, 129, 63, 22, 44, 53, 87, 75, 43, 31, 63, 76, 98, 49, 66, 88, 51, 22, 58, 92, 36, 65, 52, 62, 75, 53, 32, 88, 44, 56, 31, 51, 50, 41, 36, 47, 55, 81, 49, 31, 41, 59, 43, 35, 51, 60, 63, 34, 37, 46, 35, 56, 41, 63, 34, 74, 32, 85, 31, 68, 59, 51, 36, 51, 86, 76, 51, 25, 34, 61, 45, 43, 37, 42, 49, 19, 46, 30, 32, 45, 56, 36, 46, 38, 29, 42, 32, 32, 35, 22, 33, 40, 64, 45, 20, 28, 42, 33, 33, 39, 41, 33, 20, 25, 30, 41, 31, 33, 56, 27, 20, 32, 57, 54, 33, 33, 27, 23, 50, 72, 21, 37, 42, 51, 46, 31, 28, 34, 28, 32, 35, 51, 39, 42, 37, 30, 64, 25, 48, 26, 67, 31, 42, 33, 32, 39, 29, 38, 18, 33, 21, 30, 41, 36, 46, 47, 21, 28, 37, 24, 35, 41, 27, 29, 27, 33, 30, 33, 42, 46, 29, 77, 33, 25, 38, 50, 45, 58, 20, 47, 39, 30, 48, 26, 36, 29, 23, 23, 30, 40, 45, 69, 35, 35, 32, 34, 37, 54, 35, 49, 53, 38, 28, 31, 30, 22, 40, 39, 35, 35, 29, 36, 37, 29, 23, 27, 21, 18, 32, 47, 30, 50, 26, 26, 42, 51, 39, 26, 30, 30, 47, 55, 24, 88, 50, 35, 35, 34, 27, 26, 32, 32, 45, 22, 30, 37, 31],