{"initial_reset_timestamp": 1669870782.4798894, "timestamps": [1669870783.3472931, 1669870783.63168, 1669870783.907341, 1669870784.2158947, 1669870784.4897778, 1669870784.7694645, 1669870785.0421011, 1669870788.4186466, 1669870788.6916485, 1669870788.963845, 1669870789.222709, 1669870789.4072428, 1669870789.6724641, 1669870789.948235, 1669870790.2051024, 1669870793.6429076, 1669870793.9057584, 1669870794.1680858, 1669870794.431813, 1669870794.7034712, 1669870794.9846506, 1669870795.273985, 1669870795.615053, 1669870811.6485069, 1669870811.9076562, 1669870812.1566856, 1669870812.435083, 1669870812.693129, 1669870812.9659593, 1669870813.2590406, 1669870829.4599552, 1669870829.727757, 1669870829.9974864, 1669870830.2558098, 1669870830.5139122, 1669870830.7893302, 1669870831.051032, 1669870847.1698859, 1669870847.435514, 1669870847.7228084, 1669870847.98901, 1669870848.2563262, 1669870848.5066702, 1669870848.8225405, 1669870864.820453, 1669870865.103318, 1669870865.3971784, 1669870865.690476, 1669870865.981124, 1669870866.2634292, 1669870866.5310888, 1669870882.0325632, 1669870882.2766838, 1669870882.5184216, 1669870882.7550757, 1669870882.995987, 1669870883.2447534, 1669870883.5110235, 1669870899.242541, 1669870899.4875407, 1669870899.7425947, 1669870900.0021517, 1669870900.2609537, 1669870900.5376759, 1669870900.8798392, 1669870917.384466, 1669870917.651391, 1669870917.9703944, 1669870918.240575, 1669870918.4918272, 1669870918.7738776, 1669870919.1341867, 1669870935.2493284, 1669870935.512444, 1669870935.777156, 1669870936.0453107, 1669870936.3213325, 1669870936.590511, 1669870936.928199, 1669870952.9665465, 1669870953.2310722, 1669870953.5036454, 1669870953.7682593, 1669870954.094478, 1669870954.3349936, 1669870954.6085432, 1669870971.2358553, 1669870971.4860015, 1669870971.7420204, 1669870971.9851663, 1669870972.2438848, 1669870972.5020273, 1669870972.764, 1669870989.2133653, 1669870989.4592855, 1669870989.713278, 1669870989.9735818, 1669870990.245587, 1669870990.5017755, 1669870990.7487795, 1669871007.7781298, 1669871008.0451026, 1669871008.3013601, 1669871008.5552092, 1669871008.8167381, 1669871009.0815592, 1669871009.3590844, 1669871027.4288397, 1669871027.6830685, 1669871027.9241533, 1669871028.1552806, 1669871028.407344, 1669871028.6827652, 1669871028.9452708, 1669871046.828953, 1669871047.105158, 1669871047.382733, 1669871047.652909, 1669871047.9062183, 1669871048.16899, 1669871048.4228272, 1669871066.3574975, 1669871066.6250725, 1669871066.8706021, 1669871067.219719, 1669871067.5116675, 1669871067.8065112, 1669871068.0807257, 1669871085.5800502, 1669871085.8349988, 1669871086.1127021, 1669871086.373991, 1669871086.6249516, 1669871086.8787062, 1669871087.1331143, 1669871104.7183676, 1669871104.995739, 1669871105.2771916, 1669871105.5663571, 1669871105.8861496, 1669871106.230345, 1669871106.5370543, 1669871124.2851837, 1669871124.5352092, 1669871124.7841423, 1669871125.040231, 1669871125.3029613, 1669871125.5703177, 1669871125.8492284, 1669871140.1350439, 1669871140.4037225, 1669871140.7359946, 1669871140.9967139, 1669871141.2557383, 1669871141.5107508, 1669871141.7657092, 1669871156.140896, 1669871156.407358, 1669871156.6687346, 1669871156.924694, 1669871157.1690204, 1669871157.4198208, 1669871157.68297, 1669871171.9912648, 1669871172.2517805, 1669871172.5107057, 1669871172.7613924, 1669871173.0162122, 1669871173.278689, 1669871173.5427513, 1669871187.5591433, 1669871187.8614695, 1669871188.1641636, 1669871188.4357927, 1669871188.6967933, 1669871188.9670894, 1669871189.242767, 1669871203.1066387, 1669871203.372539, 1669871203.6296434, 1669871203.8996346, 1669871204.1648755, 1669871204.4283524, 1669871204.6880326, 1669871219.078331, 1669871219.3351207, 1669871219.5993361, 1669871219.8578117, 1669871220.1273448, 1669871220.4024408, 1669871220.6817625, 1669871235.3992832, 1669871235.6492538, 1669871235.9189394, 1669871236.170454, 1669871236.4166362, 1669871236.6558523, 1669871236.8947766, 1669871251.213003, 1669871251.4694211, 1669871251.7270586, 1669871252.028773, 1669871252.3633687, 1669871252.6132429, 1669871252.8869731, 1669871266.68569, 1669871266.936312, 1669871267.2049215, 1669871267.476945, 1669871267.760646, 1669871268.1025877, 1669871268.3522024, 1669871282.677869, 1669871282.9476354, 1669871283.2201462, 1669871283.5164733, 1669871283.7930791, 1669871284.04228, 1669871284.381162, 1669871299.1357915, 1669871299.4160013, 1669871299.7017696, 1669871299.9700181, 1669871300.2473621, 1669871300.5187495, 1669871300.7873409, 1669871315.48818, 1669871315.7394314, 1669871315.9980536, 1669871316.2573287, 1669871316.5168939, 1669871316.7692127, 1669871317.038435, 1669871331.1279132, 1669871331.3808167, 1669871331.6267023, 1669871331.8688865, 1669871332.1057625, 1669871332.3486032, 1669871332.6251228, 1669871346.5767593, 1669871346.8070009, 1669871347.0421386, 1669871347.2790742, 1669871347.517143, 1669871347.7510371, 1669871347.9844875, 1669871361.239673, 1669871361.4935253, 1669871361.7385442, 1669871361.9846761, 1669871362.306292, 1669871362.5568762, 1669871362.8045614, 1669871376.2689455, 1669871376.5220335, 1669871376.7633739, 1669871377.0039487, 1669871377.2437751, 1669871377.483206, 1669871377.7260718, 1669871391.2288463, 1669871391.4798434, 1669871391.742541, 1669871391.9974666, 1669871392.241339, 1669871392.4865026, 1669871392.7280746, 1669871406.223604, 1669871406.4817202, 1669871406.780894, 1669871407.0458596, 1669871407.2911177, 1669871407.555404, 1669871407.8178744, 1669871422.1163518, 1669871422.39083, 1669871422.6406267, 1669871422.890099, 1669871423.1408944, 1669871423.3850548, 1669871423.6424427, 1669871436.8866816, 1669871437.1294577, 1669871437.3804064, 1669871437.6247542, 1669871437.8728256, 1669871438.1276286, 1669871438.389389, 1669871452.000425, 1669871452.2452526, 1669871452.4853485, 1669871452.7284935, 1669871452.9808295, 1669871453.2335937, 1669871453.48417, 1669871466.5685012, 1669871466.825871, 1669871467.072999, 1669871467.322947, 1669871467.636175, 1669871467.8739467, 1669871468.1140544, 1669871481.4567826, 1669871481.7029572, 1669871481.9431818, 1669871482.2192912, 1669871482.460109, 1669871482.703718, 1669871482.9499955, 1669871495.9219952, 1669871496.1784148, 1669871496.4312077, 1669871496.6764019, 1669871496.9206457, 1669871497.1629465, 1669871497.4120553, 1669871511.3245168, 1669871511.6031682, 1669871511.925008, 1669871512.2339287, 1669871512.5202932, 1669871512.7824275, 1669871513.0417707, 1669871527.3448863, 1669871527.62555, 1669871527.8962486, 1669871528.165748, 1669871528.4215696, 1669871528.6767247, 1669871528.9361243, 1669871543.1684473, 1669871543.415856, 1669871543.665169, 1669871543.9068494, 1669871544.1645315, 1669871544.4093916, 1669871544.6644807, 1669871559.4323714, 1669871559.6711586, 1669871559.9096174, 1669871560.14689, 1669871560.3817403, 1669871560.6252744, 1669871560.8695917, 1669871575.084659, 1669871575.3264165, 1669871575.5704472, 1669871575.8144145, 1669871576.1196513, 1669871576.370356, 1669871576.633327],