{"initial_reset_timestamp": 1669868175.5796041, "timestamps": [1669868181.2544053, 1669868181.4180825, 1669868181.5803175, 1669868181.8171499, 1669868181.9796927, 1669868182.2457454, 1669868182.4760647, 1669868182.7200325, 1669868182.9420912, 1669868183.1646092, 1669868183.4060643, 1669868183.639149, 1669868183.8564157, 1669868184.0725732, 1669868184.3038266, 1669868184.521046, 1669868184.7422426, 1669868185.0353477, 1669868185.2590697, 1669868185.4820774, 1669868190.2780585, 1669868190.4966335, 1669868190.732336, 1669868190.9670339, 1669868191.1956677, 1669868191.4126687, 1669868191.6301122, 1669868191.859492, 1669868192.1008487, 1669868192.3370743, 1669868192.5673416, 1669868192.7901483, 1669868193.0101068, 1669868193.3057878, 1669868193.5198185, 1669868193.7342274, 1669868193.951647, 1669868194.168868, 1669868194.3915427, 1669868194.6263492, 1669868200.1477525, 1669868201.0343156, 1669868201.902863, 1669868202.7856429, 1669868203.666806, 1669868204.564131, 1669868205.4320774, 1669868206.3444426, 1669868207.2579648, 1669868208.238837, 1669868209.1513462, 1669868210.0331006, 1669868210.9178097, 1669868211.8248873, 1669868212.7383928, 1669868213.6787994, 1669868214.5693634, 1669868215.4468427, 1669868216.3295255, 1669868217.2229524, 1669868222.6785781, 1669868223.5127757, 1669868224.3857362, 1669868225.2951682, 1669868226.093437, 1669868227.0659785, 1669868227.8859863, 1669868228.7053387, 1669868229.639633, 1669868230.5128644, 1669868231.4269514, 1669868232.3506174, 1669868233.2754202, 1669868234.1799424, 1669868235.0509326, 1669868235.9212997, 1669868236.6990259, 1669868237.4996905, 1669868238.220064, 1669868239.2039416, 1669868244.5127578, 1669868245.4712052, 1669868246.141501, 1669868246.7564855, 1669868247.2813723, 1669868248.145859, 1669868248.6780722, 1669868249.564254, 1669868250.2627654, 1669868251.1656697, 1669868252.098742, 1669868253.0072267, 1669868253.4053092, 1669868254.1351688, 1669868254.9341793, 1669868255.4830704, 1669868256.0505643, 1669868256.8978198, 1669868257.4481158, 1669868258.3430703, 1669868258.6789591, 1669868259.0435295, 1669868259.6526039, 1669868260.1169474, 1669868260.6603308, 1669868261.123825, 1669868261.4524338, 1669868261.9923408, 1669868262.426537, 1669868263.4298234, 1669868268.5484798, 1669868269.1909144, 1669868269.7430441, 1669868270.1980102, 1669868270.705973, 1669868271.181616, 1669868271.5920467, 1669868272.080234, 1669868272.475945, 1669868273.0532305, 1669868273.589457, 1669868273.9759967, 1669868274.5662851, 1669868275.0575523, 1669868275.9673738, 1669868276.446386, 1669868276.9576719, 1669868277.5569663, 1669868278.1165168, 1669868278.5705678, 1669868278.9902108, 1669868279.3931508, 1669868279.9816136, 1669868280.437923, 1669868280.866317, 1669868281.2636037, 1669868281.7161665, 1669868282.2507703, 1669868282.8082469, 1669868283.4010186, 1669868283.8346539, 1669868284.3426964, 1669868284.7546368, 1669868285.1588619, 1669868285.5303197, 1669868285.8905208, 1669868286.2999895, 1669868286.7625582, 1669868287.1270669, 1669868287.5077446, 1669868287.968655, 1669868288.3932433, 1669868288.8604949, 1669868289.345511], "episode_lengths": [50, 50, 50, 50, 50, 50, 50, 50, 50, 50, 50, 50, 50, 50, 50, 50, 50, 50, 50, 50, 50, 50, 50, 50, 50, 50, 49, 50, 50, 50, 50, 50, 50, 50, 50, 50, 50, 50, 50, 50, 50, 50, 50, 50, 50, 50, 50, 50, 50, 50, 50, 50, 50, 50, 50, 50, 50, 50, 50, 50, 50, 50, 50, 50, 44, 50, 50, 50, 50, 50, 50, 50, 50, 50, 50, 50, 47, 50, 42, 50, 50, 50, 36, 32, 26, 50, 27, 50, 37, 50, 50, 50, 16, 38, 43, 22, 28, 46, 27, 50, 13, 15, 31, 21, 27, 19, 14, 25, 19, 50, 21, 24, 26, 20, 23, 21, 18, 23, 16, 28, 24, 16, 29, 23, 48, 16, 24, 30, 27, 20, 18, 17, 29, 21, 19, 16, 19, 26, 25, 21, 18, 22, 16, 16, 15, 13, 16, 20, 15, 15, 21, 19, 15, 24], "episode_rewards": [-50.0, -50.0, -50.0, -50.0, -50.0, -50.0, -50.0, -50.0, -50.0, -50.0, -50.0, -50.0, -50.0, -50.0, -50.0, -50.0, -50.0, -50.0, -50.0, -50.0, -50.0, -50.0, -50.0, -50.0, -50.0, -50.0, -48.0, -50.0, -50.0, -50.0, -50.0, -50.0, -50.0, -50.0, -50.0, -50.0, -50.0, -50.0, -50.0, -50.0, -50.0, -50.0, -50.0, -50.0, -50.0, -50.0, -50.0, -50.0, -50.0, -50.0, -50.0, -50.0, -50.0, -50.0, -50.0, -50.0, -50.0, -50.0, -50.0, -50.0, -50.0, -50.0, -50.0, -50.0, -43.0, -50.0, -50.0, -50.0, -50.0, -50.0, -50.0, -50.0, -50.0, -50.0, -50.0, -50.0, -46.0, -50.0, -41.0, -50.0, -50.0, -50.0, -35.0, -31.0, -25.0, -50.0, -26.0, -50.0, -36.0, -50.0, -50.0, -50.0, -15.0, -37.0, -42.0, -21.0, -27.0, -45.0, -26.0, -50.0, -12.0, -14.0, -30.0, -20.0, -26.0, -18.0, -13.0, -24.0, -18.0, -50.0, -20.0, -23.0, -25.0, -19.0, -22.0, -20.0, -17.0, -22.0, -15.0, -27.0, -23.0, -15.0, -28.0, -22.0, -47.0, -15.0, -23.0, -29.0, -26.0, -19.0, -17.0, -16.0, -28.0, -20.0, -18.0, -15.0, -18.0, -25.0, -24.0, -20.0, -17.0, -21.0, -15.0, -15.0, -14.0, -12.0, -15.0, -19.0, -14.0, -14.0, -20.0, -18.0, -14.0, -23.0], "episode_types": ["t", "t", "t", "t", "t", "t", "t", "t", "t", "t", "t", "t", "t", "t", "t", "t", "t", "t", "t", "t", "t", "t", "t", "t", "t", "t", "t", "t", "t", "t", "t", "t", "t", "t", "t", "t", "t", "t", "t", "t", "t", "t", "t", "t", "t", "t", "t", "t", "t", "t", "t", "t", "t", "t", "t", "t", "t", "t", "t", "t", "t", "t", "t", "t", "t", "t", "t", "t", "t", "t", "t", "t", "t", "t", "t", "t", "t", "t", "t", "t", "t", "t", "t", "t", "t", "t", "t", "t", "t", "t", "t", "t", "t", "t", "t", "t", "t", "t", "t", "t", "t", "t", "t", "t", "t", "t", "t", "t", "t", "t", "t", "t", "t", "t", "t", "t", "t", "t", "t", "t", "t", "t", "t", "t", "t", "t", "t", "t", "t", "t", "t", "t", "t", "t", "t", "t", "t", "t", "t", "t", "t", "t", "t", "t", "t", "t", "t", "t", "t", "t", "t", "t", "t", "t", "t"]}