{"initial_reset_timestamp": 1669868176.8700337, "timestamps": [1669868177.4025338, 1669868177.612017, 1669868177.8225777, 1669868178.053721, 1669868178.2454238, 1669868178.4291725, 1669868178.618221, 1669868178.813451, 1669868179.0120084, 1669868179.26894, 1669868179.4770489, 1669868179.6867852, 1669868179.8885844, 1669868180.0802293, 1669868180.2739575, 1669868180.4941137, 1669868180.6789296, 1669868180.8622127, 1669868181.0429053, 1669868181.2232187, 1669868186.5537431, 1669868186.7378364, 1669868186.9319444, 1669868187.1163247, 1669868187.3647885, 1669868187.549918, 1669868187.7387438, 1669868187.9227123, 1669868188.1065595, 1669868188.2906725, 1669868188.4724638, 1669868188.6559446, 1669868188.839572, 1669868189.0236826, 1669868189.2083776, 1669868189.3903248, 1669868189.5710943, 1669868189.7538557, 1669868190.0102272, 1669868190.1922164, 1669868195.7362366, 1669868196.003205, 1669868196.1961462, 1669868196.3810503, 1669868196.5683389, 1669868196.7600105, 1669868196.9477944, 1669868197.135626, 1669868197.3273315, 1669868197.519396, 1669868197.7040493, 1669868197.885837, 1669868198.0707402, 1669868198.258017, 1669868198.5241108, 1669868198.7130864, 1669868198.8992698, 1669868199.0856638, 1669868199.2713492, 1669868199.4580011, 1669868218.459555, 1669868218.645726, 1669868218.836306, 1669868219.0188024, 1669868219.1945162, 1669868219.3700323, 1669868219.5503418, 1669868219.7271152, 1669868219.9044611, 1669868220.081848, 1669868220.2578104, 1669868220.5072277, 1669868220.718491, 1669868220.895442, 1669868221.076877, 1669868221.2542899, 1669868221.4327295, 1669868221.6097305, 1669868221.7883055, 1669868221.969853, 1669868240.5840216, 1669868240.7602856, 1669868240.936159, 1669868241.1117215, 1669868241.2880425, 1669868241.4623284, 1669868241.6369846, 1669868241.8876145, 1669868242.0640957, 1669868242.240382, 1669868242.416588, 1669868242.592056, 1669868242.767584, 1669868242.9434261, 1669868243.1294665, 1669868243.3259645, 1669868243.511896, 1669868243.6993265, 1669868243.8743987, 1669868244.051528, 1669868264.6598172, 1669868264.8520973, 1669868265.047938, 1669868265.2270677, 1669868265.415188, 1669868265.5991871, 1669868265.7810977, 1669868266.0376182, 1669868266.2258277, 1669868266.4084995, 1669868266.5866091, 1669868266.7700348, 1669868267.0021164, 1669868267.18811, 1669868267.3804476, 1669868267.5761619, 1669868267.7785196, 1669868267.9671788, 1669868268.1534207, 1669868268.3358922], "episode_lengths": [50, 50, 50, 50, 50, 50, 50, 50, 50, 50, 50, 50, 50, 50, 50, 50, 50, 50, 50, 50, 50, 50, 50, 50, 50, 50, 50, 50, 50, 50, 50, 50, 50, 50, 50, 50, 50, 50, 50, 50, 50, 50, 50, 50, 50, 50, 50, 50, 50, 50, 50, 50, 50, 50, 50, 50, 50, 50, 50, 50, 50, 50, 50, 50, 50, 50, 50, 50, 50, 50, 50, 50, 50, 50, 50, 50, 50, 50, 50, 50, 50, 50, 50, 50, 50, 50, 50, 50, 50, 50, 50, 50, 50, 50, 50, 50, 50, 50, 50, 50, 50, 50, 50, 50, 50, 50, 50, 50, 50, 50, 50, 50, 50, 50, 50, 50, 50, 50, 50, 50], "episode_rewards": [-50.0, -50.0, -50.0, -50.0, -50.0, -50.0, -50.0, -50.0, -50.0, -50.0, -50.0, -50.0, -50.0, -50.0, -50.0, -50.0, -50.0, -50.0, -50.0, -50.0, -50.0, -50.0, -50.0, -50.0, -50.0, -50.0, -50.0, -50.0, -50.0, -50.0, -50.0, -50.0, -50.0, -50.0, -50.0, -50.0, -50.0, -50.0, -50.0, -50.0, -50.0, -50.0, -50.0, -50.0, -50.0, -50.0, -50.0, -50.0, -50.0, -50.0, -50.0, -50.0, -50.0, -50.0, -50.0, -50.0, -50.0, -50.0, -50.0, -50.0, -50.0, -50.0, -50.0, -50.0, -50.0, -50.0, -50.0, -50.0, -50.0, -50.0, -50.0, -50.0, -50.0, -50.0, -50.0, -50.0, -50.0, -50.0, -50.0, -50.0, -50.0, -50.0, -50.0, -50.0, -50.0, -50.0, -50.0, -50.0, -50.0, -50.0, -50.0, -50.0, -50.0, -50.0, -50.0, -50.0, -50.0, -50.0, -50.0, -50.0, -50.0, -50.0, -50.0, -50.0, -50.0, -50.0, -50.0, -50.0, -50.0, -50.0, -50.0, -50.0, -50.0, -50.0, -50.0, -50.0, -50.0, -50.0, -50.0, -50.0], "episode_types": ["t", "t", "t", "t", "t", "t", "t", "t", "t", "t", "t", "t", "t", "t", "t", "t", "t", "t", "t", "t", "t", "t", "t", "t", "t", "t", "t", "t", "t", "t", "t", "t", "t", "t", "t", "t", "t", "t", "t", "t", "t", "t", "t", "t", "t", "t", "t", "t", "t", "t", "t", "t", "t", "t", "t", "t", "t", "t", "t", "t", "t", "t", "t", "t", "t", "t", "t", "t", "t", "t", "t", "t", "t", "t", "t", "t", "t", "t", "t", "t", "t", "t", "t", "t", "t", "t", "t", "t", "t", "t", "t", "t", "t", "t", "t", "t", "t", "t", "t", "t", "t", "t", "t", "t", "t", "t", "t", "t", "t", "t", "t", "t", "t", "t", "t", "t", "t", "t", "t", "t"]}