{"initial_reset_timestamp": 1669794612.9290133, "timestamps": [1669794624.1199598, 1669794624.5424488, 1669794624.9336753, 1669794625.3599083, 1669794625.7852068, 1669794626.6201591, 1669794627.3190928, 1669794627.9653645, 1669794628.5883675, 1669794629.196792, 1669794629.786103, 1669794630.3893945, 1669794631.0152807, 1669794631.621727, 1669794632.2162583, 1669794632.8234527, 1669794633.4050016, 1669794633.9952064, 1669794634.5879745, 1669794635.236046, 1669794646.234058, 1669794646.9760866, 1669794647.585484, 1669794648.2244163, 1669794648.859794, 1669794649.4749374, 1669794650.0802956, 1669794650.6873264, 1669794651.2946951, 1669794651.8963451, 1669794652.4851127, 1669794653.0734563, 1669794653.681554, 1669794654.259406, 1669794654.8403413, 1669794655.5326896, 1669794656.1505032, 1669794656.7069273, 1669794657.2751486, 1669794657.8639653, 1669794670.1190157, 1669794671.4926436, 1669794672.8251195, 1669794674.1792579, 1669794675.4706275, 1669794676.844646, 1669794678.2043262, 1669794679.6238408, 1669794681.1096277, 1669794682.583612, 1669794684.0614595, 1669794685.5563102, 1669794686.9712305, 1669794688.579528, 1669794690.0638814, 1669794691.6333878, 1669794693.0994542, 1669794694.4523816, 1669794695.8291197, 1669794696.976529, 1669794709.332021, 1669794710.72047, 1669794712.1740808, 1669794713.5952194, 1669794714.9434414, 1669794716.3571105, 1669794717.7436006, 1669794719.1525562, 1669794720.47696, 1669794721.795767, 1669794723.0981858, 1669794724.3495388, 1669794725.6541917, 1669794726.9720616, 1669794728.3046005, 1669794729.6443446, 1669794731.0361981, 1669794732.4418802, 1669794733.829387, 1669794735.185867, 1669794748.023498, 1669794749.450992, 1669794750.850533, 1669794752.24532, 1669794753.7684405, 1669794755.349364, 1669794756.9418652, 1669794758.4650915, 1669794760.274264, 1669794761.9474382, 1669794763.6906567, 1669794765.2072186, 1669794766.9311569, 1669794768.542056, 1669794770.1780477, 1669794771.607733, 1669794773.087117, 1669794774.5528533, 1669794775.7627761, 1669794777.3485234, 1669794790.5704875, 1669794792.0229688, 1669794793.5069728, 1669794795.0159068, 1669794796.1838396, 1669794797.4685886, 1669794798.962148, 1669794800.4265137, 1669794802.009762, 1669794802.7048166, 1669794804.4348388, 1669794805.5000055, 1669794806.8201842, 1669794808.1608691, 1669794809.0294683, 1669794810.0746503, 1669794810.8458643, 1669794811.6361954, 1669794812.581659, 1669794813.2956982, 1669794814.0444565, 1669794814.7252414, 1669794815.6890147, 1669794816.3840816, 1669794817.1676598, 1669794818.1545684, 1669794819.131368, 1669794819.8521855, 1669794820.704325, 1669794821.6859567, 1669794822.4912972, 1669794823.451045, 1669794836.2991223, 1669794837.0549219, 1669794837.9583683, 1669794838.800512, 1669794839.8433688, 1669794840.9266694, 1669794842.1896229, 1669794843.1726155, 1669794843.9334807, 1669794845.113943, 1669794845.8264496, 1669794846.9665108, 1669794847.7373796, 1669794848.8145618, 1669794849.705046, 1669794850.4617975, 1669794851.3739858, 1669794852.274015, 1669794853.604206, 1669794854.6342132, 1669794856.0309756, 1669794857.659334, 1669794858.584429, 1669794859.7722337, 1669794860.4531386, 1669794861.5700352, 1669794862.164609, 1669794863.3050437, 1669794864.1823306, 1669794864.9431221, 1669794866.1504197, 1669794867.34212, 1669794868.2002294, 1669794869.1750617, 1669794869.9855084, 1669794882.6249084, 1669794883.416539, 1669794884.5065, 1669794885.2584484, 1669794886.617219, 1669794887.5267375, 1669794888.995862, 1669794890.0926144, 1669794891.1982071, 1669794891.8719766, 1669794892.8417742, 1669794893.9979773, 1669794895.1294763, 1669794895.986412, 1669794897.3364882, 1669794898.0582564, 1669794898.7688391, 1669794899.5082436, 1669794900.7807388, 1669794901.8343196, 1669794902.8552775, 1669794904.2233355, 1669794905.1806278, 1669794906.2305462, 1669794907.627357, 1669794908.4404142, 1669794909.5650303, 1669794910.4739132, 1669794911.243503, 1669794911.8742793, 1669794924.4293616, 1669794925.4137986, 1669794926.4552069, 1669794927.1598163, 1669794928.0547152, 1669794929.4015782, 1669794930.577999, 1669794931.4081721, 1669794932.413542, 1669794933.3340235, 1669794934.268745, 1669794935.2198727, 1669794935.9778078, 1669794937.0840564, 1669794938.0253694, 1669794939.191252, 1669794939.8911023, 1669794940.5408998, 1669794941.4447658, 1669794942.2220578, 1669794942.9961915, 1669794943.673164, 1669794944.32214, 1669794945.107535, 1669794945.8690786, 1669794946.748777, 1669794947.4893656, 1669794948.264523, 1669794949.0843883, 1669794949.710568, 1669794950.5071886, 1669794951.2818153, 1669794951.9680161, 1669794952.7138128, 1669794953.63186, 1669794954.3819556, 1669794955.3088732, 1669794956.271957, 1669794956.9663475, 1669794957.7094421, 1669794958.356151, 1669794959.1229188, 1669794970.3979738, 1669794971.0578918, 1669794971.9044771, 1669794972.813761, 1669794973.5624194, 1669794974.1977105, 1669794975.0528393, 1669794975.8835518, 1669794976.7819433, 1669794977.595065, 1669794978.6260355, 1669794979.5219047, 1669794980.2134147, 1669794981.0411177, 1669794981.7890592, 1669794982.426422, 1669794983.1352026, 1669794983.8706875, 1669794984.5039241, 1669794985.2789502, 1669794985.9676285, 1669794986.651799, 1669794987.344796, 1669794987.9368753, 1669794988.6637793, 1669794989.461643, 1669794990.2110274, 1669794991.0543892, 1669794991.7371874, 1669794992.394872, 1669794993.078636, 1669794993.81717, 1669794994.6778245, 1669794995.3927565, 1669794996.0473485, 1669794996.7125006, 1669794997.5077674, 1669794998.319451, 1669794999.1402097, 1669794999.8646965, 1669795000.5552354, 1669795001.4217274, 1669795002.1365464, 1669795002.8838582, 1669795003.499173, 1669795004.3899055, 1669795005.0408075, 1669795005.8164558, 1669795006.505301, 1669795007.135567, 1669795008.0140653, 1669795019.667655, 1669795020.398399, 1669795021.1674335, 1669795021.892631, 1669795022.7019608, 1669795023.4141676, 1669795024.1197772, 1669795024.8369706, 1669795025.495966, 1669795026.0397508, 1669795026.673593, 1669795027.337977, 1669795027.9894116, 1669795028.6451106, 1669795029.3756416, 1669795030.1527736, 1669795030.8180141, 1669795031.5680764, 1669795032.5748258, 1669795033.3290784, 1669795033.974081, 1669795034.7428362, 1669795035.4654834, 1669795036.0563204, 1669795036.716754, 1669795037.3727121, 1669795038.0985532, 1669795038.8293104, 1669795039.550999, 1669795040.328014, 1669795040.9931362, 1669795041.8216827, 1669795042.466641, 1669795043.128348, 1669795043.9235594, 1669795044.7246761, 1669795045.4930491, 1669795046.0945246, 1669795046.7697344, 1669795047.5749269, 1669795048.2162051, 1669795049.0399902, 1669795049.7532103, 1669795050.3821926, 1669795050.9926832, 1669795051.763166, 1669795052.4552171, 1669795053.0684972, 1669795053.8981593, 1669795054.6327293, 1669795055.453308, 1669795056.2017827, 1669795056.8958752, 1669795057.7007897],