{"initial_reset_timestamp": 1669794614.659561, "timestamps": [1669794615.46745, 1669794615.9050481, 1669794616.3422694, 1669794616.8077934, 1669794617.2753053, 1669794617.720182, 1669794618.1831436, 1669794618.649517, 1669794619.116217, 1669794619.589756, 1669794620.0335047, 1669794620.5525606, 1669794620.9794436, 1669794621.4297786, 1669794621.870083, 1669794622.3287685, 1669794622.7804222, 1669794623.21061, 1669794623.6285827, 1669794624.053454, 1669794637.8243027, 1669794638.2508335, 1669794638.685313, 1669794639.1041374, 1669794639.5279222, 1669794639.9403799, 1669794640.3421984, 1669794640.8242102, 1669794641.2295327, 1669794641.6406817, 1669794642.0565584, 1669794642.4746866, 1669794642.8890858, 1669794643.3228388, 1669794643.7579553, 1669794644.1968145, 1669794644.6598547, 1669794645.0948217, 1669794645.5346036, 1669794645.9867713, 1669794660.6585646, 1669794661.0970418, 1669794661.525465, 1669794662.034309, 1669794662.4590795, 1669794662.8833423, 1669794663.320891, 1669794663.749085, 1669794664.1814227, 1669794664.6105883, 1669794665.0658407, 1669794665.505523, 1669794665.9633472, 1669794666.3860874, 1669794666.824812, 1669794667.2632284, 1669794667.704211, 1669794668.2298934, 1669794668.6740773, 1669794669.1060967, 1669794700.1642408, 1669794700.587861, 1669794701.0217528, 1669794701.4401162, 1669794701.8705378, 1669794702.3278825, 1669794702.7502406, 1669794703.1803377, 1669794703.5698054, 1669794703.9776237, 1669794704.3859682, 1669794704.7923553, 1669794705.19889, 1669794705.6860378, 1669794706.0890477, 1669794706.497234, 1669794706.9047236, 1669794707.3441026, 1669794707.753762, 1669794708.2056613, 1669794708.623856, 1669794738.279134, 1669794738.703387, 1669794739.0686235, 1669794739.4894142, 1669794739.8984427, 1669794740.3224614, 1669794740.7423618, 1669794741.2073236, 1669794741.7246213, 1669794742.141922, 1669794742.5687304, 1669794743.0219128, 1669794743.4603918, 1669794743.878657, 1669794744.3163214, 1669794744.7272458, 1669794745.1012695, 1669794745.5250704, 1669794745.9393485, 1669794746.3554158, 1669794746.7858417, 1669794747.252609, 1669794781.0261223, 1669794781.471447, 1669794782.1028194, 1669794782.791279, 1669794783.2534156, 1669794783.7104378, 1669794784.1579225, 1669794784.6023393, 1669794785.0391004, 1669794785.4822404, 1669794785.9561403, 1669794786.4271224, 1669794786.8780644, 1669794787.3397517, 1669794787.7972052, 1669794788.2557344, 1669794788.8276608, 1669794789.2691085, 1669794789.6932733, 1669794790.142593, 1669794826.685878, 1669794827.1370213, 1669794827.591085, 1669794828.041392, 1669794828.4694223, 1669794828.924183, 1669794829.3543372, 1669794829.7770472, 1669794830.211673, 1669794830.627807, 1669794831.0606763, 1669794831.4994817, 1669794831.9469798, 1669794832.5082748, 1669794832.9470105, 1669794833.3853343, 1669794833.826276, 1669794834.225281, 1669794834.6577625, 1669794835.094764, 1669794835.5333915, 1669794835.9707592, 1669794873.128098, 1669794873.5309238, 1669794873.998408, 1669794874.4359593, 1669794874.8442001, 1669794875.2527206, 1669794875.7401624, 1669794876.1503453, 1669794876.5498695, 1669794876.9908972, 1669794877.4125872, 1669794877.8129518, 1669794878.2425475, 1669794878.671991, 1669794879.0973384, 1669794879.5042639, 1669794879.927339, 1669794880.34986, 1669794880.790286, 1669794881.3223844, 1669794881.749641, 1669794882.1716473, 1669794915.251935, 1669794915.6857474, 1669794916.1052506, 1669794916.6111755, 1669794917.0379822, 1669794917.4482026, 1669794917.8617134, 1669794918.3255684, 1669794918.7794743, 1669794919.191405, 1669794919.6006854, 1669794920.0189152, 1669794920.4809067, 1669794920.952716, 1669794921.3827524, 1669794921.8204737, 1669794922.23784, 1669794922.7644317, 1669794923.2152247, 1669794923.6755269, 1669794924.1149218, 1669794961.8546033, 1669794962.2772534, 1669794962.705389, 1669794963.1939695, 1669794963.6124659, 1669794964.0138898, 1669794964.4412658, 1669794964.8949234, 1669794965.347444, 1669794965.8095696, 1669794966.2346427, 1669794966.6493971, 1669794967.075844, 1669794967.5259693, 1669794967.9904392, 1669794968.4155917, 1669794968.8576214, 1669794969.3730648, 1669794969.7970326, 1669794970.214539, 1669795011.0469441, 1669795011.485388, 1669795011.9029093, 1669795012.3520093, 1669795012.7991617, 1669795013.236482, 1669795013.6666427, 1669795014.0959363, 1669795014.5204792, 1669795015.0152223, 1669795015.431623, 1669795015.8748662, 1669795016.3199747, 1669795016.7590103, 1669795017.19166, 1669795017.6354852, 1669795018.0786028, 1669795018.502669, 1669795018.9491827, 1669795019.4124331], "episode_lengths": [50, 50, 50, 50, 50, 50, 50, 50, 50, 50, 50, 50, 50, 50, 50, 50, 50, 50, 50, 50, 50, 50, 50, 50, 50, 50, 50, 50, 50, 50, 50, 50, 50, 50, 50, 50, 50, 50, 50, 50, 50, 50, 50, 50, 50, 50, 50, 50, 50, 50, 50, 50, 50, 50, 50, 50, 50, 50, 50, 50, 50, 50, 50, 50, 50, 50, 50, 50, 34, 50, 50, 50, 50, 50, 50, 49, 50, 50, 50, 50, 50, 50, 50, 18, 50, 47, 50, 50, 50, 50, 50, 50, 50, 50, 50, 50, 47, 19, 50, 50, 50, 50, 50, 50, 50, 50, 50, 50, 50, 50, 50, 50, 50, 50, 50, 50, 50, 50, 50, 50, 50, 50, 50, 50, 50, 50, 50, 36, 50, 50, 50, 50, 33, 50, 36, 50, 50, 50, 50, 50, 32, 50, 50, 50, 50, 50, 34, 50, 50, 50, 50, 43, 50, 40, 50, 50, 38, 50, 50, 50, 44, 50, 50, 50, 50, 50, 50, 50, 50, 50, 47, 50, 50, 50, 50, 50, 50, 50, 50, 50, 50, 34, 50, 50, 49, 50, 50, 50, 50, 50, 50, 50, 50, 50, 50, 50, 50, 50, 50, 50, 50, 50, 50, 50, 50, 50, 50, 50, 50, 50, 50, 50, 50, 50, 50, 50, 50, 50, 50, 50, 50, 50, 50, 50, 50, 50, 50, 50], "episode_rewards": [-50.0, -50.0, -50.0, -50.0, -50.0, -50.0, -50.0, -50.0, -50.0, -50.0, -50.0, -50.0, -50.0, -50.0, -50.0, -50.0, -50.0, -50.0, -50.0, -50.0, -50.0, -50.0, -50.0, -50.0, -50.0, -50.0, -50.0, -50.0, -50.0, -50.0, -50.0, -50.0, -50.0, -50.0, -50.0, -50.0, -50.0, -50.0, -50.0, -50.0, -50.0, -50.0, -50.0, -50.0, -50.0, -50.0, -50.0, -50.0, -50.0, -50.0, -50.0, -50.0, -50.0, -50.0, -50.0, -50.0, -50.0, -50.0, -50.0, -50.0, -50.0, -50.0, -50.0, -50.0, -50.0, -50.0, -50.0, -50.0, -33.0, -50.0, -50.0, -50.0, -50.0, -50.0, -50.0, -48.0, -50.0, -50.0, -50.0, -50.0, -50.0, -50.0, -50.0, -17.0, -50.0, -46.0, -50.0, -50.0, -50.0, -50.0, -50.0, -50.0, -50.0, -50.0, -50.0, -50.0, -46.0, -18.0, -50.0, -50.0, -50.0, -50.0, -50.0, -50.0, -50.0, -50.0, -50.0, -50.0, -50.0, -50.0, -50.0, -50.0, -50.0, -50.0, -50.0, -50.0, -50.0, -50.0, -50.0, -50.0, -50.0, -50.0, -50.0, -50.0, -50.0, -50.0, -50.0, -35.0, -50.0, -50.0, -50.0, -50.0, -32.0, -50.0, -35.0, -50.0, -50.0, -50.0, -50.0, -50.0, -31.0, -50.0, -50.0, -50.0, -50.0, -50.0, -33.0, -50.0, -50.0, -50.0, -50.0, -42.0, -50.0, -39.0, -50.0, -50.0, -37.0, -50.0, -50.0, -50.0, -43.0, -50.0, -50.0, -50.0, -50.0, -50.0, -50.0, -50.0, -50.0, -50.0, -46.0, -50.0, -50.0, -50.0, -50.0, -50.0, -50.0, -50.0, -50.0, -50.0, -50.0, -33.0, -50.0, -50.0, -48.0, -50.0, -50.0, -50.0, -50.0, -50.0, -50.0, -50.0, -50.0, -50.0, -50.0, -50.0, -50.0, -50.0, -50.0, -50.0, -50.0, -50.0, -50.0, -50.0, -50.0, -50.0, -50.0, -50.0, -50.0, -50.0, -50.0, -50.0, -50.0, -50.0, -50.0, -50.0, -50.0, -50.0, -50.0, -50.0, -50.0, -50.0, -50.0, -50.0, -50.0, -50.0, -50.0, -50.0],