{"initial_reset_timestamp": 1669890845.446305, "timestamps": [1669890848.5598872, 1669890848.8026924, 1669890849.1787531, 1669890849.51952, 1669890849.8558915, 1669890850.173813, 1669890853.090046, 1669890853.4161172, 1669890853.702244, 1669890854.0287552, 1669890854.3506787, 1669890854.6721344, 1669890854.9953682, 1669890858.7193718, 1669890860.9947073, 1669890863.2668273, 1669890865.552666, 1669890867.8205426, 1669890870.0572655, 1669890872.3063495, 1669890876.9109504, 1669890879.1549687, 1669890881.3850415, 1669890883.486009, 1669890885.586931, 1669890887.8043652, 1669890892.3616104, 1669890894.5679677, 1669890896.8066242, 1669890898.9727693, 1669890901.2240598, 1669890903.4713464, 1669890905.7321267, 1669890910.4965622, 1669890912.792505, 1669890915.1461387, 1669890917.4342508, 1669890919.7164643, 1669890921.988881, 1669890924.2283845, 1669890928.8395603, 1669890931.06445, 1669890933.3241599, 1669890935.6038454, 1669890937.8767147, 1669890940.0116532, 1669890944.6741934, 1669890946.9328978, 1669890949.1007223, 1669890950.0163877, 1669890952.2827868, 1669890954.4845889, 1669890956.065278, 1669890957.5368345, 1669890962.2430508, 1669890964.47145, 1669890965.151999, 1669890965.6667988, 1669890967.4445953, 1669890969.570549, 1669890970.1160402, 1669890972.232394, 1669890974.4960756, 1669890975.6062162, 1669890980.4188972, 1669890982.656076, 1669890984.8876219, 1669890987.142047, 1669890989.4137795, 1669890991.732553, 1669890993.997991, 1669890998.7101622, 1669891000.9480326, 1669891003.2019112, 1669891004.1053884, 1669891006.3932142, 1669891008.3218799, 1669891009.077854, 1669891010.3006063, 1669891015.1805985, 1669891017.3900754, 1669891019.6780736, 1669891021.0626626, 1669891023.1580894, 1669891025.2869902, 1669891026.2607002, 1669891027.2535138, 1669891028.8950775, 1669891029.9492528, 1669891033.8069506, 1669891034.508308, 1669891036.763, 1669891037.483251, 1669891038.2932646, 1669891038.8501742, 1669891039.4618185, 1669891040.965447, 1669891042.121605, 1669891043.5230937, 1669891044.6852844, 1669891045.5084581, 1669891046.9987998, 1669891048.1816852, 1669891052.9327586, 1669891054.5044432, 1669891056.416442, 1669891057.0128725, 1669891058.3083816, 1669891059.009764, 1669891059.7727373, 1669891060.293602, 1669891061.266153, 1669891062.7367916, 1669891063.5330877, 1669891064.5761805, 1669891065.768924, 1669891066.497068, 1669891070.498162, 1669891071.306112, 1669891071.9892535, 1669891072.4585974, 1669891073.8028553, 1669891075.124372, 1669891075.6690862, 1669891076.8803968, 1669891077.8729424, 1669891079.077755, 1669891079.6734571, 1669891080.4388373, 1669891081.3990269, 1669891081.9762955, 1669891082.9619436, 1669891083.764919, 1669891084.7446704, 1669891085.6237988, 1669891089.5625775, 1669891090.3461843, 1669891091.291257, 1669891091.8554544, 1669891092.6338336, 1669891093.3157763, 1669891094.0233035, 1669891094.7656922, 1669891095.4643562, 1669891096.0552, 1669891096.8560758, 1669891097.6298885, 1669891098.1495616, 1669891098.9432635, 1669891099.4704196, 1669891099.983112, 1669891100.504503, 1669891101.004043, 1669891101.6378734, 1669891102.1888285, 1669891103.200422, 1669891104.1840897, 1669891108.271086, 1669891108.9124537, 1669891109.728591, 1669891110.1149213, 1669891110.903487, 1669891111.3467543, 1669891112.31049, 1669891112.8781297, 1669891113.8497295, 1669891114.5192664, 1669891114.9453185, 1669891115.4686058, 1669891116.100448, 1669891116.7061517, 1669891117.138075, 1669891117.636553, 1669891118.6098933, 1669891119.1548178, 1669891119.6372788, 1669891120.3936465, 1669891120.8499725, 1669891121.4156203, 1669891122.1963701, 1669891122.6874259, 1669891123.5616953, 1669891124.4008107, 1669891128.7138083, 1669891129.1986654, 1669891130.0335314, 1669891130.8111005, 1669891131.3277876, 1669891131.7526166, 1669891132.2965229, 1669891133.037956, 1669891133.5405204, 1669891133.931629, 1669891134.5175583, 1669891134.9671648, 1669891135.6243002, 1669891136.4338741, 1669891137.1718714, 1669891138.4162095, 1669891139.0513885, 1669891139.6966884, 1669891140.4574354, 1669891141.54419, 1669891142.0775344, 1669891143.1642659, 1669891143.6791723, 1669891144.0464363, 1669891144.5520434, 1669891148.7619612, 1669891149.402235, 1669891149.9679341, 1669891150.6452057, 1669891151.1336412, 1669891151.8272882, 1669891152.36136, 1669891152.9622986, 1669891153.6024356, 1669891154.0922203, 1669891155.1521044, 1669891155.6778693, 1669891156.6078212, 1669891157.0927534, 1669891157.735932, 1669891158.2952414, 1669891159.000191, 1669891159.7574735, 1669891160.3447068, 1669891160.8512404, 1669891161.3413312, 1669891161.8936079, 1669891162.335108, 1669891163.1594906, 1669891163.7527816, 1669891164.2404141, 1669891164.6638453, 1669891169.0907462, 1669891169.6241133, 1669891170.354119, 1669891171.0846102, 1669891171.6644251, 1669891172.2611482, 1669891172.725669, 1669891173.6028008, 1669891174.2269094, 1669891174.9261796, 1669891175.5834165, 1669891176.015243, 1669891176.725275, 1669891177.3715112, 1669891178.0276654, 1669891178.8092933, 1669891179.621187, 1669891180.221639, 1669891180.7412994, 1669891181.2428088, 1669891181.7361805, 1669891182.654013, 1669891183.6120858, 1669891184.169986, 1669891184.8563824], "episode_lengths": [150, 150, 150, 150, 150, 139, 150, 150, 121, 150, 150, 150, 150, 150, 150, 150, 150, 150, 150, 150, 150, 150, 150, 150, 150, 150, 150, 150, 150, 150, 150, 150, 150, 150, 150, 150, 150, 150, 150, 150, 150, 150, 149, 150, 150, 150, 150, 150, 143, 57, 150, 150, 103, 95, 150, 150, 42, 30, 118, 150, 36, 150, 150, 70, 150, 150, 150, 150, 150, 150, 150, 150, 150, 150, 56, 150, 127, 46, 83, 144, 150, 150, 90, 140, 141, 62, 62, 109, 66, 61, 44, 150, 43, 50, 33, 37, 98, 77, 100, 75, 52, 95, 74, 124, 103, 126, 36, 84, 43, 47, 29, 57, 97, 48, 64, 75, 44, 67, 55, 43, 31, 91, 84, 32, 82, 65, 82, 35, 47, 61, 35, 63, 50, 69, 55, 59, 49, 60, 34, 50, 42, 44, 46, 43, 38, 48, 48, 27, 50, 31, 30, 31, 29, 38, 33, 65, 63, 58, 39, 54, 21, 49, 25, 61, 34, 62, 41, 24, 31, 38, 37, 24, 29, 62, 32, 31, 46, 26, 33, 48, 28, 50, 52, 40, 28, 52, 49, 30, 24, 33, 43, 29, 21, 35, 25, 39, 49, 45, 79, 38, 39, 47, 69, 32, 70, 32, 21, 30, 35, 41, 34, 43, 29, 45, 32, 40, 39, 29, 74, 32, 58, 28, 39, 33, 44, 47, 37, 33, 31, 32, 25, 51, 35, 28, 23, 23, 31, 45, 45, 33, 35, 26, 55, 38, 43, 40, 24, 44, 39, 41, 48, 51, 35, 30, 29, 28, 58, 60, 32, 42],