{"initial_reset_timestamp": 1669787537.7060902, "timestamps": [1669787540.463411, 1669787540.7159052, 1669787541.1082084, 1669787541.4537866, 1669787541.819809, 1669787542.1818674, 1669787544.6311464, 1669787545.0105388, 1669787545.42424, 1669787545.8204072, 1669787546.2235215, 1669787546.624851, 1669787547.0070875, 1669787550.7449389, 1669787552.6734054, 1669787554.5904546, 1669787556.5979705, 1669787558.6126173, 1669787560.5884218, 1669787562.6106899, 1669787566.7043533, 1669787568.5695503, 1669787570.6687248, 1669787572.6963048, 1669787574.6439605, 1669787576.6361492, 1669787580.5882392, 1669787582.4465775, 1669787584.4569676, 1669787586.4242456, 1669787588.408889, 1669787590.509612, 1669787592.4953387, 1669787596.6660686, 1669787598.7561467, 1669787600.668291, 1669787602.4946153, 1669787604.4326923, 1669787606.4796188, 1669787608.4511564, 1669787612.5423696, 1669787614.4510057, 1669787616.4296684, 1669787618.4450872, 1669787620.420582, 1669787622.4400024, 1669787626.7668662, 1669787628.6929886, 1669787630.7221494, 1669787632.721687, 1669787634.780615, 1669787636.8845725, 1669787638.892263, 1669787643.114769, 1669787645.0645015, 1669787647.0418591, 1669787649.0034776, 1669787650.9951315, 1669787652.926295, 1669787654.9013412, 1669787659.0295224, 1669787660.9907286, 1669787662.9830568, 1669787664.9394758, 1669787666.9258473, 1669787668.7943294, 1669787672.9588234, 1669787674.799847, 1669787676.8110945, 1669787678.6475048, 1669787680.418506, 1669787682.1397176, 1669787683.8850064, 1669787687.735947, 1669787689.4980528, 1669787691.309363, 1669787693.0841167, 1669787694.8676865, 1669787696.6717618, 1669787698.505018, 1669787702.3833435, 1669787704.1104221, 1669787705.904013, 1669787707.680826, 1669787709.4387734, 1669787711.1986375, 1669787715.0962117, 1669787716.842097, 1669787718.617048, 1669787720.3455596, 1669787722.1132476, 1669787723.826759, 1669787725.6137533, 1669787729.4321008, 1669787731.168579, 1669787733.0049648, 1669787734.7710226, 1669787736.5370421, 1669787738.3515084, 1669787740.1902304, 1669787744.349921, 1669787746.2436533, 1669787747.4544127, 1669787749.384228, 1669787751.2986174, 1669787753.1742094, 1669787755.0859008, 1669787759.1900744, 1669787761.1263826, 1669787763.106948, 1669787765.0769968, 1669787766.9874344, 1669787768.9171891, 1669787773.2046003, 1669787775.0745826, 1669787777.0230603, 1669787778.948304, 1669787780.927861, 1669787782.8381214, 1669787784.8380923, 1669787790.1459012, 1669787792.0424318, 1669787793.9757159, 1669787796.0109413, 1669787797.9762082, 1669787799.8908303, 1669787801.7873015, 1669787806.1597095, 1669787808.0301108, 1669787810.0970657, 1669787811.947673, 1669787813.8673475, 1669787814.9660518, 1669787817.0362148, 1669787822.7895987, 1669787824.6690485, 1669787826.4219675, 1669787827.813128, 1669787829.6303666, 1669787831.5413415, 1669787833.306333, 1669787836.9860368, 1669787838.8562386, 1669787840.6238809, 1669787842.4056041, 1669787844.1822083, 1669787846.0957398, 1669787847.9647262, 1669787851.8770452, 1669787853.705835, 1669787855.1760733, 1669787857.0742118, 1669787858.868906, 1669787860.6492493, 1669787862.6540668, 1669787868.433489, 1669787870.2689495, 1669787871.6750169, 1669787873.4777844, 1669787875.2818265, 1669787877.096772, 1669787878.9181013, 1669787883.3828402, 1669787885.2223096, 1669787887.0676312, 1669787888.85041, 1669787890.6848948, 1669787892.5179496, 1669787897.493554, 1669787899.3260365, 1669787900.9726794, 1669787902.7552848, 1669787904.529073, 1669787906.2917564, 1669787908.1019728, 1669787912.500141, 1669787914.2418647, 1669787915.9807398, 1669787917.7173812, 1669787919.293747, 1669787920.971326, 1669787922.679127, 1669787928.2048268, 1669787930.1916134, 1669787931.9031365, 1669787933.6880376, 1669787935.5055883, 1669787937.3872674, 1669787942.8061624, 1669787944.6317694, 1669787946.5186949, 1669787948.3737705, 1669787950.2007, 1669787952.044992, 1669787953.746159, 1669787960.0284474, 1669787961.9328933, 1669787963.8340924, 1669787965.7244194, 1669787967.6051822, 1669787969.4303849, 1669787971.3699808, 1669787976.5328748, 1669787978.4477735, 1669787980.3791018, 1669787982.2017155, 1669787984.0543826, 1669787985.8693354, 1669787991.413768, 1669787993.2689037, 1669787995.1251547, 1669787996.9483502, 1669787998.7245092, 1669788000.6022575, 1669788002.4764614, 1669788006.5769305, 1669788008.4243257, 1669788010.1576574, 1669788011.8736265, 1669788013.652565, 1669788015.5129836, 1669788017.2891245, 1669788022.7648501, 1669788024.5792875, 1669788026.4145613, 1669788028.277138, 1669788030.0985267, 1669788031.9954634, 1669788037.7571254, 1669788039.5262444, 1669788041.373446, 1669788043.2730422, 1669788045.1997294, 1669788047.1087654, 1669788048.9882295, 1669788054.1646936, 1669788056.0297499, 1669788057.800405, 1669788059.6430483, 1669788061.4817016, 1669788063.2838714, 1669788065.052678, 1669788070.519017, 1669788072.3261726, 1669788074.2074046, 1669788076.026504, 1669788077.89608, 1669788079.7140694, 1669788085.5615718, 1669788087.4268339, 1669788089.2493775, 1669788091.18084, 1669788092.9493191, 1669788094.8018038, 1669788096.6671464, 1669788102.2104568, 1669788104.0320876, 1669788105.899499, 1669788107.721088, 1669788109.4315279, 1669788110.6656926, 1669788112.4254942, 1669788117.9640613, 1669788119.8220763, 1669788121.6371238, 1669788123.4091935, 1669788125.246689, 1669788127.125084, 1669788128.931302, 1669788134.6681664, 1669788136.468687, 1669788138.3139555, 1669788140.1224864, 1669788140.881183, 1669788142.7303247, 1669788144.568589, 1669788150.332726, 1669788152.1738605, 1669788153.9475782, 1669788155.6895783, 1669788157.3879342, 1669788159.1439779, 1669788160.8562727, 1669788166.3597655, 1669788168.219602, 1669788170.1544733, 1669788172.0002801, 1669788173.7761173, 1669788175.513224, 1669788180.570316, 1669788182.430695, 1669788184.25562, 1669788186.0627625, 1669788187.9000685, 1669788189.7156243, 1669788191.3831754, 1669788196.0675664, 1669788197.8136842, 1669788199.5985558, 1669788201.412131, 1669788203.1702924, 1669788204.9736254, 1669788206.740768, 1669788212.4655554, 1669788214.2672353, 1669788216.085012, 1669788217.9219406, 1669788219.707586, 1669788221.5500631, 1669788227.1552355, 1669788229.159119, 1669788231.1534095, 1669788233.10385, 1669788234.9621005, 1669788236.8145752, 1669788238.6441538, 1669788244.2870917, 1669788246.1593604, 1669788247.9254541, 1669788249.6853328, 1669788251.429368, 1669788253.3691988, 1669788255.1695504, 1669788260.5476246, 1669788262.3433623, 1669788264.168445, 1669788266.0144215, 1669788267.9332244, 1669788269.6977856, 1669788275.638428, 1669788277.460501, 1669788279.3259203, 1669788281.1449513, 1669788282.9795988, 1669788284.791622, 1669788286.5914562],