{"initial_reset_timestamp": 1669882998.5836997, "timestamps": [1669883001.828128, 1669883002.0953784, 1669883002.4560988, 1669883002.7876842, 1669883003.1171143, 1669883003.44431, 1669883006.336026, 1669883006.6591198, 1669883006.9821258, 1669883007.30924, 1669883007.6385748, 1669883007.9585984, 1669883008.276102, 1669883012.2040195, 1669883014.1161404, 1669883015.9881916, 1669883017.9468088, 1669883019.859755, 1669883021.755655, 1669883023.6720943, 1669883027.9893944, 1669883029.890393, 1669883031.77544, 1669883033.3021977, 1669883035.2324555, 1669883037.2599413, 1669883041.5722196, 1669883043.4636269, 1669883045.3427103, 1669883047.236142, 1669883049.127008, 1669883051.011239, 1669883052.8550725, 1669883057.1790867, 1669883059.0873744, 1669883060.220914, 1669883062.035114, 1669883063.9156892, 1669883065.822763, 1669883067.7275789, 1669883072.0678349, 1669883073.9556708, 1669883075.8548393, 1669883077.7435932, 1669883079.5914629, 1669883081.4851375, 1669883083.2468712, 1669883087.294635, 1669883089.236102, 1669883091.1284451, 1669883093.0507572, 1669883094.9567442, 1669883096.830934, 1669883097.5500882, 1669883098.2317767, 1669883101.770972, 1669883103.6354299, 1669883105.4590218, 1669883107.355425, 1669883109.239379, 1669883111.1396463, 1669883112.2903752, 1669883113.288191, 1669883117.2081752, 1669883118.0847452, 1669883118.5876818, 1669883119.4672115, 1669883120.5426807, 1669883121.0064397, 1669883121.6671305, 1669883122.0973747, 1669883123.351024, 1669883124.3583188, 1669883125.2673311, 1669883127.1522732, 1669883129.0954392, 1669883133.6366506, 1669883135.5470726, 1669883137.4393127, 1669883139.3398743, 1669883141.2304478, 1669883141.9711375, 1669883142.7843428, 1669883143.3588247, 1669883148.2985559, 1669883149.8679593, 1669883151.754939, 1669883153.6512647, 1669883155.453713, 1669883157.3353271, 1669883159.2700505, 1669883163.8981152, 1669883165.7707539, 1669883166.5501537, 1669883168.4391925, 1669883168.9434175, 1669883170.8946433, 1669883171.9555724, 1669883172.7518132, 1669883173.7938392, 1669883175.2194593, 1669883175.9872582, 1669883179.523788, 1669883181.0997236, 1669883182.362819, 1669883183.1384137, 1669883183.668287, 1669883184.2355425, 1669883186.1218705, 1669883187.8100278, 1669883189.699811, 1669883191.0789292, 1669883195.727528, 1669883196.427983, 1669883197.9722266, 1669883199.829395, 1669883200.9913855, 1669883202.0503705, 1669883203.5357578, 1669883204.8679707, 1669883205.7799783, 1669883206.600029, 1669883207.5019605, 1669883211.4661322, 1669883212.3907433, 1669883213.443633, 1669883214.2553139, 1669883214.6696153, 1669883215.9586546, 1669883216.9029613, 1669883217.9128878, 1669883218.754242, 1669883219.8294346, 1669883220.9943707, 1669883221.6617465, 1669883222.1631222, 1669883222.897006, 1669883223.6597376, 1669883227.9193523, 1669883229.3437562, 1669883230.1430316, 1669883230.9833457, 1669883231.82763, 1669883232.5788646, 1669883233.1833115, 1669883233.8156054, 1669883234.2913682, 1669883235.2678132, 1669883236.197192, 1669883236.607137, 1669883237.2396152, 1669883237.680017, 1669883238.0558195, 1669883238.5395489, 1669883240.0359337, 1669883244.2831693, 1669883245.1166995, 1669883246.0286415, 1669883246.7531438, 1669883247.3901272, 1669883248.2483013, 1669883248.6287422, 1669883249.1314878, 1669883249.80383, 1669883250.9188917, 1669883252.3842108, 1669883252.8631046, 1669883253.5198941, 1669883253.976372, 1669883254.779847, 1669883255.3359916, 1669883255.7267132, 1669883259.7438493, 1669883260.1816814, 1669883260.6550877, 1669883261.312128, 1669883261.9389634, 1669883262.475375, 1669883263.0275686, 1669883263.4962313, 1669883264.0649889, 1669883265.1605127, 1669883265.6452084, 1669883266.0392098, 1669883266.431019, 1669883266.914161, 1669883267.6482942, 1669883268.3916845, 1669883269.1766624, 1669883269.945688, 1669883270.3792214, 1669883270.9551785, 1669883271.463383, 1669883271.8557167, 1669883272.3788307, 1669883272.8191535, 1669883273.252831, 1669883277.1648374, 1669883277.8042657, 1669883278.194825, 1669883278.7172797, 1669883279.603446, 1669883280.07647, 1669883281.3594716, 1669883281.9090056, 1669883282.7835722, 1669883283.476312, 1669883284.0886304, 1669883284.7163029, 1669883285.5774684, 1669883286.136664, 1669883286.6976328, 1669883287.1158512, 1669883287.9404972, 1669883288.5984411, 1669883289.4276893, 1669883289.8957357, 1669883290.2917812, 1669883291.1314485, 1669883291.5486214], "episode_lengths": [150, 150, 150, 150, 150, 150, 150, 150, 150, 150, 150, 150, 150, 150, 150, 150, 150, 150, 150, 150, 150, 150, 150, 117, 150, 150, 150, 150, 150, 150, 150, 150, 150, 150, 150, 92, 150, 150, 150, 150, 150, 150, 150, 150, 150, 150, 150, 150, 150, 150, 150, 150, 150, 53, 50, 94, 150, 150, 150, 150, 150, 89, 76, 115, 66, 35, 67, 83, 32, 48, 29, 97, 77, 69, 150, 150, 150, 150, 150, 150, 150, 55, 58, 41, 150, 123, 150, 150, 150, 150, 150, 150, 150, 58, 150, 35, 150, 81, 58, 80, 112, 57, 38, 125, 97, 60, 44, 42, 150, 133, 150, 104, 149, 50, 119, 150, 89, 78, 115, 103, 68, 60, 74, 63, 71, 81, 62, 28, 101, 71, 77, 64, 83, 90, 50, 40, 51, 56, 122, 112, 63, 62, 64, 53, 43, 47, 32, 74, 64, 27, 45, 29, 24, 33, 116, 90, 60, 65, 51, 54, 75, 29, 39, 50, 84, 114, 36, 47, 38, 71, 45, 32, 54, 38, 42, 49, 43, 37, 38, 32, 40, 84, 32, 24, 25, 32, 48, 54, 58, 56, 29, 41, 35, 27, 36, 30, 29, 31, 42, 23, 33, 61, 29, 92, 37, 63, 49, 42, 43, 61, 37, 38, 26, 58, 41, 59, 31, 25, 58, 27], "episode_rewards": [-150.0, -150.0, -150.0, -150.0, -150.0, -150.0, -150.0, -150.0, -150.0, -150.0, -150.0, -150.0, -150.0, -150.0, -150.0, -150.0, -150.0, -150.0, -150.0, -150.0, -150.0, -150.0, -150.0, -116.0, -150.0, -150.0, -150.0, -150.0, -150.0, -150.0, -150.0, -150.0, -150.0, -150.0, -150.0, -91.0, -150.0, -150.0, -150.0, -150.0, -150.0, -150.0, -150.0, -150.0, -150.0, -150.0, -150.0, -150.0, -150.0, -150.0, -150.0, -150.0, -150.0, -52.0, -49.0, -93.0, -150.0, -150.0, -150.0, -150.0, -150.0, -88.0, -75.0, -114.0, -65.0, -34.0, -66.0, -82.0, -31.0, -47.0, -28.0, -96.0, -76.0, -68.0, -150.0, -150.0, -150.0, -150.0, -150.0, -150.0, -150.0, -54.0, -57.0, -40.0, -150.0, -122.0, -150.0, -150.0, -150.0, -150.0, -150.0, -150.0, -150.0, -57.0, -150.0, -34.0, -150.0, -80.0, -57.0, -79.0, -111.0, -56.0, -37.0, -124.0, -96.0, -59.0, -43.0, -41.0, -150.0, -132.0, -150.0, -103.0, -148.0, -49.0, -118.0, -150.0, -88.0, -77.0, -114.0, -102.0, -67.0, -59.0, -73.0, -62.0, -70.0, -80.0, -61.0, -27.0, -100.0, -70.0, -76.0, -63.0, -82.0, -89.0, -49.0, -39.0, -50.0, -55.0, -121.0, -111.0, -62.0, -61.0, -63.0, -52.0, -42.0, -46.0, -31.0, -73.0, -63.0, -26.0, -44.0, -28.0, -23.0, -32.0, -115.0, -89.0, -59.0, -64.0, -50.0, -53.0, -74.0, -28.0, -38.0, -49.0, -83.0, -113.0, -35.0, -46.0, -37.0, -70.0, -44.0, -31.0, -53.0, -37.0, -41.0, -48.0, -42.0, -36.0, -37.0, -31.0, -39.0, -83.0, -31.0, -23.0, -24.0, -31.0, -47.0, -53.0, -57.0, -55.0, -28.0, -40.0, -34.0, -26.0, -35.0, -29.0, -28.0, -30.0, -41.0, -22.0, -32.0, -60.0, -28.0, -91.0, -36.0, -62.0, -48.0, -41.0, -42.0, -60.0, -36.0, -37.0, -25.0, -57.0, -40.0, -58.0, -30.0, -24.0, -57.0, -26.0],