{"initial_reset_timestamp": 1669767414.501612, "timestamps": [1669767417.403351, 1669767417.65712, 1669767418.0409644, 1669767418.3939772, 1669767418.7378764, 1669767419.07472, 1669767421.533228, 1669767421.8722153, 1669767422.2101772, 1669767422.5554953, 1669767422.9014277, 1669767423.2563283, 1669767423.5490084, 1669767426.5888517, 1669767428.3708432, 1669767430.0799398, 1669767431.8294258, 1669767433.4456143, 1669767435.134415, 1669767436.9979928, 1669767440.9388614, 1669767442.6494262, 1669767444.463508, 1669767446.321268, 1669767448.0830197, 1669767449.9055593, 1669767453.8203318, 1669767455.634688, 1669767457.415038, 1669767459.1881862, 1669767460.9482875, 1669767462.7104025, 1669767464.5631855, 1669767468.3735504, 1669767470.1823096, 1669767471.9754539, 1669767473.832646, 1669767475.5571446, 1669767477.2709742, 1669767479.0531557, 1669767482.8615534, 1669767484.8281357, 1669767486.796151, 1669767488.6479201, 1669767490.6610143, 1669767492.5431998, 1669767494.5608351, 1669767498.55877, 1669767500.3542683, 1669767502.1089792, 1669767503.9165845, 1669767505.615188, 1669767507.207851, 1669767511.318795, 1669767513.0250342, 1669767514.837182, 1669767516.6206815, 1669767518.3939023, 1669767520.1744778, 1669767522.0197039, 1669767526.2417185, 1669767528.010338, 1669767529.7590103, 1669767531.538696, 1669767533.3343647, 1669767535.118398, 1669767536.8974876, 1669767540.5647616, 1669767542.2984576, 1669767543.994154, 1669767545.7818532, 1669767547.6153834, 1669767549.366535, 1669767553.0515635, 1669767554.7995632, 1669767556.5286083, 1669767558.2995052, 1669767560.0894582, 1669767561.8662658, 1669767563.6434839, 1669767568.1849604, 1669767569.859511, 1669767571.6917622, 1669767573.406205, 1669767575.1380394, 1669767576.8654048, 1669767578.5545206, 1669767583.20242, 1669767585.0596457, 1669767586.711659, 1669767588.3777683, 1669767590.1305032, 1669767591.99225, 1669767596.1513326, 1669767597.9721792, 1669767599.8497527, 1669767601.397173, 1669767603.2047834, 1669767605.1634247, 1669767606.919606, 1669767611.8519874, 1669767613.6452992, 1669767615.4685519, 1669767617.2416525, 1669767619.074813, 1669767620.8984158, 1669767622.680907, 1669767627.7779717, 1669767629.5357404, 1669767631.2663133, 1669767633.028207, 1669767634.8229587, 1669767636.6030424, 1669767638.3424456, 1669767643.1479633, 1669767644.9061565, 1669767646.561297, 1669767648.3529978, 1669767650.1500483, 1669767651.910757, 1669767656.852148, 1669767658.6778145, 1669767660.478171, 1669767662.2838483, 1669767664.0628593, 1669767665.8479838, 1669767667.6583288, 1669767672.846623, 1669767674.654676, 1669767676.5331361, 1669767678.6538613, 1669767680.5469143, 1669767682.3092203, 1669767684.066876, 1669767689.133215, 1669767690.8983934, 1669767692.7323735, 1669767694.6663864, 1669767696.6724875, 1669767698.5172203, 1669767703.363207, 1669767705.2285209, 1669767706.2753084, 1669767708.022815, 1669767709.7543993, 1669767711.5990577, 1669767713.340895, 1669767718.5967808, 1669767719.8729517, 1669767721.6748245, 1669767723.4552848, 1669767725.1581717, 1669767726.9790025, 1669767728.7368698, 1669767733.1512992, 1669767734.9854667, 1669767736.8371482, 1669767738.8097744, 1669767740.6772633, 1669767742.7746418, 1669767744.735008, 1669767748.4111917, 1669767750.224226, 1669767752.0498993, 1669767753.2895539, 1669767755.0144138, 1669767756.7059107, 1669767758.3899326, 1669767763.0466707, 1669767764.7553954, 1669767766.507113, 1669767768.2255864, 1669767769.9765294, 1669767771.751496, 1669767773.5709493, 1669767778.8468308, 1669767780.5876281, 1669767782.3648896, 1669767784.0705044, 1669767785.7473555, 1669767787.13022, 1669767788.7759416, 1669767793.6109512, 1669767794.326402, 1669767796.1225069, 1669767797.8439589, 1669767799.5397503, 1669767801.2533529, 1669767803.0216653, 1669767808.1816845, 1669767809.7333865, 1669767811.4385715, 1669767813.1609428, 1669767814.905782, 1669767816.6351798, 1669767818.3592186, 1669767822.077741, 1669767823.7748995, 1669767825.4873598, 1669767827.232632, 1669767828.947887, 1669767830.7515306, 1669767836.171444, 1669767837.9546137, 1669767839.8084002, 1669767840.617152, 1669767842.4672067, 1669767844.2059855, 1669767846.012681, 1669767851.5020454, 1669767853.1683226, 1669767854.9074368, 1669767856.6542556, 1669767858.3666751, 1669767860.0369625, 1669767861.8123617, 1669767866.997054, 1669767868.7421591, 1669767870.425441, 1669767872.1295874, 1669767873.8417478, 1669767875.5365329, 1669767877.2496648, 1669767882.5077147, 1669767884.2077827, 1669767885.8419356, 1669767887.524647, 1669767889.1238446, 1669767890.8518312, 1669767896.1115284, 1669767897.9711442, 1669767899.7597287, 1669767901.5143712, 1669767903.0886257, 1669767904.7907958, 1669767906.5020363, 1669767911.641265, 1669767913.4056191, 1669767915.1963305, 1669767916.9768338, 1669767918.361912, 1669767920.1463485, 1669767921.152036, 1669767922.9546998, 1669767928.489873, 1669767930.2266948, 1669767931.9814067, 1669767933.7724483, 1669767935.5109355, 1669767937.2133687, 1669767943.3237772, 1669767945.1625419, 1669767946.9757164, 1669767948.8263779, 1669767950.7337933, 1669767952.6468053, 1669767954.4410248, 1669767959.4991589, 1669767961.2461903, 1669767963.0935564, 1669767964.9155822, 1669767966.6964726, 1669767968.537053, 1669767970.3064, 1669767976.2493718, 1669767978.3904126, 1669767980.2994468, 1669767982.351279, 1669767984.3074448, 1669767986.2113888, 1669767992.2167313, 1669767994.0347514, 1669767995.8515325, 1669767997.6788077, 1669767999.4188604, 1669768001.1951628, 1669768002.9751086, 1669768008.449559, 1669768010.2073197, 1669768012.0013883, 1669768013.8110948, 1669768015.6513498, 1669768017.4467335, 1669768019.2484446, 1669768023.0536406, 1669768024.8104904, 1669768026.5961685, 1669768028.3655725, 1669768030.2194786, 1669768032.0670166, 1669768037.5062745, 1669768039.364358, 1669768041.2111409, 1669768043.0990138, 1669768045.0771322, 1669768047.1644425, 1669768048.9847043, 1669768055.1362667, 1669768056.951586, 1669768058.9528272, 1669768060.937354, 1669768062.7747386, 1669768064.8809278, 1669768066.829665, 1669768072.3065598, 1669768074.1951473, 1669768076.2965436, 1669768078.3226051, 1669768080.3051195, 1669768082.2237396, 1669768087.867791, 1669768089.5953007, 1669768091.31399, 1669768092.9918056, 1669768094.6922336, 1669768096.382455, 1669768098.157702, 1669768101.8205466, 1669768103.5256371, 1669768105.2841482, 1669768106.994654, 1669768108.8774366, 1669768111.0730767, 1669768113.1164012, 1669768118.9032567, 1669768120.7181997, 1669768122.5063462, 1669768124.2881951, 1669768126.0685909, 1669768127.8779917, 1669768133.4167705, 1669768135.2029865, 1669768136.9873674, 1669768138.7625477, 1669768140.6012392, 1669768142.3256347, 1669768143.9875803],