{"initial_reset_timestamp": 1669866312.8567722, "timestamps": [1669866313.4616878, 1669866313.7198951, 1669866313.9618938, 1669866314.2184215, 1669866314.463167, 1669866314.704729, 1669866314.9489458, 1669866318.121519, 1669866318.362197, 1669866318.600685, 1669866318.8480816, 1669866319.0080829, 1669866319.2509084, 1669866319.5035365, 1669866319.7491953, 1669866323.1609342, 1669866323.4191282, 1669866323.6930091, 1669866323.9408047, 1669866324.1988485, 1669866324.4550264, 1669866324.7085621, 1669866325.0223167, 1669866340.5149205, 1669866340.7659955, 1669866341.0107162, 1669866341.264038, 1669866341.4980702, 1669866341.7383091, 1669866341.9728162, 1669866357.2936232, 1669866357.5243745, 1669866357.7517397, 1669866357.9725637, 1669866358.219414, 1669866358.455673, 1669866358.6840394, 1669866372.9260273, 1669866373.1575997, 1669866373.3822405, 1669866373.6074755, 1669866373.8350902, 1669866374.0603025, 1669866374.2908258, 1669866389.1364284, 1669866389.360863, 1669866389.5749986, 1669866389.7884524, 1669866390.0040467, 1669866390.2149594, 1669866390.4305692, 1669866405.213859, 1669866405.4378273, 1669866405.6539853, 1669866405.867604, 1669866406.0826254, 1669866406.3372211, 1669866406.552177, 1669866421.968151, 1669866422.1799033, 1669866422.3910382, 1669866422.6077597, 1669866422.8230221, 1669866423.0356865, 1669866423.2597868, 1669866438.787754, 1669866439.0257812, 1669866439.2540324, 1669866439.4840946, 1669866439.7221966, 1669866439.9554982, 1669866440.1962168, 1669866456.081948, 1669866456.3114526, 1669866456.5465014, 1669866456.7954893, 1669866457.0536392, 1669866457.2999196, 1669866457.5380356, 1669866472.7186744, 1669866472.940746, 1669866473.1661398, 1669866473.3986335, 1669866473.627157, 1669866473.847346, 1669866474.08416, 1669866490.9223683, 1669866491.1678538, 1669866491.408374, 1669866491.6567078, 1669866491.9479349, 1669866492.2262335, 1669866492.4683833, 1669866509.56205, 1669866509.8069527, 1669866510.055754, 1669866510.2985814, 1669866510.5321932, 1669866510.7558777, 1669866510.9797513, 1669866527.6561368, 1669866527.8855395, 1669866528.097712, 1669866528.3134792, 1669866528.5278099, 1669866528.74186, 1669866528.9589314, 1669866545.3578093, 1669866545.5971322, 1669866545.8282213, 1669866546.0436084, 1669866546.2797189, 1669866546.5142725, 1669866546.7465072, 1669866562.8721418, 1669866563.090869, 1669866563.314624, 1669866563.5461824, 1669866563.7644083, 1669866563.9931345, 1669866564.2225733, 1669866580.4872978, 1669866580.716022, 1669866580.9349563, 1669866581.1551783, 1669866581.3813767, 1669866581.6118371, 1669866581.90164, 1669866598.1998107, 1669866598.4264455, 1669866598.6511726, 1669866598.8734295, 1669866599.095843, 1669866599.318922, 1669866599.5446117, 1669866616.7518659, 1669866616.9667096, 1669866617.212584, 1669866617.438166, 1669866617.6620743, 1669866617.9040303, 1669866618.1504357, 1669866635.556037, 1669866635.7801666, 1669866636.0125558, 1669866636.2341409, 1669866636.4591434, 1669866636.679275, 1669866636.9027138, 1669866650.1767797, 1669866650.39504, 1669866650.62987, 1669866650.8418863, 1669866651.050845, 1669866651.27139, 1669866651.4938865, 1669866665.3324213, 1669866665.5911555, 1669866665.8128078, 1669866666.0302584, 1669866666.2550917, 1669866666.4772441, 1669866666.7001107, 1669866680.5199332, 1669866680.7491283, 1669866680.9795828, 1669866681.1948838, 1669866681.4073846, 1669866681.616772, 1669866681.8290498, 1669866695.4470122, 1669866695.6665335, 1669866695.8906868, 1669866696.112832, 1669866696.3335223, 1669866696.5459087, 1669866696.7623398, 1669866709.5141613, 1669866709.722639, 1669866709.9370637, 1669866710.150187, 1669866710.439635, 1669866710.6616755, 1669866710.9086485, 1669866724.5096862, 1669866724.7266624, 1669866724.9380744, 1669866725.1532183, 1669866725.3629637, 1669866725.5793624, 1669866725.8058708, 1669866739.32444, 1669866739.5530639, 1669866739.8002424, 1669866740.02819, 1669866740.2568407, 1669866740.5009406, 1669866740.7303357, 1669866753.6728654, 1669866753.8834352, 1669866754.0978084, 1669866754.3322904, 1669866754.5655441, 1669866754.800373, 1669866755.0158904, 1669866768.1861894, 1669866768.3998256, 1669866768.6326346, 1669866768.8603654, 1669866769.0938444, 1669866769.3321912, 1669866769.5493603, 1669866783.0203547, 1669866783.2781937, 1669866783.530501, 1669866783.7681189, 1669866783.9961493, 1669866784.2246127, 1669866784.453659, 1669866797.738662, 1669866797.9540467, 1669866798.1951246, 1669866798.4124277, 1669866798.6258135, 1669866798.8405855, 1669866799.0568302, 1669866812.8149369, 1669866813.0382426, 1669866813.27848, 1669866813.5084856, 1669866813.8035553, 1669866814.031394, 1669866814.262748, 1669866828.3224232, 1669866828.5476887, 1669866828.7717464, 1669866828.9976625, 1669866829.225191, 1669866829.4522948, 1669866829.6782331, 1669866843.1762114, 1669866843.4124217, 1669866843.6392193, 1669866843.8764424, 1669866844.103843, 1669866844.3365214, 1669866844.581866, 1669866858.3940568, 1669866858.625946, 1669866858.8506436, 1669866859.090787, 1669866859.3277707, 1669866859.5511973, 1669866859.7669075, 1669866873.1186173, 1669866873.3381798, 1669866873.5622613, 1669866873.7885215, 1669866874.0161946, 1669866874.2467973, 1669866874.4683712, 1669866888.2842612, 1669866888.5737872, 1669866888.808904, 1669866889.038141, 1669866889.2713344, 1669866889.498812, 1669866889.7281957, 1669866903.02754, 1669866903.260474, 1669866903.502836, 1669866903.716661, 1669866903.9412832, 1669866904.1629345, 1669866904.3898547, 1669866917.7451208, 1669866917.9545255, 1669866918.1666949, 1669866918.378492, 1669866918.6577644, 1669866918.8830535, 1669866919.1128845, 1669866932.1719751, 1669866932.3965201, 1669866932.6229408, 1669866932.8721664, 1669866933.1517403, 1669866933.403324, 1669866933.6477685, 1669866948.2548265, 1669866948.4831405, 1669866948.6998093, 1669866948.9220603, 1669866949.153176, 1669866949.3790355, 1669866949.6034815, 1669866963.826665, 1669866964.0895808, 1669866964.3469727, 1669866964.59197, 1669866964.8281686, 1669866965.1205418, 1669866965.365082, 1669866979.9810028, 1669866980.2227545, 1669866980.4563203, 1669866980.6956985, 1669866980.9235435, 1669866981.1552796, 1669866981.385914, 1669866995.6077044, 1669866995.829677, 1669866996.0527797, 1669866996.273962, 1669866996.4969387, 1669866996.716539, 1669866996.939472, 1669867010.9875653, 1669867011.2159207, 1669867011.449175, 1669867011.680832, 1669867011.9164891, 1669867012.1521516, 1669867012.386964, 1669867026.7356172, 1669867026.9663048, 1669867027.187552, 1669867027.3982832, 1669867027.6814854, 1669867027.8984554, 1669867028.1218636, 1669867041.9925165, 1669867042.2212327, 1669867042.435294, 1669867042.6543636, 1669867042.8693168, 1669867043.0848536, 1669867043.3074152, 1669867057.4339936, 1669867057.6663067, 1669867057.9208825, 1669867058.1418157, 1669867058.371785, 1669867058.5988214, 1669867058.8373337, 1669867073.0279934, 1669867073.2382367, 1669867073.4559274, 1669867073.6777337, 1669867073.8981228, 1669867074.1190321, 1669867074.3402543],