{"initial_reset_timestamp": 1669866311.508712, "timestamps": [1669866315.0445485, 1669866315.311772, 1669866315.7193933, 1669866316.0858061, 1669866316.4340184, 1669866316.79773, 1669866319.8307908, 1669866320.1672995, 1669866320.5103002, 1669866320.9018145, 1669866321.2619925, 1669866321.6368403, 1669866321.9953415, 1669866326.4157321, 1669866328.6227741, 1669866330.7987823, 1669866332.92811, 1669866334.5941322, 1669866336.7769506, 1669866338.8224452, 1669866343.3796797, 1669866345.1911106, 1669866347.2991762, 1669866349.3735306, 1669866351.6274643, 1669866353.902863, 1669866356.1203482, 1669866360.7049372, 1669866362.6312065, 1669866364.6360865, 1669866366.6449585, 1669866368.5837965, 1669866370.4962387, 1669866374.9624934, 1669866376.9892678, 1669866379.045981, 1669866381.07467, 1669866383.1609216, 1669866385.2328103, 1669866386.3698251, 1669866390.8132057, 1669866392.776537, 1669866394.6299553, 1669866396.6828713, 1669866398.7750454, 1669866399.9113584, 1669866401.0956802, 1669866403.1062696, 1669866406.9427006, 1669866408.6644366, 1669866410.8091598, 1669866411.517015, 1669866413.6397958, 1669866415.814257, 1669866417.6357577, 1669866418.9363523, 1669866420.3461308, 1669866424.66592, 1669866425.7767022, 1669866427.5170891, 1669866429.2409241, 1669866431.3731215, 1669866432.108503, 1669866432.4985027, 1669866434.0922904, 1669866435.3275506, 1669866436.312268, 1669866441.0147595, 1669866443.1322112, 1669866444.4635677, 1669866446.204669, 1669866447.8212564, 1669866448.6388102, 1669866449.460185, 1669866450.28619, 1669866451.509976, 1669866451.9281945, 1669866453.231298, 1669866453.8757186, 1669866454.5121975, 1669866458.0127265, 1669866458.8058023, 1669866459.7451022, 1669866460.996481, 1669866463.0311005, 1669866463.7733681, 1669866464.6723278, 1669866466.080621, 1669866466.695569, 1669866467.085525, 1669866468.0069203, 1669866468.6556313, 1669866469.2327473, 1669866469.8160248, 1669866470.6010551, 1669866471.3618374, 1669866474.610013, 1669866475.531947, 1669866476.8133895, 1669866477.5130527, 1669866478.3212926, 1669866479.300054, 1669866479.7883112, 1669866480.473768, 1669866481.2182786, 1669866482.310082, 1669866482.7885263, 1669866483.882261, 1669866485.233199, 1669866486.5354671, 1669866487.4508114, 1669866488.4889479, 1669866488.9304929, 1669866489.6638403, 1669866492.7301803, 1669866493.410391, 1669866493.8706713, 1669866494.456952, 1669866494.872466, 1669866495.631788, 1669866496.2459705, 1669866496.869091, 1669866497.2894225, 1669866498.0375664, 1669866498.5852118, 1669866499.183597, 1669866499.6384919, 1669866500.1888607, 1669866500.7255764, 1669866501.0733707, 1669866501.5418913, 1669866502.3035643, 1669866502.8917892, 1669866503.3555226, 1669866504.1123219, 1669866504.7183433, 1669866505.359392, 1669866505.8874173, 1669866506.7783463, 1669866507.5712306, 1669866508.2710562, 1669866511.3106635, 1669866512.3593867, 1669866513.1974058, 1669866513.9675791, 1669866514.7999911, 1669866515.5312784, 1669866516.4458423, 1669866516.8759396, 1669866517.4618819, 1669866517.843125, 1669866518.3731384, 1669866518.7351685, 1669866519.849243, 1669866520.5180256, 1669866521.2259238, 1669866521.886456, 1669866522.6316397, 1669866523.3292503, 1669866523.8749807, 1669866524.303102, 1669866525.3118193, 1669866525.7498562, 1669866529.259502, 1669866529.7122262, 1669866530.280019, 1669866530.7911603, 1669866531.4071176, 1669866531.9639785, 1669866532.5927758, 1669866533.0635316, 1669866533.7076395, 1669866534.3450263, 1669866534.8789215, 1669866535.5130017, 1669866535.895189, 1669866536.9417613, 1669866537.4807818, 1669866537.952465, 1669866538.4745638, 1669866538.9738367, 1669866539.5534775, 1669866540.2291203, 1669866540.69794, 1669866541.7577977, 1669866542.8778632, 1669866543.6830227, 1669866544.171008, 1669866546.962277, 1669866547.815708, 1669866548.5351496, 1669866549.0591307, 1669866549.828239, 1669866550.3110502, 1669866550.7253933, 1669866551.382262, 1669866552.064328, 1669866552.558391, 1669866553.2898414, 1669866554.0647948, 1669866554.6776633, 1669866555.3415504, 1669866556.3745525, 1669866556.7553833, 1669866557.392583, 1669866558.3609123, 1669866558.9682617, 1669866559.5569057, 1669866560.079682, 1669866560.6041343, 1669866561.025064, 1669866561.56106, 1669866564.4312408, 1669866564.8581028, 1669866565.5883565, 1669866566.0329394, 1669866566.946856, 1669866567.435997, 1669866568.2807863, 1669866568.907507, 1669866569.6953547, 1669866570.448801, 1669866571.0021143, 1669866571.7336006, 1669866572.6074033, 1669866572.9543636, 1669866573.4082267, 1669866573.984784, 1669866574.6856687, 1669866575.3593202, 1669866576.0068414, 1669866576.4653678, 1669866577.1106627, 1669866577.5094185, 1669866578.2890196, 1669866578.8269944, 1669866581.9065137, 1669866582.303203, 1669866582.6922405, 1669866583.8256474, 1669866584.5788586, 1669866584.965065, 1669866585.571302, 1669866586.385396, 1669866586.9846394, 1669866587.5979004, 1669866588.1228244, 1669866588.7374296, 1669866589.2086854, 1669866589.7080376, 1669866590.279807, 1669866590.577038, 1669866591.1252415, 1669866591.7961004, 1669866592.3919098, 1669866592.9168386, 1669866593.2823598, 1669866593.714057, 1669866594.1853638, 1669866594.58766, 1669866595.0441756, 1669866595.5245888, 1669866596.4513783, 1669866599.5495398, 1669866600.0464926, 1669866600.6088762, 1669866601.1511734, 1669866601.823749, 1669866602.284248, 1669866603.1451766, 1669866603.648136, 1669866604.457365, 1669866605.450675, 1669866605.9588525, 1669866606.2861173, 1669866606.8879285, 1669866607.6362205, 1669866608.4041927, 1669866609.0448048, 1669866609.6243365, 1669866610.4093623, 1669866611.2617748, 1669866611.894602, 1669866612.368426, 1669866612.85364, 1669866613.3331542, 1669866613.838027, 1669866614.2846344, 1669866615.2630534, 1669866618.1718702, 1669866618.7334728, 1669866619.2532406, 1669866619.9518797, 1669866620.4081035, 1669866621.3087947, 1669866621.8450372, 1669866622.45401, 1669866623.064197, 1669866623.7311673, 1669866624.301675, 1669866624.7945702, 1669866625.2292433, 1669866626.0180998, 1669866626.7989964, 1669866627.2487562, 1669866627.8247125, 1669866628.232675, 1669866628.7194638, 1669866629.2158506, 1669866629.9041443, 1669866630.7951632, 1669866631.30396, 1669866632.0368671, 1669866632.5077713, 1669866633.1959267, 1669866633.6650689], "episode_lengths": [150, 150, 150, 150, 150, 150, 150, 150, 150, 150, 150, 150, 150, 150, 150, 150, 150, 112, 150, 150, 150, 139, 150, 150, 150, 150, 150, 150, 150, 150, 150, 150, 150, 150, 150, 150, 150, 150, 150, 79, 150, 143, 134, 148, 150, 80, 85, 150, 110, 115, 150, 46, 150, 150, 121, 94, 100, 150, 85, 119, 116, 150, 47, 23, 108, 86, 68, 150, 150, 90, 124, 109, 53, 56, 46, 83, 27, 91, 42, 38, 68, 52, 64, 88, 150, 53, 66, 100, 35, 25, 76, 52, 46, 36, 53, 50, 59, 58, 84, 38, 51, 66, 36, 35, 46, 73, 28, 73, 93, 84, 56, 62, 27, 48, 22, 43, 31, 36, 23, 46, 40, 38, 24, 49, 35, 39, 34, 40, 32, 20, 28, 51, 40, 29, 54, 39, 42, 31, 48, 45, 39, 30, 69, 55, 51, 51, 46, 58, 25, 35, 21, 29, 23, 69, 42, 45, 37, 49, 46, 32, 30, 74, 28, 84, 27, 39, 34, 40, 37, 43, 30, 39, 45, 34, 41, 22, 70, 33, 29, 32, 31, 37, 45, 29, 70, 78, 59, 30, 17, 61, 48, 33, 50, 31, 28, 43, 45, 30, 49, 53, 42, 46, 74, 22, 45, 68, 39, 37, 33, 34, 26, 34, 30, 25, 48, 26, 67, 31, 60, 40, 54, 51, 36, 47, 54, 20, 30, 36, 46, 45, 42, 28, 43, 25, 54, 34, 43, 24, 24, 80, 52, 24, 41, 58, 40, 41, 36, 42, 31, 33, 38, 16, 35, 43, 39, 33, 24, 27, 31, 25, 29, 30, 62, 42, 32, 36, 34, 45, 29, 60, 32, 54, 68, 31, 19, 40, 51, 56, 38, 30, 45, 46, 32, 26, 24, 26, 27, 25, 65, 30, 33, 31, 44, 27, 54, 33, 35, 33, 43, 35, 29, 25, 51, 51, 26, 36, 24, 33, 31, 40, 59, 30, 47, 29, 45, 28],