{"initial_reset_timestamp": 1669916201.6065156, "timestamps": [1669916202.075719, 1669916202.259125, 1669916202.4435935, 1669916202.6298456, 1669916202.8085563, 1669916202.9874718, 1669916203.1642098, 1669916206.121626, 1669916206.2942548, 1669916206.4683678, 1669916206.643485, 1669916206.8199883, 1669916206.9934692, 1669916207.1665916, 1669916210.3256981, 1669916210.4981942, 1669916210.6730459, 1669916210.8490846, 1669916211.08238, 1669916211.2561603, 1669916211.4293056, 1669916223.6406507, 1669916223.826456, 1669916224.011473, 1669916224.1973991, 1669916224.3831317, 1669916224.5651264, 1669916224.7539294, 1669916236.7719007, 1669916236.9561408, 1669916237.1426961, 1669916237.325697, 1669916237.5121608, 1669916237.695961, 1669916237.8808293, 1669916249.7240586, 1669916249.908275, 1669916250.0890014, 1669916250.2766733, 1669916250.46596, 1669916250.641726, 1669916250.8227751, 1669916263.0625854, 1669916263.2382896, 1669916263.4245021, 1669916263.6140616, 1669916263.7948043, 1669916263.9691377, 1669916264.150806, 1669916276.0442219, 1669916276.207554, 1669916276.3711972, 1669916276.5362563, 1669916276.6977644, 1669916276.8588212, 1669916277.0229764, 1669916288.7315686, 1669916288.915333, 1669916289.1020193, 1669916289.2857802, 1669916289.469312, 1669916289.6545322, 1669916289.8402472, 1669916301.3121293, 1669916301.4768066, 1669916301.6601493, 1669916301.8364604, 1669916302.0688515, 1669916302.2446852, 1669916302.4118786, 1669916314.0922735, 1669916314.2776794, 1669916314.4614244, 1669916314.6434867, 1669916314.8321204, 1669916315.017323, 1669916315.199427, 1669916327.071256, 1669916327.2287717, 1669916327.3906112, 1669916327.5530972, 1669916327.7326963, 1669916327.8971453, 1669916328.0583558, 1669916340.0260243, 1669916340.2128227, 1669916340.3971412, 1669916340.582346, 1669916340.7663524, 1669916340.9509544, 1669916341.1377864, 1669916352.9990625, 1669916353.179764, 1669916353.3623695, 1669916353.549647, 1669916353.7384152, 1669916353.9284172, 1669916354.1153638, 1669916354.3028898, 1669916366.030902, 1669916366.1744502, 1669916366.3038173, 1669916366.4332716, 1669916366.5868907, 1669916366.7234623, 1669916366.9011965, 1669916367.079757, 1669916367.2051442, 1669916367.3906102, 1669916367.5154102, 1669916379.3858542, 1669916379.5474749, 1669916379.7121127, 1669916379.873453, 1669916380.0353138, 1669916380.1949382, 1669916380.3586307, 1669916391.8980489, 1669916392.083827, 1669916392.2158473, 1669916392.4019625, 1669916392.588522, 1669916392.7738159, 1669916392.9599798, 1669916393.1462705, 1669916404.9354386, 1669916405.1189666, 1669916405.3012009, 1669916405.4842644, 1669916405.7261543, 1669916405.9104285, 1669916406.0936248, 1669916417.9210322, 1669916418.0824857, 1669916418.2435691, 1669916418.40379, 1669916418.5645032, 1669916418.7234526, 1669916418.8850362, 1669916430.8885908, 1669916431.0747647, 1669916431.2623498, 1669916431.449175, 1669916431.638461, 1669916431.8274648, 1669916432.0213916, 1669916443.8963575, 1669916444.0808854, 1669916444.26639, 1669916444.4518144, 1669916444.6378076, 1669916444.8225856, 1669916445.0067456, 1669916456.9495504, 1669916457.1363587, 1669916457.3229704, 1669916457.5078554, 1669916457.6957731, 1669916457.8812675, 1669916458.0690985, 1669916470.161186, 1669916470.3343503, 1669916470.47874, 1669916470.629026, 1669916470.7397819, 1669916470.8993976, 1669916471.1017063, 1669916471.3010485, 1669916471.4857876, 1669916471.6761374, 1669916483.722905, 1669916483.8941298, 1669916484.0587904, 1669916484.2211394, 1669916484.3845117, 1669916484.5447416, 1669916484.708142, 1669916496.6007764, 1669916496.7010899, 1669916496.793921, 1669916496.9261386, 1669916497.0525637, 1669916497.1783843, 1669916497.2916582, 1669916497.421194, 1669916497.5386086, 1669916497.6550043, 1669916497.7718241, 1669916497.9229596, 1669916498.0217633, 1669916498.138445, 1669916498.274944, 1669916498.3954268, 1669916498.5261068, 1669916510.4250648, 1669916510.6141665, 1669916510.7255504, 1669916510.9110992, 1669916511.099878, 1669916511.2887535, 1669916511.3914044, 1669916511.5870798, 1669916511.773973, 1669916523.942754, 1669916524.073046, 1669916524.216488, 1669916524.3202007, 1669916524.4130208, 1669916524.5411174, 1669916524.6371665, 1669916524.765698, 1669916524.8847337, 1669916524.9934027, 1669916525.093614, 1669916525.2113054, 1669916525.3436306, 1669916525.456482, 1669916525.5644917, 1669916525.663942, 1669916525.7746174, 1669916525.891561, 1669916526.0088797, 1669916526.102201, 1669916538.2856915, 1669916538.4143307, 1669916538.5190952, 1669916538.6228871, 1669916538.783137, 1669916538.8909, 1669916539.0178158, 1669916539.2037385, 1669916539.3257482, 1669916539.4658992, 1669916539.5798244, 1669916539.7679808, 1669916539.8971744, 1669916551.901931, 1669916552.0855222, 1669916552.271219, 1669916552.457726, 1669916552.6429877, 1669916552.8269532, 1669916553.0095007, 1669916564.9901936, 1669916565.151697, 1669916565.316205, 1669916565.4834073, 1669916565.6498437, 1669916565.818415, 1669916565.9821985, 1669916578.0034454, 1669916578.1614618, 1669916578.291663, 1669916578.3985076, 1669916578.5214345, 1669916578.6389456, 1669916578.7560477, 1669916578.8685088, 1669916578.9848294, 1669916579.1121018, 1669916579.2405457, 1669916579.372518, 1669916579.550267, 1669916579.6701064, 1669916591.6343598, 1669916591.7446587, 1669916591.8702319, 1669916591.9959965, 1669916592.1595705, 1669916592.2688563, 1669916592.3850286, 1669916592.5074873, 1669916592.669146, 1669916592.7794583, 1669916592.8951366, 1669916593.007852, 1669916593.1247287, 1669916593.257049, 1669916593.381017, 1669916605.3909993, 1669916605.5771873, 1669916605.767571, 1669916605.904299, 1669916606.0445828, 1669916606.2006578, 1669916606.386929, 1669916606.5742252, 1669916619.1483154, 1669916619.2446084, 1669916619.3404605, 1669916619.4496107, 1669916619.571843, 1669916619.6826313, 1669916619.7863183, 1669916619.8984847, 1669916619.9942865, 1669916620.1028736, 1669916620.2210312, 1669916620.3261714, 1669916620.4342358, 1669916620.5358174, 1669916620.6452622, 1669916620.7480128, 1669916620.869819, 1669916620.9929502, 1669916621.1096814, 1669916621.2323027, 1669916621.3388283, 1669916621.4380631, 1669916621.5380142, 1669916621.649259, 1669916621.7704694, 1669916633.7883022, 1669916633.8935754, 1669916634.031992, 1669916634.208531, 1669916634.34214, 1669916634.5173793, 1669916634.7021317, 1669916634.8263144, 1669916634.964084, 1669916635.1078556, 1669916635.2314901, 1669916635.362184, 1669916647.843834, 1669916647.9635038, 1669916648.084453, 1669916648.2594118, 1669916648.4275289, 1669916648.5666358, 1669916648.718197, 1669916648.8313487, 1669916648.9504368, 1669916649.131801, 1669916649.2778842, 1669916649.4365294, 1669916661.2311096, 1669916661.3741515, 1669916661.498927, 1669916661.6095684, 1669916661.7323103, 1669916661.9180574, 1669916662.040902, 1669916662.1870387, 1669916662.3176682, 1669916662.5051494, 1669916662.637526, 1669916662.7849019, 1669916662.9142654, 1669916674.837842, 1669916675.0266309, 1669916675.2214174, 1669916675.372457, 1669916675.558115, 1669916675.6893396, 1669916675.8728569, 1669916676.1154206, 1669916688.0155048, 1669916688.2045906, 1669916688.3939335, 1669916688.5840182, 1669916688.7740533, 1669916688.9632096, 1669916689.153343, 1669916701.1747131, 1669916701.307327, 1669916701.421998, 1669916701.5217397, 1669916701.649305, 1669916701.7627697, 1669916701.872596, 1669916701.9788353, 1669916702.0740638, 1669916702.1971486, 1669916702.3204408, 1669916702.43965, 1669916702.6195643, 1669916702.7667606, 1669916702.8842444, 1669916703.0181742, 1669916703.1619973, 1669916703.3041573, 1669916715.0784898, 1669916715.2388933, 1669916715.403872, 1669916715.570305, 1669916715.7948732, 1669916715.9566598, 1669916716.1187036, 1669916727.954226, 1669916728.1441925, 1669916728.3345401, 1669916728.5235991, 1669916728.6843176, 1669916728.8402424, 1669916728.9772954, 1669916729.16141, 1669916740.8379757, 1669916741.0005574, 1669916741.1615334, 1669916741.321724, 1669916741.4838877, 