{"initial_reset_timestamp": 1669916200.5022206, "timestamps": [1669916203.2696953, 1669916203.5177124, 1669916203.871634, 1669916204.2079852, 1669916204.538645, 1669916204.8955612, 1669916207.2495415, 1669916207.6053953, 1669916207.9602058, 1669916208.231259, 1669916208.559634, 1669916208.7867718, 1669916209.0996444, 1669916211.5345347, 1669916213.227066, 1669916214.92625, 1669916216.6205082, 1669916218.342128, 1669916219.997988, 1669916221.6613889, 1669916225.379192, 1669916227.0205863, 1669916228.7225554, 1669916230.3931506, 1669916232.0308106, 1669916233.6826925, 1669916235.334726, 1669916238.9878888, 1669916240.6275413, 1669916242.2725635, 1669916243.9141517, 1669916245.6142192, 1669916247.2601485, 1669916250.9258537, 1669916252.5690658, 1669916254.219061, 1669916255.9008195, 1669916257.6170497, 1669916259.318942, 1669916260.996752, 1669916264.770004, 1669916266.3702283, 1669916268.0199492, 1669916269.6698017, 1669916271.3065684, 1669916272.9564247, 1669916274.5833297, 1669916278.166118, 1669916279.6878028, 1669916281.280428, 1669916282.9193552, 1669916284.5807247, 1669916286.22467, 1669916289.9343174, 1669916291.4868078, 1669916293.0414631, 1669916294.6122913, 1669916296.0520914, 1669916297.6955497, 1669916299.3551502, 1669916303.0489743, 1669916304.6487365, 1669916306.2505364, 1669916307.8919356, 1669916309.54145, 1669916311.1743844, 1669916312.6938536, 1669916316.3338516, 1669916317.9806154, 1669916319.682462, 1669916321.3333387, 1669916322.9790783, 1669916324.6233017, 1669916328.1590009, 1669916329.8031404, 1669916331.442487, 1669916333.0821767, 1669916334.6959414, 1669916336.3029914, 1669916337.9783316, 1669916341.7620037, 1669916343.3572423, 1669916345.031331, 1669916346.6836843, 1669916348.311241, 1669916349.9517286, 1669916351.5854003, 1669916355.45544, 1669916357.105396, 1669916358.761539, 1669916360.2983584, 1669916361.9377296, 1669916363.5702264, 1669916367.6207678, 1669916369.139303, 1669916370.7741463, 1669916372.4429305, 1669916374.0703955, 1669916375.7513275, 1669916377.39655, 1669916380.985731, 1669916382.642829, 1669916384.1947205, 1669916385.7592666, 1669916387.316601, 1669916388.8747606, 1669916390.4415772, 1669916394.2176592, 1669916395.5062165, 1669916397.1909838, 1669916398.8382082, 1669916400.4802573, 1669916402.083009, 1669916403.7021685, 1669916407.468999, 1669916409.1221616, 1669916410.6922245, 1669916411.835739, 1669916413.4796257, 1669916415.118769, 1669916416.7805636, 1669916420.3722525, 1669916422.0520852, 1669916423.7219398, 1669916425.3640072, 1669916427.034168, 1669916428.6726878, 1669916432.3652766, 1669916433.9964437, 1669916435.7285883, 1669916437.3756447, 1669916439.0179503, 1669916440.5740693, 1669916442.193206, 1669916445.8879275, 1669916447.5287871, 1669916449.170132, 1669916450.8120809, 1669916452.4867356, 1669916454.124651, 1669916455.7674813, 1669916459.4990172, 1669916461.1466498, 1669916462.7985797, 1669916464.458232, 1669916466.1217127, 1669916467.8396747, 1669916472.038841, 1669916473.6886833, 1669916475.352677, 1669916476.9685876, 1669916478.638398, 1669916480.2967806, 1669916481.969923, 1669916485.5853524, 1669916487.234534, 1669916488.8693771, 1669916490.4675865, 1669916492.1408913, 1669916493.7891376, 1669916495.409346, 1669916499.9329531, 1669916501.6037352, 1669916503.2605083, 1669916504.9059618, 1669916506.5533419, 1669916508.159443, 1669916512.1374915, 1669916513.86223, 1669916515.5764143, 1669916517.2652504, 1669916518.9105618, 1669916520.5479918, 1669916522.2281933, 1669916527.0354123, 1669916528.7465575, 1669916530.4344642, 1669916532.1458094, 1669916533.805794, 1669916535.4272072, 1669916537.0803509, 1669916541.3019927, 1669916542.9616609, 1669916544.5955703, 1669916546.2472293, 1669916547.8966987, 1669916549.612513, 1669916553.3711445, 1669916555.0257375, 1669916556.672963, 1669916558.3020067, 1669916559.9489927, 1669916561.5988045, 1669916563.2403867, 1669916566.8670592, 1669916568.5103455, 1669916570.156421, 1669916571.7981288, 1669916573.4856193, 1669916575.1474786, 1669916576.8228595, 1669916581.0842175, 1669916582.7902746, 1669916584.4469728, 1669916586.1030436, 1669916587.7712963, 1669916589.4329393, 1669916593.7381866, 1669916595.3736897, 1669916597.0311704, 1669916598.6796796, 1669916600.3283286, 1669916601.9822166, 1669916603.6434622, 1669916607.458156, 1669916609.0682893, 1669916610.949765, 1669916612.6931705, 1669916614.395787, 1669916616.1926699, 1669916617.9845114, 1669916623.203032, 1669916624.855825, 1669916626.5066779, 1669916628.224887, 1669916629.9423814, 1669916631.6120803, 1669916635.734981, 1669916637.4085705, 1669916639.162543, 1669916640.9579015, 1669916642.7943783, 1669916644.5067518, 1669916646.1914432, 1669916650.3976011, 1669916651.9571574, 1669916653.480914, 1669916655.0557528, 1669916656.6856468, 1669916658.3940544, 1669916660.0694537, 1669916664.3166726, 1669916665.9759233, 1669916667.6184793, 1669916669.3413234, 1669916670.937507, 1669916672.5979805, 1669916676.4759896, 1669916678.093289, 1669916679.8036575, 1669916681.40047, 1669916683.0082684, 1669916684.660098, 1669916686.303774, 1669916690.0340967, 1669916691.7052484, 1669916693.4036708, 1669916695.0487337, 1669916696.7035027, 1669916698.3543408, 1669916700.014277, 1669916704.6803412, 1669916706.3657906, 1669916708.0256748, 1669916709.716383, 1669916711.2404177, 1669916712.886505, 1669916716.4887428, 1669916718.042791, 1669916719.6650755, 1669916721.3464534, 1669916722.9986577, 1669916724.6980927, 1669916726.2588506, 1669916730.051123, 1669916731.592018, 1669916733.1630883, 1669916734.7925253, 1669916736.3710077, 1669916737.983611, 1669916739.6729574, 1669916743.246625, 1669916744.9557965, 1669916746.6758451, 1669916748.327584, 1669916749.9980998, 1669916751.6936953, 1669916755.3693612, 1669916757.0739887, 1669916758.7299964, 1669916760.3999913, 1669916762.107685, 1669916763.7846143, 1669916765.4619246, 1669916769.060619, 1669916770.7258432, 1669916772.4455712, 1669916774.151423, 1669916775.8229449, 1669916777.4974418, 1669916779.1020124, 1669916783.4353201, 1669916785.1101935, 1669916786.7879946, 1669916788.3579776, 1669916790.0389035, 1669916791.7086957, 1669916796.0377347, 1669916797.655542, 1669916799.306132, 1669916800.9360895, 1669916802.515805, 1669916804.164551, 1669916805.8712254, 1669916809.5058434, 1669916811.1780353, 1669916812.8526938, 1669916814.4568105, 1669916816.1354206, 1669916817.8895392, 1669916819.6460323, 1669916823.3273892, 1669916824.9920168, 1669916826.7602468, 1669916828.4084005, 1669916830.0386653, 1669916831.6937282, 1669916835.381994, 1669916837.0813127, 1669916838.628958, 1669916840.298558, 1669916841.95165, 1669916843.638401, 1669916845.3229394],