{"initial_reset_timestamp": 1669765721.3232083, "timestamps": [1669765724.1657257, 1669765724.4208455, 1669765724.777634, 1669765725.1471264, 1669765725.4883964, 1669765725.8185954, 1669765728.2362251, 1669765728.5775425, 1669765728.9168222, 1669765729.2803323, 1669765729.610686, 1669765729.9563959, 1669765730.2919996, 1669765733.6293788, 1669765735.4223716, 1669765737.2219837, 1669765738.999212, 1669765740.812239, 1669765742.554848, 1669765744.2589414, 1669765748.1121135, 1669765749.8975644, 1669765751.7819693, 1669765753.4827154, 1669765755.227631, 1669765756.9452796, 1669765760.5963428, 1669765762.249514, 1669765764.0880978, 1669765765.8309789, 1669765767.594813, 1669765769.2730255, 1669765771.0953524, 1669765774.9367054, 1669765776.7303026, 1669765778.5131881, 1669765780.3017101, 1669765782.0766132, 1669765783.8588257, 1669765785.613737, 1669765789.5037708, 1669765791.216227, 1669765792.9314752, 1669765794.3991618, 1669765796.2141778, 1669765798.0552557, 1669765799.782773, 1669765803.5083714, 1669765805.215313, 1669765807.0764744, 1669765808.8924556, 1669765810.7045612, 1669765812.5612442, 1669765816.4500585, 1669765818.16329, 1669765819.8978512, 1669765821.6592019, 1669765823.4364538, 1669765825.1433878, 1669765826.7485542, 1669765830.7235873, 1669765832.5300531, 1669765834.3085325, 1669765836.083572, 1669765837.8645809, 1669765839.6503162, 1669765841.4696488, 1669765845.3062782, 1669765847.1028478, 1669765848.9390671, 1669765850.7581763, 1669765852.4843626, 1669765854.222336, 1669765858.0292897, 1669765859.7765527, 1669765861.5905004, 1669765863.3897123, 1669765864.6079888, 1669765866.373034, 1669765868.207816, 1669765872.17228, 1669765873.9968722, 1669765875.8691435, 1669765877.769119, 1669765879.538344, 1669765881.3335865, 1669765883.1828935, 1669765886.9453814, 1669765888.7707405, 1669765890.6131012, 1669765892.412552, 1669765894.1853118, 1669765895.9180474, 1669765897.684824, 1669765901.4545457, 1669765903.2668524, 1669765905.0035598, 1669765906.8568158, 1669765908.725078, 1669765910.517789, 1669765914.3225083, 1669765916.0882208, 1669765917.8837328, 1669765919.645102, 1669765921.415697, 1669765923.2604396, 1669765925.190953, 1669765929.942288, 1669765931.7123148, 1669765933.5957544, 1669765935.4512482, 1669765937.2589278, 1669765939.0078053, 1669765940.7198787, 1669765946.0830865, 1669765947.923459, 1669765949.7591243, 1669765951.5968711, 1669765953.438662, 1669765955.2588081, 1669765960.2515047, 1669765962.0270703, 1669765963.8641481, 1669765965.5884924, 1669765967.4378388, 1669765969.35584, 1669765971.1899798, 1669765975.5245595, 1669765977.2749338, 1669765979.1016767, 1669765980.8614619, 1669765982.6153016, 1669765984.4292812, 1669765986.2483609, 1669765991.4753423, 1669765993.2542155, 1669765995.1060905, 1669765996.9606464, 1669765998.8601754, 1669766000.6426315, 1669766005.3656414, 1669766007.0239952, 1669766008.7368252, 1669766010.5015612, 1669766012.2589638, 1669766013.971382, 1669766015.7172525, 1669766020.5070245, 1669766022.186245, 1669766024.0078955, 1669766025.8189082, 1669766027.625098, 1669766029.4992461, 1669766031.2117567, 1669766035.3993218, 1669766037.1919246, 1669766038.990525, 1669766040.8012383, 1669766042.5611749, 1669766044.4332597, 1669766048.7252178, 1669766050.4323542, 1669766052.298655, 1669766054.1228032, 1669766055.940412, 1669766057.6550071, 1669766059.4337604, 1669766063.2708774, 1669766065.0893466, 1669766066.8555079, 1669766068.6144936, 1669766070.3977654, 1669766072.1748707, 1669766074.035708, 1669766078.1020038, 1669766080.0238273, 1669766081.8024263, 1669766083.5762835, 1669766085.3329878, 1669766087.1873786, 1669766091.060672, 1669766092.8296707, 1669766094.596322, 1669766096.443161, 1669766098.2601311, 1669766100.119819, 1669766102.0299244, 1669766106.0219562, 1669766107.682545, 1669766109.4768655, 1669766111.3241963, 1669766113.087746, 1669766114.9522033, 1669766116.7215788, 1669766120.870352, 1669766122.6320438, 1669766124.424644, 1669766126.117206, 1669766127.824416, 1669766129.564756, 1669766133.6914296, 1669766135.0039043, 1669766136.8185005, 1669766138.5628543, 1669766140.377019, 1669766142.1731343, 1669766143.7710545, 1669766147.7881548, 1669766149.6345506, 1669766151.4859881, 1669766153.3184447, 1669766155.0902455, 1669766156.8258488, 1669766158.6668699, 1669766163.3267438, 1669766165.1228716, 1669766166.9676254, 1669766168.814428, 1669766170.7018287, 1669766172.542586, 1669766174.4198155, 1669766179.0912294, 1669766180.9516087, 1669766182.791264, 1669766184.644425, 1669766186.4495533, 1669766188.007189, 1669766189.7523322, 1669766194.4747922, 1669766196.322832, 1669766198.154682, 1669766199.9821167, 1669766201.7105396, 1669766203.5413558, 1669766208.1149204, 1669766209.8294542, 1669766211.6720407, 1669766213.4632435, 1669766215.2866907, 1669766217.0162015, 1669766218.7668595, 1669766223.3204293, 1669766225.0853417, 1669766226.877081, 1669766228.704631, 1669766230.4485488, 1669766232.2181885, 1669766234.0698006, 1669766238.6514297, 1669766240.5537224, 1669766242.432636, 1669766244.2733703, 1669766246.1090243, 1669766247.9028792, 1669766252.5376265, 1669766254.2065792, 1669766255.9535465, 1669766257.6726289, 1669766259.3441625, 1669766261.0122712, 1669766262.7215676, 1669766267.517169, 1669766269.2005885, 1669766270.9040694, 1669766272.6201675, 1669766274.2889042, 1669766275.9686275, 1669766277.6436572, 1669766282.105824, 1669766283.7634275, 1669766285.536659, 1669766287.2673526, 1669766288.9773548, 1669766290.7250876, 1669766295.5857213, 1669766297.3146224, 1669766298.9813244, 1669766300.68887, 1669766302.391134, 1669766304.0337994, 1669766305.6909738, 1669766310.523606, 1669766312.2173097, 1669766313.8898287, 1669766315.4830844, 1669766317.1622849, 1669766318.8026237, 1669766320.4513273, 1669766324.8436668, 1669766326.5193133, 1669766328.2820458, 1669766329.9811168, 1669766331.6643374, 1669766333.273192, 1669766338.130902, 1669766339.8473458, 1669766341.60486, 1669766343.3989556, 1669766345.209763, 1669766346.9490821, 1669766348.7015436, 1669766353.596045, 1669766355.3412247, 1669766357.071017, 1669766358.7905884, 1669766360.5423436, 1669766362.205757, 1669766363.876663, 1669766368.5135128, 1669766370.1819923, 1669766371.7132635, 1669766373.3704417, 1669766375.0138206, 1669766376.6223454, 1669766381.5533054, 1669766383.2571769, 1669766384.9335678, 1669766386.5946205, 1669766388.3094485, 1669766390.0073383, 1669766391.7121398, 1669766396.3156185, 1669766397.9841626, 1669766399.6771047, 1669766401.244018, 1669766402.9427586, 1669766404.7063317, 1669766406.4275932, 1669766411.4788275, 1669766413.208564, 1669766414.8772824, 1669766416.5210035, 1669766418.0809453, 1669766419.711991],