{"initial_reset_timestamp": 1669787503.46768, "timestamps": [1669787503.9477782, 1669787504.1398926, 1669787504.3680906, 1669787504.5587528, 1669787504.741341, 1669787504.919882, 1669787505.100516, 1669787508.3134496, 1669787508.5298684, 1669787508.7175171, 1669787508.9078279, 1669787509.1065624, 1669787509.2879207, 1669787509.4932206, 1669787512.8860276, 1669787513.0698957, 1669787513.2473745, 1669787513.4239407, 1669787513.6621003, 1669787513.8402777, 1669787514.0160286, 1669787527.5402517, 1669787527.7293344, 1669787527.9146962, 1669787528.108205, 1669787528.3145337, 1669787528.5126095, 1669787528.7077036], "episode_lengths": [150, 150, 150, 150, 150, 150, 150, 150, 150, 150, 150, 150, 150, 150, 150, 150, 150, 150, 150, 150, 150, 150, 150, 150, 150, 150, 150, 150], "episode_rewards": [-150.0, -150.0, -150.0, -150.0, -150.0, -150.0, -150.0, -150.0, -150.0, -150.0, -150.0, -150.0, -150.0, -150.0, -150.0, -150.0, -150.0, -150.0, -150.0, -150.0, -150.0, -150.0, -150.0, -150.0, -150.0, -150.0, -150.0, -150.0], "episode_types": ["t", "t", "t", "t", "t", "t", "t", "t", "t", "t", "t", "t", "t", "t", "t", "t", "t", "t", "t", "t", "t", "t", "t", "t", "t", "t", "t", "t"]}