{"initial_reset_timestamp": 1669787502.3372505, "timestamps": [1669787505.2008648, 1669787505.4689388, 1669787505.8611038, 1669787506.2593646, 1669787506.619415, 1669787506.99579, 1669787509.5889583, 1669787509.951788, 1669787510.295813, 1669787510.6911218, 1669787511.0424736, 1669787511.3996527, 1669787511.7368147, 1669787515.0863237, 1669787517.0434585, 1669787518.9249423, 1669787520.709148, 1669787522.6291444, 1669787524.4977393, 1669787526.355755], "episode_lengths": [150, 150, 150, 150, 150, 150, 150, 150, 150, 150, 140, 150, 150, 150, 150, 150, 150, 150, 150, 150], "episode_rewards": [-150.0, -150.0, -150.0, -150.0, -150.0, -150.0, -150.0, -150.0, -150.0, -150.0, -139.0, -150.0, -150.0, -150.0, -150.0, -150.0, -150.0, -150.0, -150.0, -150.0], "episode_types": ["t", "t", "t", "t", "t", "t", "t", "t", "t", "t", "t", "t", "t", "t", "t", "t", "t", "t", "t", "t", "t"]}