{"initial_reset_timestamp": 1669888129.4277883, "timestamps": [1669888132.677703, 1669888132.9234455, 1669888133.2881615, 1669888133.6230576, 1669888133.9583595, 1669888134.3000138, 1669888137.2251308, 1669888137.5549257, 1669888137.8500762, 1669888138.196502, 1669888138.5298946, 1669888138.8449776, 1669888139.161386, 1669888143.1044414, 1669888145.4712074, 1669888147.8024929, 1669888150.168763, 1669888152.4576259, 1669888154.765937, 1669888156.0190194, 1669888160.576289, 1669888162.7911677, 1669888165.0750685, 1669888167.3189907, 1669888169.5749056, 1669888171.9211333, 1669888174.187081, 1669888178.8214917, 1669888181.0886738, 1669888182.9341989, 1669888184.2735841, 1669888186.565205, 1669888188.7119381, 1669888190.7742136, 1669888195.4767704, 1669888196.982584, 1669888198.7189865, 1669888201.0073192, 1669888202.7883844, 1669888204.3260183, 1669888205.227036, 1669888206.8102136, 1669888208.5803761, 1669888209.7240243, 1669888214.3496003, 1669888216.6800396, 1669888217.445109, 1669888219.7233763, 1669888221.8104577, 1669888223.9022417, 1669888225.7469923, 1669888230.3682902, 1669888232.6167226, 1669888233.6828318, 1669888235.7827146, 1669888238.0414507, 1669888239.6108856, 1669888241.0106056, 1669888242.1859822, 1669888243.2446182, 1669888247.060114, 1669888249.3192568, 1669888251.6024837, 1669888253.8449779, 1669888254.568388, 1669888256.1776447, 1669888258.0555458, 1669888259.491383, 1669888261.7524452, 1669888265.440334, 1669888267.2423537, 1669888269.4996724, 1669888270.6067212, 1669888272.7705653, 1669888273.593712, 1669888274.8702831, 1669888277.1282177, 1669888278.4198525, 1669888279.4007318, 1669888282.4843757, 1669888283.622085, 1669888285.0427532, 1669888285.6737254, 1669888286.3668244, 1669888288.690456, 1669888290.1383023, 1669888290.6985734, 1669888291.541976, 1669888292.0513084, 1669888293.272535, 1669888294.4969103, 1669888296.225354, 1669888297.4039764, 1669888297.9152331, 1669888301.2076313, 1669888302.2103438, 1669888303.6753707, 1669888305.2506778, 1669888307.552112, 1669888308.548681, 1669888309.4494877, 1669888311.1432323, 1669888313.41538, 1669888314.3246844, 1669888315.370298, 1669888320.2393742, 1669888321.3969283, 1669888323.7108688, 1669888324.2511797, 1669888325.184675, 1669888326.9170735, 1669888328.2096753, 1669888329.5343091, 1669888330.2453303, 1669888330.9848654, 1669888332.0902596, 1669888332.8917682, 1669888333.5625887, 1669888334.372812, 1669888338.3383696, 1669888339.017118, 1669888339.937961, 1669888340.5783963, 1669888340.9926772, 1669888342.2051065, 1669888342.8051453, 1669888343.2625923, 1669888343.9722233, 1669888344.5743546, 1669888345.1182115, 1669888345.8607593, 1669888346.4575906, 1669888347.0516713, 1669888347.561572, 1669888348.143253, 1669888348.6196744, 1669888349.1678653, 1669888350.1493816, 1669888350.710783, 1669888351.1543875, 1669888351.6492505, 1669888352.501956, 1669888353.4988635, 1669888354.222384, 1669888357.201532, 1669888357.9133308, 1669888358.4085984, 1669888358.9808643, 1669888359.7378688, 1669888360.2849417, 1669888360.8663275, 1669888361.6018314, 1669888362.097424, 1669888362.5867887, 1669888363.1557722, 1669888363.6303976, 1669888364.181045, 1669888364.851116, 1669888365.284692, 1669888365.8222084, 1669888366.594619, 1669888367.2182224, 1669888367.776327, 1669888368.5586305, 1669888368.9832244, 1669888369.6169176, 1669888370.2623506, 1669888370.7058878, 1669888371.3443522, 1669888372.0300786, 1669888372.5573819, 1669888373.2765641, 1669888376.812438, 1669888377.3471785, 1669888378.0432405, 1669888378.4596353, 1669888378.9376326, 1669888379.592213, 1669888380.0967393, 1669888380.530417, 1669888381.0327857, 1669888381.5457885, 1669888382.0503287, 1669888382.4964879, 1669888382.8892202, 1669888383.3440802, 1669888383.7547233, 1669888384.1815584, 1669888384.8071392, 1669888385.58221, 1669888386.1920211, 1669888386.864103, 1669888387.4197392, 1669888387.8411875, 1669888388.2661479, 1669888388.9146132, 1669888389.279783, 1669888389.690208, 1669888390.1439145, 1669888390.484621, 1669888390.8742743, 1669888391.349586, 1669888391.9447906, 1669888392.4672515, 1669888393.0336688, 1669888396.514223, 1669888397.1066847, 1669888398.2448041, 1669888399.033946, 1669888399.4470928, 1669888399.8374782, 1669888400.5837579, 1669888401.0343845, 1669888401.6783805, 1669888402.3910196, 1669888402.9771793, 1669888403.4844308, 1669888403.9547548, 1669888404.3988357, 1669888404.9617205, 1669888405.4309142, 1669888406.170922, 1669888406.6521032, 1669888407.2588134, 1669888407.7270534, 1669888408.3687682, 1669888408.8586578, 1669888409.3565552, 1669888409.9389822, 1669888410.5432045, 1669888411.207899, 1669888411.8453763, 1669888412.2365758, 1669888412.7102163, 1669888413.20109, 1669888416.469984, 1669888417.2409966, 1669888417.7234263, 1669888418.303144, 1669888418.9541082, 1669888419.379234, 1669888419.8940592, 1669888420.4365575, 1669888421.0396993, 1669888421.5102818, 1669888422.0960557, 1669888422.6102195, 1669888423.152003, 1669888423.9621773, 1669888424.684105, 1669888425.6307313, 1669888426.1599848, 1669888426.9191785, 1669888427.7684329, 1669888428.284278, 1669888428.8389928, 1669888429.5205607, 1669888429.9008174, 1669888430.397173, 1669888430.888213, 1669888431.3726225, 1669888431.7784605, 1669888432.5825424, 1669888436.7228057, 1669888437.4159226, 1669888437.8466709, 1669888438.720822, 1669888439.3344605, 1669888439.802174, 1669888440.3208077, 1669888440.8608627, 1669888441.3205352, 1669888441.8689864, 1669888442.3289576, 1669888442.7360117, 1669888443.2676146, 1669888443.9569378, 1669888444.5799403, 1669888445.1419787, 1669888445.6066697, 1669888446.0841336, 1669888446.6102014, 1669888447.406354, 1669888447.9888172, 1669888448.8236423, 1669888449.4615114, 1669888449.9732764, 1669888450.3845391, 1669888450.8216214, 1669888451.273612, 1669888451.7434368, 1669888452.336919, 1669888452.837787, 1669888453.3665056, 1669888453.8685713, 1669888457.7693772, 1669888458.3688047, 1669888458.805094, 1669888459.3124478, 1669888459.681887, 1669888460.255318, 1669888460.7217515, 1669888461.2930365, 1669888461.814588, 1669888462.454782, 1669888462.962263, 1669888463.4288568, 1669888463.763342, 1669888464.3255882, 1669888464.9185612, 1669888465.4564912, 1669888466.1617928, 1669888466.7854156, 1669888467.2706115, 1669888468.0292344, 1669888468.4825373, 1669888469.1138434, 1669888469.7773657, 1669888470.292221, 1669888470.6929708, 1669888471.234615, 1669888471.724658, 1669888472.1437662, 1669888472.6839178, 1669888473.4355323, 1669888473.8654494, 1669888474.3423116, 1669888474.8875384], "episode_lengths": [150, 150, 150, 150, 150, 150, 150, 150, 135, 150, 150, 150, 150, 150, 150, 150, 150, 150, 150, 79, 150, 150, 150, 150, 150, 150, 150, 150, 150, 127, 86, 150, 150, 138, 150, 97, 114, 150, 116, 100, 55, 100, 115, 80, 150, 150, 46, 150, 150, 150, 125, 150, 150, 73, 150, 150, 102, 90, 74, 67, 86, 150, 150, 150, 43, 105, 122, 92, 150, 87, 118, 150, 71, 150, 49, 82, 150, 82, 65, 40, 72, 92, 38, 41, 145, 90, 32, 50, 28, 75, 72, 114, 73, 28, 55, 62, 91, 99, 150, 61, 55, 107, 150, 57, 67, 150, 71, 150, 33, 57, 109, 79, 79, 42, 43, 67, 48, 40, 50, 86, 41, 58, 38, 23, 78, 36, 26, 39, 36, 32, 45, 35, 35, 31, 37, 29, 33, 62, 33, 25, 29, 53, 64, 44, 37, 44, 28, 34, 46, 32, 34, 46, 28, 28, 34, 27, 32, 40, 24, 31, 47, 37, 33, 48, 24, 38, 39, 27, 38, 42, 30, 40, 45, 31, 42, 23, 27, 35, 29, 24, 29, 29, 29, 25, 21, 25, 25, 26, 41, 49, 37, 43, 33, 25, 25, 42, 21, 24, 29, 20, 24, 28, 38, 31, 38, 28, 33, 71, 48, 22, 24, 52, 26, 38, 42, 30, 28, 26, 24, 32, 25, 44, 26, 36, 26, 39, 28, 29, 35, 35, 40, 39, 22, 27, 28, 22, 46, 28, 35, 40, 24, 30, 32, 37, 27, 35, 30, 32, 51, 45, 55, 30, 46, 52, 29, 32, 41, 20, 28, 27, 27, 22, 48, 55, 40, 24, 51, 33, 25, 29, 31, 25, 31, 26, 22, 30, 40, 35, 32, 26, 27, 30, 44, 33, 50, 35, 28, 23, 26, 25, 27, 35, 29, 30, 29, 43, 35, 24, 29, 19, 33, 27, 33, 30, 38, 29, 26, 17, 33, 35, 31, 43, 37, 27, 43, 21, 36, 39, 29, 21, 30, 28, 22, 30, 45, 24, 26, 32],