{"initial_reset_timestamp": 1669917574.9819653, "timestamps": [1669917578.647153, 1669917578.8428621, 1669917579.1080844, 1669917579.4266944, 1669917579.7319963, 1669917580.0314455, 1669917580.3301067, 1669917580.6269722, 1669917580.9273367, 1669917581.2186682, 1669917584.3471508, 1669917584.6391659, 1669917584.9301002, 1669917585.223459, 1669917585.5154543, 1669917585.8233287, 1669917586.1132603, 1669917586.4019809, 1669917586.6935027, 1669917586.9853823, 1669917590.9590716, 1669917592.1474552, 1669917593.4242682, 1669917594.6456149, 1669917595.8336687, 1669917597.0203443, 1669917597.6970394, 1669917598.9020805, 1669917600.0960033, 1669917601.2981925, 1669917605.349801, 1669917606.5151834, 1669917607.6628623, 1669917609.0146444, 1669917610.2901354, 1669917611.4978185, 1669917612.6280227, 1669917613.8349235, 1669917615.085953, 1669917616.1723714, 1669917620.0641963, 1669917621.272311, 1669917622.4792929, 1669917623.6062317, 1669917624.8115149, 1669917625.9647422, 1669917627.2069087, 1669917628.4815454, 1669917629.7462366, 1669917630.9517405, 1669917632.0110607, 1669917636.3315365, 1669917637.5088224, 1669917638.7144232, 1669917639.9994462, 1669917641.2134109, 1669917642.425144, 1669917643.6386273, 1669917644.8811257, 1669917645.6501029, 1669917646.880312, 1669917650.4008512, 1669917651.2727773, 1669917652.4684901, 1669917653.7135227, 1669917654.914353, 1669917656.1298888, 1669917657.3162344, 1669917657.9456851, 1669917658.8477561, 1669917659.6123912, 1669917660.6766078, 1669917661.768408, 1669917665.819179, 1669917666.8979335, 1669917668.1525395, 1669917669.3467262, 1669917670.554456, 1669917671.739064, 1669917672.9510696, 1669917674.1466382, 1669917675.3647375, 1669917676.563403, 1669917680.2335014, 1669917681.306085, 1669917682.4841928, 1669917683.7863908, 1669917684.928571, 1669917685.9985955, 1669917686.9303415, 1669917688.150482, 1669917689.3214674, 1669917690.1871765, 1669917691.3887954, 1669917695.318186, 1669917696.4603462, 1669917697.4623196, 1669917698.707806, 1669917699.6858208, 1669917700.8748252, 1669917702.123397, 1669917703.3501043, 1669917704.2278428, 1669917705.426975, 1669917706.603772, 1669917710.6668115, 1669917711.8777866, 1669917712.911585, 1669917714.2042701, 1669917715.425704, 1669917716.61033, 1669917717.795273, 1669917719.0075006, 1669917720.236843, 1669917721.3943024, 1669917725.6181266, 1669917726.8121643, 1669917728.0177557, 1669917729.2065241, 1669917730.4208925, 1669917731.6274247, 1669917732.8268619, 1669917734.0360582, 1669917735.2485669, 1669917736.4462366, 1669917740.4947371, 1669917741.676711, 1669917742.8005977, 1669917743.9658628, 1669917745.157876, 1669917746.4079933, 1669917747.5893538, 1669917748.7942526, 1669917750.010928, 1669917751.1678782, 1669917755.1348314, 1669917756.237007, 1669917757.2674813, 1669917758.439216, 1669917759.6260488, 1669917760.82623, 1669917762.0884824, 1669917763.306614, 1669917764.5030818, 1669917765.7010658, 1669917769.6460574, 1669917770.821855, 1669917771.9986365, 1669917773.174606, 1669917774.3705533, 1669917775.5783193, 1669917776.7423573, 1669917777.9926808, 1669917779.1742878, 1669917780.3542316, 1669917784.290127, 1669917785.4264953, 1669917786.6116812, 1669917787.7917957, 1669917789.0037606, 1669917790.2023761, 1669917791.3869805, 1669917792.53285, 1669917793.7729151, 1669917794.959845, 1669917799.3994591, 1669917800.59069, 1669917801.7749577, 1669917802.9753048, 1669917804.150034, 1669917805.3368201, 1669917806.592588, 1669917807.7774684, 1669917808.9712596, 1669917810.1820798, 1669917814.6441479, 1669917815.8883889, 1669917817.1350312, 1669917818.3545847, 1669917819.6629467, 1669917820.843448, 1669917821.9350016, 1669917823.083331, 1669917824.2858133, 1669917825.4365094, 1669917829.60695, 1669917830.6870675, 1669917831.8647802, 1669917833.0427074, 1669917834.2799375, 1669917835.464683, 1669917836.6403341, 1669917837.8554728, 1669917839.048491, 1669917840.2424972, 1669917844.601392, 1669917845.792326, 1669917847.004506, 1669917848.2506306, 1669917849.4499187, 1669917850.665236, 1669917851.873254, 1669917853.0851526, 1669917854.286245, 1669917855.5155175, 1669917859.8004944, 1669917860.991723, 1669917862.2041655, 1669917863.398092, 1669917864.5819924, 1669917865.8642533, 1669917867.0609117, 1669917868.2773583, 1669917869.500975, 1669917870.7158601, 1669917874.7023854, 1669917875.943941, 1669917876.832443, 1669917878.0969853, 1669917879.2767978, 1669917880.459811, 1669917881.6595783, 1669917882.8380544, 1669917884.0241363, 1669917885.226863, 1669917889.2689078, 1669917890.4772956, 1669917891.6573892, 1669917892.8494473, 1669917894.0842679, 1669917895.3682117, 1669917896.5847049, 1669917897.7709408, 1669917898.9902134, 1669917900.19773, 1669917904.3287206, 1669917905.5407345, 1669917906.754999, 1669917908.0248559, 1669917909.275683, 1669917910.431508, 1669917911.6449716, 1669917912.85209, 1669917914.0584996, 1669917915.2772639, 1669917919.6172478, 1669917920.8195992, 1669917922.1073127, 1669917923.3915808, 1669917924.6452217, 1669917925.8797212, 1669917927.1553597, 1669917928.3609085, 1669917929.5643852, 1669917930.765835, 1669917934.9668844, 1669917936.1543996, 1669917937.3289478, 1669917938.5216649, 1669917939.7064376, 1669917940.8260095, 1669917941.915155, 1669917943.1047695, 1669917944.2777946, 1669917945.4640326, 1669917949.8629704, 1669917950.9693391, 1669917952.0593023, 1669917953.2423906, 1669917954.467856, 1669917955.6436882, 1669917956.8282712, 1669917958.0177379, 1669917959.1783264, 1669917960.369538, 1669917965.4169424, 1669917966.5733435, 1669917967.754019, 1669917968.9329398, 1669917970.1530688, 1669917971.2662845, 1669917972.4396842, 1669917973.6234748, 1669917974.808274, 1669917976.0010622, 1669917980.1367726, 1669917981.3235757, 1669917982.5066378, 1669917983.6874352, 1669917984.8493693, 1669917986.0309227, 1669917987.2036335, 1669917988.4021652, 1669917989.5802786, 1669917990.764713, 1669917994.7783406, 1669917996.0199826, 1669917997.2113235, 1669917998.43297, 1669917999.4386406, 1669918000.6734505, 1669918001.8773308, 1669918003.0614896, 1669918004.269793, 1669918005.4560025, 1669918006.6362443, 1669918010.9138393, 1669918012.0761156, 1669918013.2997103, 1669918014.5201683, 1669918015.7217064, 1669918016.9229133, 1669918018.127041, 1669918019.3292437, 1669918020.4757547, 1669918021.6380775, 1669918025.6644373, 1669918026.9171674, 1669918027.7953658, 1669918028.981981, 1669918030.2057211, 1669918031.3822951, 1669918032.5522578, 1669918033.7144203, 1669918034.9034946, 1669918036.0855742, 1669918040.1038098, 1669918041.2981825, 1669918042.539416, 1669918043.718198, 1669918044.9466126, 1669918046.162786, 1669918047.3618314, 1669918048.5429068, 1669918049.724965, 1669918050.9034445, 1669918054.7856262, 1669918055.9899719, 1669918056.976015, 1669918058.2381523, 1669918059.435622, 1669918060.5554554, 1669918061.7423253, 1669918062.8647382, 1669918064.0066621, 1669918065.1234136, 1669918068.9557006, 1669918070.1383533, 1669918071.3114522, 1669918072.4868624, 1669918073.6302133, 1669918074.8836982, 1669918076.0623796, 1669918077.243572, 1669918078.4271686, 1669918079.6291044, 1669918083.6986747, 1669918084.8828464, 1669918086.0565047, 1669918087.2424755, 1669918088.413821, 1669918089.6000175, 1669918090.8818274, 1669918092.0691118, 1669918093.2493598, 1669918094.4315038, 1669918098.740862, 1669918099.9588249, 1669918101.13387, 1669918102.3322272, 1669918103.5271316, 1669918104.7126439, 1669918105.9837775, 1669918107.2002144, 1669918108.3965096, 1669918109.548593, 1669918114.477053, 1669918115.7351449, 1669918116.9180384, 1669918118.094162, 1669918119.2664733, 1669918120.4492722, 1669918121.6355278, 1669918122.810868, 1669918123.9890866, 1669918125.1723835, 1669918129.0660527, 1669918130.2586086, 1669918131.5026684, 1669918132.685059, 1669918133.8637743, 1669918135.0496747, 1669918136.2502337, 1669918137.430187, 1669918138.599884, 1669918139.7916846, 1669918143.8349679, 1669918145.02857, 1669918146.2125044, 1669918147.4702353, 1669918148.6502874, 1669918149.8252475, 