{"initial_reset_timestamp": 1669899799.803018, "timestamps": [1669899802.984065, 1669899803.2313573, 1669899803.5968845, 1669899803.9637728, 1669899804.300834, 1669899804.629323, 1669899807.5491307, 1669899807.871091, 1669899808.1969194, 1669899808.5256882, 1669899808.8541915, 1669899809.1776829, 1669899809.389669, 1669899812.6987183, 1669899815.0173554, 1669899817.3343165, 1669899819.6089897, 1669899821.8747, 1669899824.1769457, 1669899826.4630516, 1669899831.0583813, 1669899833.297859, 1669899835.5457287, 1669899837.8245978, 1669899840.1138296, 1669899842.4165409, 1669899844.6611896, 1669899849.2813966, 1669899851.5404692, 1669899853.8345983, 1669899856.084136, 1669899858.333361, 1669899860.567005, 1669899865.2662778, 1669899867.5236828, 1669899869.808868, 1669899872.052138, 1669899873.7252946, 1669899875.9730184, 1669899877.3652904, 1669899879.6196673, 1669899883.6144166, 1669899885.8731363, 1669899887.287952, 1669899888.2744253, 1669899889.3332057, 1669899890.5228567, 1669899891.702299, 1669899892.783619, 1669899893.9921618, 1669899894.467972, 1669899895.4244037, 1669899896.4890022, 1669899900.6189237, 1669899901.374708, 1669899902.719222, 1669899903.6431231, 1669899904.3700948, 1669899905.476047, 1669899906.1982436, 1669899908.0278997, 1669899908.3624365, 1669899908.8229697, 1669899909.574003, 1669899910.4017763, 1669899911.7206676, 1669899912.4732106, 1669899913.5839047, 1669899914.6075976, 1669899915.2797024, 1669899915.9189532, 1669899920.0049675, 1669899921.0879314, 1669899923.293189, 1669899924.1203766, 1669899925.655571, 1669899926.869961, 1669899927.517029, 1669899928.1403832, 1669899929.235224, 1669899929.7838488, 1669899930.7012029, 1669899931.9809315, 1669899933.5076268, 1669899934.8452384, 1669899938.0645652, 1669899938.715041, 1669899940.1044662, 1669899941.8036978, 1669899943.023274, 1669899943.7772043, 1669899944.70326, 1669899946.161373, 1669899947.122412, 1669899948.2270126, 1669899949.1932838, 1669899950.0645144, 1669899951.5591576, 1669899952.3986313, 1669899956.2460394, 1669899957.059399, 1669899957.6919513, 1669899958.638429, 1669899959.6567392, 1669899960.625635, 1669899961.5537398, 1669899962.662675, 1669899963.1788275, 1669899963.8322134, 1669899964.5059164, 1669899965.128005, 1669899966.0405262, 1669899966.5647907, 1669899967.318764, 1669899969.2258143, 1669899969.8893085, 1669899970.4472363, 1669899971.180987, 1669899971.6809893, 1669899974.9622335, 1669899975.6346622, 1669899976.3455074, 1669899976.7222683, 1669899977.5903745, 1669899978.238062, 1669899979.0847232, 1669899980.153914, 1669899980.677528, 1669899981.264463, 1669899981.8534064, 1669899982.6164682, 1669899983.1259568, 1669899984.465973, 1669899985.372725, 1669899985.9057121, 1669899986.455796, 1669899987.1773074, 1669899987.6664286, 1669899988.2393966, 1669899988.786177, 1669899989.338482, 1669899989.9349034, 1669899990.90003, 1669899994.4614697, 1669899995.186641, 1669899995.5795, 1669899996.6334198, 1669899997.5385697, 1669899998.065432, 1669899998.571458, 1669899999.1301825, 1669899999.8893025, 1669900000.5301068, 1669900001.040559, 1669900001.773467, 1669900002.4067643, 1669900002.9529839, 1669900003.5264904, 1669900004.1411498, 1669900004.6659763, 1669900005.715506, 1669900006.8499665, 1669900008.0111873, 1669900008.620516, 1669900008.9983819, 1669900010.565291, 1669900013.92095, 1669900014.553354, 1669900014.939853, 1669900015.522046, 1669900016.226259, 1669900016.9904397, 1669900017.7407875, 1669900018.2082887, 1669900018.6868062, 1669900019.1996279, 1669900019.597353, 1669900020.2649076, 1669900020.9029758, 1669900021.486409, 1669900022.1454263, 1669900022.8532162, 1669900023.344983, 1669900024.1418574, 1669900024.6159658, 1669900025.1748438, 1669900025.9913573, 1669900026.6238582, 1669900027.1275132, 1669900027.5751321, 1669900028.098279, 1669900028.6719072, 1669900029.2617674, 1669900030.0731962, 1669900030.502557, 1669900033.6490905, 1669900034.018605, 1669900035.008132, 1669900035.6186795, 1669900036.0853238, 1669900036.5280442, 1669900037.1412215, 1669900037.655504, 1669900038.191913, 1669900038.6778119, 1669900039.2501774, 1669900039.795018, 1669900040.5076928, 1669900041.100068, 1669900041.6969008, 1669900042.212279, 1669900042.6577518, 1669900043.2495787, 1669900043.8645048, 1669900044.3983004, 1669900045.2558837, 1669900045.93956, 1669900046.6152859, 1669900047.0523834, 1669900047.7199483, 1669900048.5089552, 1669900049.1141422, 1669900049.6355853, 1669900053.0450313, 1669900053.4738736, 1669900054.2186806, 1669900054.734807, 1669900055.8746612, 1669900056.3775811, 1669900056.933555, 1669900057.6633847, 1669900058.131762, 1669900058.9566674, 1669900059.4241464, 1669900060.1561065, 1669900060.979518, 1669900061.6984966, 1669900062.1576116, 1669900062.4878917, 1669900063.3042886, 1669900063.747815, 1669900064.18398, 1669900064.9653058, 1669900065.3330228, 1669900065.9017243, 1669900066.515906, 1669900067.018474, 1669900067.948182, 1669900068.4634454, 1669900068.9771888, 1669900072.783751, 1669900073.5138102, 1669900073.9403276, 1669900074.6476932, 1669900075.2344987, 1669900076.009771, 1669900076.4749117, 1669900077.0296974, 1669900077.5951345, 1669900078.2604764, 1669900078.6841595, 1669900079.1269383, 1669900079.6146612, 1669900080.105969, 1669900080.5687244, 1669900081.0354495, 1669900081.5501785, 1669900082.0213375, 1669900082.7023728, 1669900083.2306907, 1669900083.9568253, 1669900084.3437195, 1669900085.1564271, 1669900086.0437016, 1669900086.8423526, 1669900087.3125975, 1669900087.9319022, 1669900088.435679, 1669900092.3172293, 1669900092.8198855, 1669900093.533849, 1669900094.4570842, 1669900095.3246043, 1669900095.844145, 1669900096.5373857, 1669900096.8952494, 1669900097.8233268, 1669900099.0696685, 1669900099.6307824, 1669900100.412323, 1669900100.921424, 1669900101.6359723, 1669900102.6546965, 1669900103.244768, 1669900103.9727182, 1669900104.6378014, 1669900105.5364861, 1669900105.969273, 1669900106.3964167, 1669900106.8395104, 1669900107.6622064, 1669900111.8370173, 1669900112.1305592, 1669900112.7976177, 1669900113.3012102, 1669900113.7425282, 1669900114.1823552, 1669900114.6647053, 1669900115.1965306, 1669900116.1384904, 1669900116.6596835, 1669900117.507461, 1669900118.4500253, 1669900119.0984576, 1669900119.7540507, 1669900120.2259572, 1669900120.73993, 1669900121.1277027, 1669900121.736372, 1669900122.223709, 1669900123.008176, 1669900123.572873, 1669900124.0005538, 1669900124.6178007, 1669900124.96594, 1669900125.8117685, 1669900126.3233511, 1669900127.077993, 1669900127.7292368, 1669900128.2990758, 1669900131.567488, 1669900132.2071378, 1669900133.1160157, 1669900133.8695202, 1669900134.3079565, 1669900134.9643292, 1669900135.511426, 1669900136.1434226, 1669900136.734297, 1669900137.3059804, 1669900137.780979, 1669900138.3531394, 1669900138.928803, 1669900139.4116764, 1669900140.1456022, 1669900140.6352656, 1669900141.2818005, 1669900142.0408404, 1669900142.759245, 1669900143.461163, 1669900144.0129678, 1669900144.6152697, 1669900145.1589644, 1669900145.7128356, 1669900146.355381, 1669900147.1592515, 1669900147.7537603],