{"initial_reset_timestamp": 1669882120.5473404, "timestamps": [1669882123.7259314, 1669882123.9740984, 1669882124.3439033, 1669882124.6767368, 1669882124.9915392, 1669882125.3170385, 1669882128.1851504, 1669882128.5033753, 1669882128.824461, 1669882129.142358, 1669882129.4863524, 1669882129.809755, 1669882130.1151009, 1669882133.7978568, 1669882136.077629, 1669882138.4525578, 1669882140.7529619, 1669882143.0104728, 1669882145.3045182, 1669882147.6274219, 1669882152.2581666, 1669882154.535817, 1669882156.7461333, 1669882158.0790443, 1669882160.3009694, 1669882162.6566122, 1669882164.1793923, 1669882168.8785465, 1669882170.6224005, 1669882172.9501715, 1669882174.1374307, 1669882176.387711, 1669882177.2280152, 1669882178.3140802, 1669882180.5833642, 1669882182.7161663, 1669882187.4483812, 1669882188.2205474, 1669882189.5617025, 1669882190.8471687, 1669882192.194287, 1669882194.5467079, 1669882196.4492195, 1669882198.7890067, 1669882200.4417055, 1669882201.6796064, 1669882206.405042, 1669882208.6922984, 1669882210.9925892, 1669882212.5855546, 1669882214.8503299, 1669882217.1769881, 1669882219.473743, 1669882224.3064437, 1669882226.5817454, 1669882228.865102, 1669882231.133537, 1669882233.2860525, 1669882235.5620406, 1669882240.1729174, 1669882242.4417338, 1669882244.7637424, 1669882246.542735, 1669882247.5853987, 1669882248.9770448, 1669882250.9826255, 1669882251.9491515, 1669882253.632757, 1669882254.7812955, 1669882259.633664, 1669882260.57698, 1669882261.7612958, 1669882262.8590565, 1669882264.0011828, 1669882265.1395667, 1669882266.1949418, 1669882268.0856462, 1669882268.724715, 1669882269.5672736, 1669882271.6407437, 1669882273.1251225, 1669882277.2612505, 1669882278.0208423, 1669882280.164945, 1669882280.8500893, 1669882282.0200422, 1669882283.0955746, 1669882284.1273484, 1669882285.821927, 1669882286.6352956, 1669882287.5681877, 1669882288.2745504, 1669882289.9319115, 1669882291.0791247, 1669882294.7803025, 1669882295.4007838, 1669882296.3220441, 1669882297.5731044, 1669882298.4854894, 1669882299.4052527, 1669882300.3776715, 1669882301.1260402, 1669882301.9597178, 1669882302.4924664, 1669882302.907801, 1669882303.9381342, 1669882304.5384028, 1669882305.504176, 1669882306.2846558, 1669882306.8485081, 1669882307.407181, 1669882308.5928204, 1669882309.2620575, 1669882309.9349089, 1669882310.7020473, 1669882313.8807929, 1669882314.4758098, 1669882315.2471726, 1669882315.999271, 1669882316.8117297, 1669882317.8024814, 1669882318.3972113, 1669882319.253918, 1669882320.1781101, 1669882321.221474, 1669882321.891859, 1669882322.437799, 1669882323.0521698, 1669882323.927619, 1669882324.4754624, 1669882325.0742846, 1669882325.9025707, 1669882326.939589, 1669882327.5206773, 1669882328.7460399, 1669882329.9538887, 1669882333.5492916, 1669882334.5987985, 1669882335.4783678, 1669882336.379784, 1669882336.9960449, 1669882338.0126445, 1669882338.706666, 1669882339.2885084, 1669882339.7145393, 1669882340.3509345, 1669882341.0434597, 1669882341.57176, 1669882342.586284, 1669882343.2293427, 1669882344.1130981, 1669882344.8654199, 1669882345.5175064, 1669882346.4423685, 1669882346.9603753, 1669882347.3792486, 1669882348.0958002, 1669882348.8554256, 1669882349.5089586, 1669882353.1179233, 1669882353.9552047, 1669882354.5686014, 1669882355.04917, 1669882355.6435125, 1669882356.0600233, 1669882356.6615295, 1669882357.0375082, 1669882357.6582658, 1669882358.3947537, 1669882358.8103278, 1669882359.224829, 1669882359.6820028, 1669882360.1633434, 1669882360.7016633, 1669882361.5843968, 1669882362.1664445, 1669882362.653073, 1669882363.3504791, 1669882363.9126384, 1669882364.4895363, 1669882365.1260273, 1669882365.7007875, 1669882366.2341847, 1669882366.8799233, 1669882367.538444, 1669882368.139591, 1669882368.8418958, 1669882369.5163784, 1669882373.9063642, 1669882374.5939744, 1669882375.1526718, 1669882375.7980523, 1669882376.7455196, 1669882377.7215095, 1669882378.5183353, 1669882380.076672, 1669882380.813386, 1669882381.5429466, 1669882382.453738, 1669882383.1165168, 1669882384.068878, 1669882384.620378, 1669882385.4768484, 1669882386.4157667, 1669882387.1014419, 1669882387.7141569, 1669882388.518742, 1669882392.4219944, 1669882393.15338, 1669882393.5282137, 1669882394.2649293, 1669882394.8741896, 1669882395.421895, 1669882396.262294, 1669882396.8886003, 1669882397.4098432, 1669882397.9328706, 1669882398.3419578, 1669882398.9736996, 1669882399.7715225, 1669882400.0908718, 1669882400.740384, 1669882401.333485, 1669882402.1819525, 1669882402.7519832, 1669882403.4396493, 1669882403.8927052, 1669882404.3695383, 1669882405.394979, 1669882405.903636, 1669882406.6605902, 1669882407.2686274, 1669882407.9646988, 1669882408.8611877, 1669882409.4843335, 1669882413.3820643, 1669882414.1583674, 1669882414.719981, 1669882415.332099, 1669882416.3148313, 1669882416.7510924, 1669882417.3298888, 1669882417.8310494, 1669882418.2502556, 1669882418.6015408, 1669882419.3225126, 1669882420.084393, 1669882421.365466, 1669882422.0420148, 1669882422.5750966, 1669882423.4213445, 1669882424.098251, 1669882424.7786293, 1669882425.2520213, 1669882425.704703, 1669882426.2265096, 1669882426.7138937, 1669882427.233888, 1669882427.8566122, 1669882428.5665436, 1669882428.9918313, 1669882429.590194, 1669882433.7633429, 1669882434.1127887, 1669882434.65063, 1669882435.145657, 1669882435.7229085, 1669882436.209564, 1669882436.9147763, 1669882437.3313582, 1669882437.838078, 1669882438.5972865, 1669882439.0382698, 1669882439.5239673, 1669882439.9225826, 1669882440.35477, 1669882440.6829486, 1669882441.2494144, 1669882441.738576, 1669882442.1555128, 1669882442.7262986, 1669882443.2788613, 1669882444.1153822, 1669882444.4837556, 1669882445.15724, 1669882445.8224077, 1669882446.2567074, 1669882446.7441907, 1669882447.0985508, 1669882447.6851444, 1669882448.2959962, 1669882448.7965271, 1669882449.4847898, 1669882449.956665, 1669882454.1590774, 1669882454.7578645, 1669882455.2661746, 1669882455.8324935, 1669882456.292331, 1669882456.9582531, 1669882457.599987, 1669882458.253934, 1669882459.0110073, 1669882460.1014066, 1669882460.9012437, 1669882461.4217544, 1669882461.99343, 1669882462.5312195, 1669882463.2391386, 1669882463.894138, 1669882464.5547585, 1669882465.4341905, 1669882465.7927692, 1669882466.2879753, 1669882466.7452464, 1669882467.2778502, 1669882467.9614513, 1669882468.6336133, 1669882469.1502678, 1669882469.5937855, 1669882470.0023093, 1669882470.4572897, 1669882471.1016002], "episode_lengths": [150, 150, 150, 150, 138, 150, 133, 150, 150, 150, 150, 150, 143, 150, 150, 150, 150, 150, 150, 150, 150, 150, 150, 85, 150, 150, 93, 150, 106, 150, 75, 150, 51, 66, 150, 150, 150, 45, 83, 80, 85, 150, 122, 150, 104, 75, 150, 150, 150, 102, 150, 150, 150, 150, 150, 150, 150, 142, 150, 150, 150, 150, 113, 65, 85, 132, 60, 106, 71, 150, 57, 73, 67, 72, 73, 66, 125, 38, 52, 134, 92, 101, 46, 141, 41, 75, 68, 65, 114, 49, 57, 47, 111, 75, 67, 37, 55, 77, 53, 55, 63, 46, 54, 31, 25, 64, 37, 59, 48, 33, 33, 74, 38, 40, 46, 23, 33, 47, 44, 50, 58, 35, 53, 58, 66, 41, 32, 37, 55, 32, 35, 51, 64, 34, 78, 79, 41, 66, 55, 56, 36, 62, 44, 36, 25, 40, 41, 30, 63, 38, 55, 45, 39, 58, 30, 23, 40, 47, 42, 37, 51, 32, 27, 35, 23, 35, 20, 37, 45, 23, 23, 26, 27, 31, 53, 34, 28, 42, 33, 34, 38, 34, 31, 38, 39, 35, 43, 41, 80, 41, 33, 39, 59, 61, 48, 100, 44, 44, 56, 35, 59, 32, 53, 60, 41, 36, 48, 48, 41, 19, 44, 35, 31, 52, 37, 28, 29, 23, 36, 48, 16, 38, 34, 52, 33, 40, 25, 26, 62, 29, 45, 35, 37, 53, 35, 30, 47, 27, 36, 65, 25, 35, 30, 24, 18, 41, 45, 78, 39, 28, 49, 39, 39, 26, 24, 29, 28, 30, 37, 42, 23, 35, 38, 18, 34, 31, 34, 30, 43, 24, 26, 51, 26, 31, 21, 25, 17, 33, 28, 22, 33, 30, 51, 19, 40, 39, 30, 30, 21, 38, 41, 30, 47, 29, 42, 34, 29, 32, 25, 39, 38, 41, 47, 70, 51, 29, 28, 30, 40, 36, 36, 53, 21, 31, 28, 32, 40, 39, 29, 24, 21, 24, 37],