{"initial_reset_timestamp": 1669884857.5003319, "timestamps": [1669884860.7404244, 1669884860.9875162, 1669884861.344599, 1669884861.6772282, 1669884862.0028982, 1669884862.3258388, 1669884865.223054, 1669884865.5433955, 1669884865.8636625, 1669884866.2101364, 1669884866.528693, 1669884866.8469148, 1669884867.1618366, 1669884871.253238, 1669884873.500082, 1669884875.7293193, 1669884877.9535987, 1669884880.1543846, 1669884882.4063818, 1669884884.589903, 1669884889.0680008, 1669884891.352044, 1669884893.621525, 1669884895.871153, 1669884898.1042957, 1669884900.3209994, 1669884904.8248432, 1669884907.1386065, 1669884909.3982792, 1669884911.6392927, 1669884913.881566, 1669884916.088539, 1669884918.3077602, 1669884922.9051268, 1669884924.9504473, 1669884926.3875892, 1669884928.6228404, 1669884930.8476138, 1669884933.1011143, 1669884934.6193104, 1669884939.209017, 1669884941.1840675, 1669884943.4543908, 1669884944.6475708, 1669884946.2141137, 1669884948.4595816, 1669884950.7045283, 1669884951.8357203, 1669884956.3549137, 1669884957.931646, 1669884960.1789696, 1669884962.42407, 1669884964.0911717, 1669884966.4176474, 1669884968.6357672, 1669884969.667879, 1669884974.3380125, 1669884976.5734065, 1669884978.798385, 1669884979.859025, 1669884981.2476432, 1669884982.9305816, 1669884985.102485, 1669884987.3321867, 1669884991.8480036, 1669884993.7256536, 1669884996.0006623, 1669884998.2495182, 1669885000.4896302, 1669885002.686692, 1669885004.899271, 1669885009.563554, 1669885010.4226456, 1669885012.657766, 1669885014.3127837, 1669885014.8120759, 1669885017.0363324, 1669885019.303513, 1669885020.7035909, 1669885022.9385152, 1669885026.7693458, 1669885029.0018072, 1669885030.1651998, 1669885030.9358213, 1669885032.0493453, 1669885032.86516, 1669885035.1112187, 1669885037.151372, 1669885039.3832521, 1669885039.8644214, 1669885040.98065, 1669885044.6423624, 1669885045.3308394, 1669885047.0277696, 1669885048.8125563, 1669885049.4079049, 1669885050.4177413, 1669885051.283568, 1669885052.9223988, 1669885054.2471251, 1669885056.1024523, 1669885056.8615096, 1669885058.0007477, 1669885062.2740855, 1669885063.0903447, 1669885063.858342, 1669885065.4238691, 1669885066.2986016, 1669885067.1372738, 1669885067.6339054, 1669885068.2273912, 1669885069.2107058, 1669885069.805978, 1669885070.6821816, 1669885071.5264945, 1669885072.328168, 1669885072.9303734, 1669885074.6974862, 1669885075.6905055, 1669885076.5456939, 1669885077.2280104, 1669885081.0571904, 1669885082.1504474, 1669885082.9954545, 1669885083.4293244, 1669885084.3619506, 1669885085.3904207, 1669885086.029119, 1669885086.8517127, 1669885087.7936497, 1669885089.0359452, 1669885090.251495, 1669885090.7934425, 1669885092.3643806, 1669885093.0992017, 1669885094.2095046, 1669885094.9830341, 1669885095.8334863, 1669885099.6780336, 1669885100.2678974, 1669885100.9112709, 1669885102.0951893, 1669885102.9842856, 1669885103.5545566, 1669885105.781919, 1669885106.9577231, 1669885108.5011272, 1669885109.9928267, 1669885110.9759166, 1669885111.602632, 1669885113.122035, 1669885114.1522644, 1669885114.611045, 1669885118.5498068, 1669885119.0571864, 1669885119.8776352, 1669885121.4775817, 1669885122.0359418, 1669885122.847986, 1669885123.8176942, 1669885124.184711, 1669885124.601341, 1669885125.6051095, 1669885126.237318, 1669885126.8800538, 1669885127.5675795, 1669885128.228043, 1669885128.9668348, 1669885129.601216, 1669885130.1624954, 1669885130.8032558, 1669885131.3628266, 1669885132.1682765, 1669885133.205576, 1669885133.93946, 1669885137.7961106, 1669885138.4439397, 1669885138.9864256, 1669885139.8453448, 1669885140.4335098, 1669885140.9304543, 1669885141.8845632, 1669885142.4754755, 1669885143.2354329, 1669885143.749244, 1669885144.2470393, 1669885145.2841804, 1669885146.0961914, 1669885146.582932, 1669885147.434719, 1669885148.2598088, 1669885148.8984797, 1669885149.6790802, 1669885150.187469, 1669885150.603381, 1669885151.1020885, 1669885151.626677, 1669885152.1362097, 1669885152.6264808, 1669885153.0109966, 1669885153.6365056, 1669885158.2714863, 1669885158.9258935, 1669885159.5003414, 1669885160.0985518, 1669885160.7873683, 1669885161.5274081, 1669885162.0618143, 1669885162.8555458, 1669885163.6810882, 1669885164.1200125, 1669885164.6596792, 1669885165.1993809, 1669885165.796188, 1669885166.981023, 1669885167.5234847, 1669885168.0537558, 1669885168.8845575, 1669885169.7196767, 1669885170.4867, 1669885170.863318, 1669885171.3123133, 1669885171.9171107, 1669885172.6446912, 1669885173.102227, 1669885173.6095986, 1669885178.2022774, 1669885178.681137, 1669885179.4099085, 1669885179.864196, 1669885180.5756392, 1669885181.0714495, 1669885181.7477734, 1669885182.7000275, 1669885183.2975562, 1669885184.0801635, 1669885185.2144628, 1669885185.9850779, 1669885186.421583, 1669885187.1878633, 1669885187.851295, 1669885188.4672368, 1669885188.9471164, 1669885189.6758685, 1669885190.1813135, 1669885190.773422, 1669885191.1965506, 1669885191.6599917, 1669885192.1755047, 1669885192.813941, 1669885193.5230901], "episode_lengths": [150, 150, 150, 150, 150, 150, 150, 150, 150, 150, 150, 150, 150, 150, 150, 150, 150, 150, 150, 150, 150, 150, 150, 150, 150, 150, 150, 150, 150, 150, 150, 150, 150, 150, 150, 102, 150, 150, 150, 99, 150, 131, 150, 77, 102, 150, 150, 72, 150, 103, 150, 150, 110, 150, 148, 65, 150, 150, 150, 68, 91, 111, 144, 150, 134, 123, 150, 150, 150, 150, 150, 150, 54, 150, 115, 29, 150, 150, 91, 150, 86, 150, 76, 48, 68, 50, 150, 134, 150, 29, 73, 67, 42, 114, 118, 35, 65, 49, 107, 82, 121, 47, 73, 110, 51, 44, 103, 55, 53, 28, 34, 62, 37, 55, 53, 50, 36, 118, 64, 54, 45, 54, 77, 58, 27, 65, 73, 40, 51, 59, 79, 78, 31, 102, 44, 70, 51, 55, 41, 37, 45, 88, 54, 34, 148, 79, 98, 98, 63, 33, 99, 66, 27, 53, 30, 52, 104, 33, 52, 61, 19, 23, 64, 37, 41, 42, 41, 46, 39, 34, 39, 34, 50, 66, 45, 30, 39, 32, 54, 35, 29, 62, 36, 44, 31, 29, 66, 51, 28, 54, 52, 39, 49, 30, 24, 29, 31, 30, 29, 22, 38, 61, 40, 34, 36, 42, 42, 32, 50, 52, 25, 32, 32, 36, 77, 32, 31, 53, 53, 48, 21, 26, 37, 45, 26, 30, 46, 28, 45, 26, 39, 29, 41, 61, 36, 49, 75, 48, 25, 49, 41, 37, 28, 45, 32, 40, 26, 30, 34, 43, 49], "episode_rewards": [-150.0, -150.0, -150.0, -150.0, -150.0, -150.0, -150.0, -150.0, -150.0, -150.0, -150.0, -150.0, -150.0, -150.0, -150.0, -150.0, -150.0, -150.0, -150.0, -150.0, -150.0, -150.0, -150.0, -150.0, -150.0, -150.0, -150.0, -150.0, -150.0, -150.0, -150.0, -150.0, -150.0, -150.0, -150.0, -101.0, -150.0, -150.0, -150.0, -98.0, -150.0, -130.0, -150.0, -76.0, -101.0, -150.0, -150.0, -71.0, -150.0, -102.0, -150.0, -150.0, -109.0, -150.0, -147.0, -64.0, -150.0, -150.0, -150.0, -67.0, -90.0, -110.0, -143.0, -150.0, -133.0, -122.0, -150.0, -150.0, -150.0, -150.0, -150.0, -150.0, -53.0, -150.0, -114.0, -28.0, -150.0, -150.0, -90.0, -150.0, -85.0, -150.0, -75.0, -47.0, -67.0, -49.0, -150.0, -133.0, -150.0, -28.0, -72.0, -66.0, -41.0, -113.0, -117.0, -34.0, -64.0, -48.0, -106.0, -81.0, -120.0, -46.0, -72.0, -109.0, -50.0, -43.0, -102.0, -54.0, -52.0, -27.0, -33.0, -61.0, -36.0, -54.0, -52.0, -49.0, -35.0, -117.0, -63.0, -53.0, -44.0, -53.0, -76.0, -57.0, -26.0, -64.0, -72.0, -39.0, -50.0, -58.0, -78.0, -77.0, -30.0, -101.0, -43.0, -69.0, -50.0, -54.0, -40.0, -36.0, -44.0, -87.0, -53.0, -33.0, -147.0, -78.0, -97.0, -97.0, -62.0, -32.0, -98.0, -65.0, -26.0, -52.0, -29.0, -51.0, -103.0, -32.0, -51.0, -60.0, -18.0, -22.0, -63.0, -36.0, -40.0, -41.0, -40.0, -45.0, -38.0, -33.0, -38.0, -33.0, -49.0, -65.0, -44.0, -29.0, -38.0, -31.0, -53.0, -34.0, -28.0, -61.0, -35.0, -43.0, -30.0, -28.0, -65.0, -50.0, -27.0, -53.0, -51.0, -38.0, -48.0, -29.0, -23.0, -28.0, -30.0, -29.0, -28.0, -21.0, -37.0, -60.0, -39.0, -33.0, -35.0, -41.0, -41.0, -31.0, -49.0, -51.0, -24.0, -31.0, -31.0, -35.0, -76.0, -31.0, -30.0, -52.0, -52.0, -47.0, -20.0, -25.0, -36.0, -44.0, -25.0, -29.0, -45.0, -27.0, -44.0, -25.0, -38.0, -28.0, -40.0, -60.0, -35.0, -48.0, -74.0, -47.0, -24.0, -48.0, -40.0, -36.0, -27.0, -44.0, -31.0, -39.0, -25.0, -29.0, -33.0, -42.0, -48.0],