{"initial_reset_timestamp": 1669877094.9675858, "timestamps": [1669877097.9613223, 1669877098.2033145, 1669877098.5647416, 1669877098.9175117, 1669877099.2532523, 1669877099.585988, 1669877102.483982, 1669877102.8157122, 1669877103.1532583, 1669877103.4927702, 1669877103.8229306, 1669877104.1473753, 1669877104.4670827, 1669877108.3842688, 1669877110.232129, 1669877112.079071, 1669877113.8310304, 1669877115.7148352, 1669877117.599701, 1669877119.4199336, 1669877123.6455848, 1669877125.655928, 1669877127.6030412, 1669877129.5973566, 1669877131.5508606, 1669877133.5597413, 1669877137.8279903, 1669877139.752203, 1669877141.6721096, 1669877143.5697014, 1669877145.471555, 1669877147.3471193, 1669877149.2606552, 1669877153.554855, 1669877155.4620464, 1669877157.3783352, 1669877159.273686, 1669877161.0861797, 1669877162.9428906, 1669877164.7503598, 1669877168.918814, 1669877170.5410407, 1669877172.4067135, 1669877174.2863166, 1669877176.1562357, 1669877178.0461814, 1669877182.243985, 1669877184.1303673, 1669877186.0043972, 1669877187.89462, 1669877189.7097325, 1669877191.153541, 1669877193.0730755, 1669877197.270945, 1669877199.143171, 1669877200.7975488, 1669877202.7161555, 1669877204.657443, 1669877206.577357, 1669877208.4024072, 1669877212.191552, 1669877214.1041336, 1669877215.8589041, 1669877217.7483547, 1669877219.6324623, 1669877220.539613, 1669877222.4353235, 1669877226.6313238, 1669877228.5024872, 1669877230.2459195, 1669877232.1281796, 1669877234.0232048, 1669877235.7508035, 1669877237.0253189, 1669877238.009579, 1669877241.0057697, 1669877242.3079774, 1669877243.5796537, 1669877245.2705932, 1669877246.5226748, 1669877248.4068367, 1669877250.3149579, 1669877252.2561595, 1669877255.563735, 1669877257.450896, 1669877259.379655, 1669877261.2390683, 1669877263.0550518, 1669877264.9124923, 1669877266.5261972, 1669877270.666632, 1669877272.6094148, 1669877274.4774878, 1669877275.8961854, 1669877276.8893728, 1669877278.771474, 1669877280.6387994, 1669877284.78628, 1669877286.6388347, 1669877288.4786808, 1669877290.3671153, 1669877292.0866802, 1669877292.9710658, 1669877294.838153, 1669877299.0790722, 1669877299.7242386, 1669877301.5952237, 1669877303.3926623, 1669877304.3264124, 1669877305.2345054, 1669877306.2939208, 1669877307.5106392, 1669877308.5330448, 1669877310.4448562, 1669877311.0787141, 1669877315.302334, 1669877316.419301, 1669877317.3095398, 1669877319.2071648, 1669877320.5660915, 1669877321.3301623, 1669877322.1553535, 1669877322.9497318, 1669877323.698311, 1669877324.486975, 1669877325.1985383, 1669877326.257772, 1669877326.911504, 1669877330.7224457, 1669877331.7296872, 1669877332.5904286, 1669877333.6028132, 1669877334.038615, 1669877334.5622454, 1669877335.374933, 1669877336.3883476, 1669877337.4944015, 1669877338.1581285, 1669877339.8363292, 1669877340.519804, 1669877341.2266388, 1669877341.8458061, 1669877342.7277, 1669877345.5435007, 1669877346.0226927, 1669877346.362306, 1669877347.0857303, 1669877347.7779436, 1669877348.4303162, 1669877348.9030194, 1669877350.0427902, 1669877350.730232, 1669877351.7871013, 1669877352.6882536, 1669877353.4579213, 1669877354.0007792, 1669877354.802061, 1669877355.6087058, 1669877356.166691, 1669877357.5197816, 1669877360.939083, 1669877361.5227866, 1669877362.044383, 1669877362.7402685, 1669877363.4709766, 1669877364.270445, 1669877365.1753798, 1669877366.2927022, 1669877367.1052732, 1669877367.6769636, 1669877368.804294, 1669877369.5524578, 1669877370.5921793, 1669877371.2267876, 1669877371.828322, 1669877373.159701, 1669877373.7757037, 1669877374.4062967], "episode_lengths": [150, 150, 150, 150, 150, 150, 150, 150, 150, 150, 150, 150, 150, 150, 150, 150, 150, 150, 150, 150, 150, 150, 150, 150, 150, 150, 150, 150, 150, 150, 150, 150, 150, 150, 150, 150, 150, 150, 150, 150, 150, 150, 150, 150, 150, 150, 150, 150, 150, 150, 150, 113, 150, 150, 150, 132, 150, 150, 150, 150, 122, 150, 150, 150, 150, 69, 150, 150, 150, 139, 150, 150, 150, 121, 92, 61, 124, 123, 150, 97, 150, 150, 150, 74, 150, 150, 150, 150, 150, 150, 150, 150, 150, 111, 75, 150, 150, 150, 150, 150, 150, 138, 67, 150, 150, 47, 150, 144, 71, 69, 83, 94, 73, 150, 46, 150, 85, 67, 150, 106, 64, 62, 59, 56, 58, 52, 81, 43, 118, 77, 65, 78, 30, 37, 61, 78, 85, 49, 125, 47, 49, 45, 66, 38, 33, 22, 57, 62, 59, 40, 90, 46, 78, 68, 56, 37, 59, 59, 40, 104, 85, 41, 37, 50, 54, 55, 68, 87, 61, 37, 80, 50, 74, 43, 41, 96, 43, 44], "episode_rewards": [-150.0, -150.0, -150.0, -150.0, -150.0, -150.0, -150.0, -150.0, -150.0, -150.0, -150.0, -150.0, -150.0, -150.0, -150.0, -150.0, -150.0, -150.0, -150.0, -150.0, -150.0, -150.0, -150.0, -150.0, -150.0, -150.0, -150.0, -150.0, -150.0, -150.0, -150.0, -150.0, -150.0, -150.0, -150.0, -150.0, -150.0, -150.0, -150.0, -150.0, -150.0, -150.0, -150.0, -150.0, -150.0, -150.0, -150.0, -150.0, -150.0, -150.0, -150.0, -112.0, -150.0, -150.0, -150.0, -131.0, -150.0, -150.0, -150.0, -150.0, -121.0, -150.0, -150.0, -150.0, -150.0, -68.0, -150.0, -150.0, -150.0, -138.0, -150.0, -150.0, -150.0, -120.0, -91.0, -60.0, -123.0, -122.0, -150.0, -96.0, -150.0, -150.0, -150.0, -73.0, -150.0, -150.0, -150.0, -150.0, -150.0, -150.0, -150.0, -150.0, -150.0, -110.0, -74.0, -150.0, -150.0, -150.0, -150.0, -150.0, -150.0, -137.0, -66.0, -150.0, -150.0, -46.0, -150.0, -143.0, -70.0, -68.0, -82.0, -93.0, -72.0, -150.0, -45.0, -150.0, -84.0, -66.0, -150.0, -105.0, -63.0, -61.0, -58.0, -55.0, -57.0, -51.0, -80.0, -42.0, -117.0, -76.0, -64.0, -77.0, -29.0, -36.0, -60.0, -77.0, -84.0, -48.0, -124.0, -46.0, -48.0, -44.0, -65.0, -37.0, -32.0, -21.0, -56.0, -61.0, -58.0, -39.0, -89.0, -45.0, -77.0, -67.0, -55.0, -36.0, -58.0, -58.0, -39.0, -103.0, -84.0, -40.0, -36.0, -49.0, -53.0, -54.0, -67.0, -86.0, -60.0, -36.0, -79.0, -49.0, -73.0, -42.0, -40.0, -95.0, -42.0, -43.0], "episode_types": ["t", "t", "t", "t", "t", "t", "t", "t", "t", "t", "t", "t", "t", "t", "t", "t", "t", "t", "t", "t", "t", "t", "t", "t", "t", "t", "t", "t", "t", "t", "t", "t", "t", "t", "t", "t", "t", "t", "t", "t", "t", "t", "t", "t", "t", "t", "t", "t", "t", "t", "t", "t", "t", "t", "t", "t", "t", "t", "t", "t", "t", "t", "t", "t", "t", "t", "t", "t", "t", "t", "t", "t", "t", "t", "t", "t", "t", "t", "t", "t", "t", "t", "t", "t", "t", "t", "t", "t", "t", "t", "t", "t", "t", "t", "t", "t", "t", "t", "t", "t", "t", "t", "t", "t", "t", "t", "t", "t", "t", "t", "t", "t", "t", "t", "t", "t", "t", "t", "t", "t", "t", "t", "t", "t", "t", "t", "t", "t", "t", "t", "t", "t", "t", "t", "t", "t", "t", "t", "t", "t", "t", "t", "t", "t", "t", "t", "t", "t", "t", "t", "t", "t", "t", "t", "t", "t", "t", "t", "t", "t", "t", "t", "t", "t", "t", "t", "t", "t", "t", "t", "t", "t", "t", "t", "t", "t", "t", "t", "t"]}