{"initial_reset_timestamp": 1669877096.014627, "timestamps": [1669877096.4897535, 1669877096.717431, 1669877096.9472601, 1669877097.177367, 1669877097.4084764, 1669877097.643401, 1669877097.879473, 1669877100.8634968, 1669877101.0976636, 1669877101.3272514, 1669877101.556056, 1669877101.706844, 1669877101.93491, 1669877102.1732216, 1669877102.4018652, 1669877105.50512, 1669877105.7298067, 1669877105.9582593, 1669877106.1849892, 1669877106.4146993, 1669877106.6467917, 1669877106.880267, 1669877107.169531, 1669877120.4988043, 1669877120.7143316, 1669877120.9353983, 1669877121.1552885, 1669877121.3739538, 1669877121.5917718, 1669877121.8090465, 1669877135.8939116, 1669877136.1175072, 1669877136.3384624, 1669877136.5674913, 1669877136.7969937, 1669877137.0169477, 1669877137.2365818, 1669877151.0197833, 1669877151.240436, 1669877151.4580846, 1669877151.682686, 1669877151.9069562, 1669877152.1260781, 1669877152.344622, 1669877165.8521082, 1669877166.0685039, 1669877166.2841232, 1669877166.5026534, 1669877166.718633, 1669877166.9341605, 1669877167.1509292, 1669877180.303891, 1669877180.5214322, 1669877180.7378724, 1669877180.9525583, 1669877181.2291224, 1669877181.4518957, 1669877181.6712868, 1669877195.2327733, 1669877195.4484253, 1669877195.6657162, 1669877195.8821654, 1669877196.099177, 1669877196.3144064, 1669877196.5327187, 1669877210.0730152, 1669877210.2956803, 1669877210.5187237, 1669877210.7421446, 1669877210.965617, 1669877211.1896589, 1669877211.409605, 1669877224.9064581, 1669877225.1245675, 1669877225.341389, 1669877225.5629284, 1669877225.7809777, 1669877226.005822, 1669877226.2207704, 1669877239.2387536, 1669877239.4543166, 1669877239.6692448, 1669877239.8862329, 1669877240.1031892, 1669877240.319223, 1669877240.5367217, 1669877253.4960763, 1669877253.7103727, 1669877253.9271436, 1669877254.143231, 1669877254.3589, 1669877254.5763845, 1669877254.7942057, 1669877267.990272, 1669877268.205385, 1669877268.4215024, 1669877268.6378007, 1669877268.8542912, 1669877269.073437, 1669877269.2902975, 1669877282.8600047, 1669877283.076724, 1669877283.2930582, 1669877283.5133765, 1669877283.732011, 1669877283.9504743, 1669877284.167946, 1669877297.6831274, 1669877297.9021246, 1669877298.1215801, 1669877298.3419125, 1669877298.5607288, 1669877298.7801208, 1669877299.0010645, 1669877312.9911866, 1669877313.2072968, 1669877313.428304, 1669877313.646254, 1669877313.8652577, 1669877314.0840771, 1669877314.3017015, 1669877328.3456678, 1669877328.5683296, 1669877328.7912571, 1669877329.0115013, 1669877329.2300634, 1669877329.446521, 1669877329.6654005, 1669877344.0577872, 1669877344.2764323, 1669877344.4937932, 1669877344.7118902, 1669877344.9280498, 1669877345.1462758, 1669877345.3681908, 1669877359.4993584, 1669877359.718115, 1669877359.9355855, 1669877360.1544352, 1669877360.3730137, 1669877360.5985293, 1669877360.8202255, 1669877375.819505, 1669877376.0395162, 1669877376.2593687, 1669877376.4776375, 1669877376.7531798, 1669877376.9745014, 1669877377.1958206, 1669877389.5517602, 1669877389.7684627, 1669877389.983701, 1669877390.200667, 1669877390.4173353, 1669877390.633174, 1669877390.8486874, 1669877402.9630196, 1669877403.1848383, 1669877403.4104867, 1669877403.631188, 1669877403.8496666, 1669877404.070071, 1669877404.2934923, 1669877415.9730637, 1669877416.189514, 1669877416.4051476, 1669877416.6218126, 1669877416.8385072, 1669877417.054353, 1669877417.2723022, 1669877429.455216, 1669877429.6829352, 1669877429.9127457, 1669877430.1411624, 1669877430.370137, 1669877430.6040895, 1669877430.8330066, 1669877443.023434, 1669877443.2408476, 1669877443.363089, 1669877443.5917618, 1669877443.8252459, 1669877444.035749, 1669877444.2686393, 1669877444.5004084, 1669877444.6647584, 1669877455.939022, 1669877456.1161964, 1669877456.345485, 1669877456.506262, 1669877456.7355087, 1669877456.904601, 1669877457.141232, 1669877457.2652953, 1669877457.4927897, 1669877457.705883, 1669877469.8385854, 1669877470.0377395, 1669877470.1826427, 1669877470.4161484, 1669877470.5401788, 1669877470.6801152, 1669877470.845772, 1669877471.0314903, 1669877471.2373745, 1669877471.405591, 1669877471.6349213, 1669877484.015055, 1669877484.1891835, 1669877484.3709335, 1669877484.5737169, 1669877484.7509246, 1669877484.8785856, 1669877485.1074831, 1669877485.2920065, 1669877485.4792862, 1669877485.6276999, 1669877485.7720432, 1669877498.059315, 1669877498.2311416, 1669877498.3724935, 1669877498.6015615, 1669877498.840595, 1669877499.0328038, 1669877499.2098784, 1669877499.4152997, 1669877499.5684497, 1669877499.6893804, 1669877511.4940684, 1669877511.7244103, 1669877511.8762522, 1669877512.062132, 1669877512.2943048, 1669877512.4741282, 1669877512.6165645, 1669877512.7693188, 1669877512.9966102, 1669877513.205259, 1669877525.3109894, 1669877525.5158007, 1669877525.6569123, 1669877525.8871562, 1669877526.1552272, 1669877526.3606327, 1669877526.5934677, 1669877526.8317454, 1669877527.0609167, 1669877539.545647, 1669877539.7443955, 1669877539.8916569, 1669877540.0455537, 1669877540.2426176, 1669877540.4724364, 1669877540.5949175, 1669877540.8058498, 1669877541.021492, 1669877541.2542708, 1669877553.045416, 1669877553.27306, 1669877553.4218335, 1669877553.650792, 1669877553.830649, 1669877554.0335221, 1669877554.1712382, 1669877554.3964176, 1669877554.6252263, 1669877566.9350057, 1669877567.130835, 1669877567.2752059, 1669877567.4413905, 1669877567.672422, 1669877567.8306742, 1669877567.9572883, 1669877568.1919506, 1669877568.3488443, 1669877568.4742348, 1669877568.6923003, 1669877580.894804, 1669877581.0289986, 1669877581.2572095, 1669877581.486695, 1669877581.722086, 1669877581.8782227, 1669877582.0688288, 1669877582.300217, 1669877582.4366927, 1669877594.339901, 1669877594.537369, 1669877594.7939208, 1669877594.9449022, 1669877595.12274, 1669877595.3089676, 1669877595.5169191, 1669877595.7560217, 1669877595.961145, 1669877596.116801, 1669877608.2530217, 1669877608.368001, 1669877608.5979357, 1669877608.741572, 1669877608.954758, 1669877609.1861076, 1669877609.3542042, 1669877609.5582912, 1669877609.750793, 1669877609.9260545, 1669877622.0425472, 1669877622.1999316, 1669877622.3845053, 1669877622.5796893, 1669877622.8145485, 1669877622.9985342, 1669877623.170244, 1669877623.3063173, 1669877623.4563928, 1669877623.688217, 1669877635.8784692, 1669877636.0828857, 1669877636.312062, 1669877636.4393723, 1669877636.7108018, 1669877636.8239737, 1669877637.0564513, 1669877637.2867243, 1669877637.458989, 1669877637.6736846, 1669877648.9391825, 1669877649.128866, 1669877649.2820725, 1669877649.4182308, 1669877649.6278794, 1669877649.865251, 1669877650.0408661, 1669877650.191039, 1669877650.3622668, 1669877650.529877, 1669877650.6431873, 1669877662.7131937, 1669877662.893938, 1669877663.0441325, 1669877663.1797097, 1669877663.3642025, 1669877663.5945904, 1669877663.8109937, 1669877664.037129, 1669877664.2588434, 1669877676.5086033, 1669877676.7235863, 1669877676.8556786, 1669877677.065744, 1669877677.291102, 1669877677.4476242, 1669877677.6466053, 1669877677.809415, 1669877677.9974945, 1669877678.1683888, 1669877678.3253078, 1669877690.1545806, 1669877690.2781572, 1669877690.4359052, 1669877690.649801, 1669877690.8645868, 1669877690.986192, 1669877691.2039227, 1669877691.3323724, 1669877691.4991632, 1669877691.6770592, 1669877691.8220289, 1669877703.8916674, 1669877704.1196404, 1669877704.3294332, 1669877704.5619552, 1669877704.7732887, 1669877705.0023963, 1669877705.2060244, 1669877705.3794534, 1669877705.568938, 1669877717.0195222, 1669877717.2259648, 1669877717.357564, 1669877717.4770734, 1669877717.6395328, 1669877717.7709608, 1669877717.9203107, 1669877718.1344585, 1669877718.292741, 1669877718.4174438, 1669877718.595173, 1669877718.736807, 1669877718.8898337, 1669877719.043432, 1669877731.3011572, 1669877731.5033817, 1669877731.657901, 1669877731.887517, 1669877732.1189415, 1669877732.2482429, 1669877732.4483383, 1669877732.5607371, 1669877732.7673454, 1669877733.0001523, 1669877745.2884586, 