{"initial_reset_timestamp": 1669915539.922175, "timestamps": [1669915540.3791597, 1669915540.552829, 1669915540.7284749, 1669915540.9001806, 1669915541.0781784, 1669915541.2481709, 1669915541.4183056, 1669915544.328551, 1669915544.4994054, 1669915544.6803863, 1669915544.8496826, 1669915545.0199568, 1669915545.1893294, 1669915545.359166, 1669915548.5645392, 1669915548.7373815, 1669915548.909944, 1669915549.0825098, 1669915549.310546, 1669915549.4823205, 1669915549.6555018, 1669915562.2898014, 1669915562.454239, 1669915562.614709, 1669915562.778096, 1669915562.9435585, 1669915563.1051884, 1669915563.261499, 1669915575.8781726, 1669915576.068481, 1669915576.2462196, 1669915576.4188867, 1669915576.604408, 1669915576.780299, 1669915576.9610136, 1669915589.6365602, 1669915589.7987761, 1669915589.9588923, 1669915590.1173794, 1669915590.2730398, 1669915590.4299467, 1669915590.5924034, 1669915603.19005, 1669915603.3476987, 1669915603.508503, 1669915603.6670763, 1669915603.827231, 1669915603.9846914, 1669915604.143221, 1669915616.5543458, 1669915616.725186, 1669915616.8979075, 1669915617.0677805, 1669915617.241505, 1669915617.413264, 1669915617.5879238, 1669915630.2239964, 1669915630.3838007, 1669915630.5451033, 1669915630.704396, 1669915630.8634067, 1669915631.0217693, 1669915631.181439, 1669915643.836908, 1669915644.0068, 1669915644.1839073, 1669915644.3502622, 1669915644.516176, 1669915644.6838243, 1669915644.8523464, 1669915657.5249174, 1669915657.701168, 1669915657.8808653, 1669915658.0629537, 1669915658.3023014, 1669915658.484101, 1669915658.6677744, 1669915671.2481065, 1669915671.4077928, 1669915671.5703042, 1669915671.7340803, 1669915671.8956127, 1669915672.0604823, 1669915672.226547, 1669915685.1414201, 1669915685.3062155, 1669915685.474722, 1669915685.6367168, 1669915685.7954953, 1669915685.9553318, 1669915686.117962, 1669915698.9369838, 1669915699.1172385, 1669915699.3004954, 1669915699.4862843, 1669915699.6720881, 1669915699.8605144, 1669915700.0504196, 1669915712.9607491, 1669915713.1365771, 1669915713.3170679, 1669915713.4961746, 1669915713.6765037, 1669915713.8508236, 1669915714.0265913, 1669915726.7471232, 1669915726.9237483, 1669915727.1012013, 1669915727.279397, 1669915727.4649956, 1669915727.6443202, 1669915727.8228269, 1669915740.1769814, 1669915740.3429108, 1669915740.5200498, 1669915740.6959038, 1669915740.8681686, 1669915741.0425572, 1669915741.2188988, 1669915753.8004825, 1669915753.9609914, 1669915754.1245425, 1669915754.2863655, 1669915754.503394, 1669915754.6610053, 1669915754.8202515, 1669915767.6087794, 1669915767.7848306, 1669915767.9618554, 1669915768.136569, 1669915768.312227, 1669915768.4857004, 1669915768.6610484, 1669915781.462638, 1669915781.6453073, 1669915781.8297498, 1669915782.0105674, 1669915782.194483, 1669915782.3754733, 1669915782.559673, 1669915795.5134232, 1669915795.7081974, 1669915795.902095, 1669915796.0910378, 1669915796.2794304, 1669915796.4652708, 1669915796.653931, 1669915809.5149593, 1669915809.696158, 1669915809.876712, 1669915810.0553553, 1669915810.2380679, 1669915810.4286704, 1669915810.6196473, 1669915823.5333457, 1669915823.7256935, 1669915823.9201334, 1669915824.1147559, 1669915824.3088684, 1669915824.5034347, 1669915824.689048, 1669915837.474661, 1669915837.6319563, 1669915837.8044631, 1669915837.968244, 1669915838.1286623, 1669915838.2886827, 1669915838.4497082, 1669915851.275761, 1669915851.4679675, 1669915851.657958, 1669915851.8472054, 1669915852.0342891, 1669915852.224741, 1669915852.4131114, 1669915864.9182625, 1669915865.091897, 1669915865.2888768, 1669915865.4774654, 1669915865.7212617, 1669915865.9070387, 1669915866.085831, 1669915878.3324797, 1669915878.517108, 1669915878.7037003, 1669915878.8866348, 1669915879.0689416, 1669915879.2494004, 1669915879.4306424, 1669915891.9004393, 1669915892.0850375, 1669915892.273612, 1669915892.4611578, 1669915892.6484005, 1669915892.8414645, 1669915893.029023, 1669915905.5374029, 1669915905.7264373, 1669915905.9057522, 1669915906.0835598, 1669915906.2644932, 1669915906.4451158, 1669915906.6273515, 1669915919.1911685, 1669915919.3704524, 1669915919.5523286, 1669915919.7343078, 1669915919.9151723, 1669915920.1125445, 1669915920.3088348, 1669915932.5465336, 1669915932.729695, 1669915932.913746, 1669915933.1015272, 1669915933.2876468, 1669915933.4715703, 1669915933.6546073, 1669915945.9964998, 1669915946.175398, 1669915946.3560984, 1669915946.537617, 1669915946.718664, 1669915946.8978634, 1669915947.0787344, 1669915958.9510152, 1669915959.1328526, 1669915959.3156502, 1669915959.5024796, 1669915959.685652, 1669915959.8675952, 1669915960.0519032, 1669915972.4409778, 1669915972.6257722, 1669915972.8117049, 1669915972.9937973, 1669915973.234103, 1669915973.4200363, 1669915973.6074865, 1669915985.95445, 1669915986.1399357, 1669915986.324549, 1669915986.5067728, 1669915986.6943946, 1669915986.8758414, 1669915987.0314493, 1669915999.2110603, 1669915999.39543, 1669915999.5803406, 1669915999.7651653, 1669915999.9044344, 1669916000.0842676, 1669916000.2685084, 1669916000.4174724, 1669916012.411769, 1669916012.5838168, 1669916012.7611203, 1669916012.9335582, 1669916013.1047907, 1669916013.2696195, 1669916013.4338982, 1669916025.367279, 1669916025.547537, 1669916025.728354, 1669916025.907102, 1669916026.089585, 1669916026.2691267, 1669916026.4487758, 1669916038.31332, 1669916038.4339595, 1669916038.5576737, 1669916038.6739585, 1669916038.8049083, 1669916038.9217215, 1669916039.0752563, 1669916039.1838586, 1669916039.290726, 1669916039.4041314, 1669916039.5017622, 1669916039.6325467, 1669916039.7559352, 1669916039.8569567, 1669916040.0053136, 1669916052.123112, 1669916052.3063848, 1669916052.493637, 1669916052.6757448, 1669916052.8572593, 1669916053.0384417, 1669916053.2215345, 1669916065.2746637, 1669916065.445338, 1669916065.617779, 1669916065.782336, 1669916065.9485133, 1669916066.1266005, 1669916066.290452, 1669916078.2637765, 1669916078.4465632, 1669916078.5860915, 1669916078.7692623, 1669916078.8969057, 1669916079.0779421, 1669916079.1928556, 1669916079.376093, 1669916079.5102627, 1669916079.7011297, 1669916091.5446062, 1669916091.6890817, 1669916091.873426, 1669916092.04051, 1669916092.2217877, 1669916092.3912423, 1669916092.5568516, 1669916092.7235847, 1669916104.5557911, 1669916104.6581516, 1669916104.7702825, 1669916104.9413726, 1669916105.1379876, 1669916105.2520444, 1669916105.386418, 1669916105.523773, 1669916105.6450896, 1669916105.764022, 1669916105.8861434, 1669916106.0100245, 1669916106.113597, 1669916106.253953, 1669916106.3861208, 1669916118.053566, 1669916118.238281, 1669916118.4249482, 1669916118.6079154, 1669916118.8510036, 1669916119.0327697, 1669916119.1616175, 1669916119.3440144, 1669916131.115408, 1669916131.2146122, 1669916131.3205364, 1669916131.4454632, 1669916131.5567796, 1669916131.6705317, 1669916131.7706642, 1669916131.887555, 1669916131.9875295, 1669916132.0897634, 1669916132.2046018, 1669916132.3085558, 1669916132.505587, 1669916132.60445, 1669916132.708415, 1669916132.8201592, 1669916132.914501, 1669916133.020444, 1669916133.1573782, 1669916133.2671466, 1669916133.366804, 1669916133.4667146, 1669916133.5658677, 1669916145.485805, 1669916145.6658962, 1669916145.8120801, 1669916145.942971, 1669916146.1223729, 1669916146.2361522, 1669916146.369278, 1669916146.490771, 1669916146.6701303, 1669916146.8085709, 1669916146.976895, 1669916158.6753979, 1669916158.8338287, 1669916158.9812567, 1669916159.097353, 1669916159.2069445, 1669916159.339081, 1669916159.4565926, 1669916159.6275463, 1669916159.7366114, 1669916159.8436892, 1669916159.9718168, 1669916160.0786626, 1669916160.2270803, 1669916160.377338, 1669916172.4183035, 1669916172.5397713, 1669916172.7170742, 1669916172.8276255, 1669916173.0049458, 1669916173.1705503, 1669916173.34972, 1669916173.4699194, 1669916173.5782053, 1669916173.7524595, 1669916185.9619167, 1669916186.0776973, 1669916186.1860068, 1669916186.341808, 1669916186.4735017, 1669916186.585752, 1669916186.7026057, 