{"initial_reset_timestamp": 1669915538.8355608, "timestamps": [1669915541.4957561, 1669915541.7374198, 1669915542.117229, 1669915542.4523773, 1669915542.7819917, 1669915543.1058543, 1669915545.4381394, 1669915545.7640562, 1669915546.099156, 1669915546.453615, 1669915546.8304818, 1669915547.1679492, 1669915547.497032, 1669915550.842011, 1669915552.626249, 1669915554.3717768, 1669915555.969603, 1669915557.6866493, 1669915559.4468741, 1669915561.2856956, 1669915565.0113404, 1669915566.8173091, 1669915568.5149355, 1669915570.2468362, 1669915572.0000231, 1669915573.7580674, 1669915577.5119884, 1669915579.2429755, 1669915581.0270574, 1669915582.7964156, 1669915584.5174592, 1669915586.2924933, 1669915588.1040697, 1669915591.6649857, 1669915593.4722579, 1669915595.2831275, 1669915596.986989, 1669915598.7009938, 1669915600.4261756, 1669915602.1353164, 1669915605.7583618, 1669915607.4579952, 1669915609.101084, 1669915610.8374808, 1669915612.6371787, 1669915614.3785737, 1669915618.1478035, 1669915619.923728, 1669915621.6723287, 1669915623.4441118, 1669915625.1430442, 1669915626.821863, 1669915628.596366, 1669915632.290873, 1669915634.0931396, 1669915635.8268845, 1669915637.5511198, 1669915639.3396297, 1669915641.0793676, 1669915642.765052, 1669915646.5215886, 1669915648.2877948, 1669915650.0026565, 1669915651.7438712, 1669915653.508508, 1669915655.3606517, 1669915659.1931765, 1669915660.9284506, 1669915662.6708398, 1669915664.366014, 1669915666.121011, 1669915667.8776712, 1669915669.7097282, 1669915673.3606145, 1669915675.0916781, 1669915676.847345, 1669915678.5942676, 1669915680.4485073, 1669915682.2559435, 1669915684.1145887, 1669915687.7918444, 1669915689.5331056, 1669915691.2925544, 1669915693.1207578, 1669915694.9932797, 1669915696.772196, 1669915700.6336176, 1669915702.5164607, 1669915704.2574635, 1669915705.967465, 1669915707.726857, 1669915709.5296488, 1669915711.3531013, 1669915715.0208406, 1669915716.6426115, 1669915718.3356035, 1669915720.0341494, 1669915721.9272583, 1669915723.782058, 1669915725.6609294, 1669915729.4615023, 1669915731.166264, 1669915732.925471, 1669915734.6201913, 1669915736.3649387, 1669915738.0430405, 1669915741.7432935, 1669915743.438475, 1669915745.1875408, 1669915747.0142846, 1669915748.8419259, 1669915750.5724409, 1669915752.3103294, 1669915755.8746212, 1669915757.637449, 1669915759.3199224, 1669915761.1429682, 1669915762.962494, 1669915764.7971003, 1669915766.6084218, 1669915770.331952, 1669915772.0640671, 1669915773.8312228, 1669915775.6879494, 1669915777.5515137, 1669915779.3326952, 1669915783.0926657, 1669915784.8426707, 1669915786.639012, 1669915788.4336224, 1669915790.1687546, 1669915791.4285913, 1669915793.351656, 1669915797.2427762, 1669915798.7925713, 1669915800.5901299, 1669915802.3425384, 1669915804.1076024, 1669915805.8336759, 1669915807.2683263, 1669915811.1174827, 1669915812.8915248, 1669915814.7336538, 1669915816.5177205, 1669915818.2878442, 1669915820.0259926, 1669915821.7809002, 1669915825.7610304, 1669915827.4912772, 1669915829.2745767, 1669915831.0434458, 1669915832.8101652, 1669915834.5423713, 1669915836.3272023, 1669915840.0459738, 1669915841.713391, 1669915843.429605, 1669915845.261633, 1669915847.109238, 1669915848.98935, 1669915852.9058723, 1669915854.573607, 1669915856.3474524, 1669915858.1051605, 1669915859.8543074, 1669915861.5022645, 1669915863.257236, 1669915867.0642216, 1669915868.7554767, 1669915869.3870034, 1669915871.0312312, 1669915872.7657557, 1669915874.4690607, 1669915876.1861396, 1669915879.9369235, 1669915881.6223407, 1669915883.2875357, 1669915884.9424064, 1669915886.7114327, 1669915888.4837728, 1669915890.2222772, 1669915894.0687604, 1669915895.788122, 1669915897.520541, 1669915898.7550967, 1669915900.4593766, 1669915901.9985745, 1669915903.7522874, 1669915907.2489405, 1669915908.9472468, 1669915910.6188555, 1669915912.3216586, 1669915914.1937149, 1669915915.4760675, 1669915917.2247915, 1669915921.0243669, 1669915921.9047832, 1669915923.6532154, 1669915925.3628592, 1669915927.0258605, 1669915928.6739051, 1669915930.338983, 1669915934.0559914, 1669915935.7795076, 1669915936.7317762, 1669915938.4183426, 1669915939.096826, 1669915940.0102854, 1669915941.6412306, 1669915943.2551556, 1669915944.934495, 1669915948.6701877, 1669915950.3509166, 1669915952.0179977, 1669915953.668381, 1669915955.2712374, 1669915956.9016514, 1669915960.5802467, 1669915962.259885, 1669915963.9908614, 1669915965.7673862, 1669915967.4901197, 1669915969.1676574, 1669915970.8723538, 1669915974.6881251, 1669915976.3856113, 1669915978.1326478, 1669915979.9025369, 1669915981.5919654, 1669915983.2585557, 1669915984.9328032, 1669915988.669199, 1669915990.358574, 1669915992.0590587, 1669915993.7790902, 1669915995.4699028, 1669915997.1525347, 1669916000.930291, 1669916002.6863353, 1669916004.3330042, 1669916005.9280193, 1669916007.5306273, 1669916009.2087045, 1669916010.862976, 1669916014.457763, 1669916016.0337648, 1669916017.625487, 1669916019.2699664, 1669916020.9479597, 1669916022.6350205, 1669916024.3541806, 1669916028.0384696, 1669916029.728255, 1669916031.294018, 1669916032.9082747, 1669916034.566275, 1669916036.2151592, 1669916040.5201511, 1669916042.2240765, 1669916043.9221337, 1669916045.6014595, 1669916047.1895359, 1669916048.8511834, 1669916050.4952648, 1669916054.2804096, 1669916055.9392908, 1669916057.6058984, 1669916059.2596216, 1669916060.9229195, 1669916062.5365694, 1669916064.2110019, 1669916067.874633, 1669916069.5837274, 1669916071.2110388, 1669916072.8700788, 1669916074.523503, 1669916076.1901488, 1669916080.1967137, 1669916081.8265183, 1669916083.4476068, 1669916085.016792, 1669916086.6843476, 1669916088.3300843, 1669916089.968375, 1669916093.6929848, 1669916095.3559828, 1669916097.0125225, 1669916098.6812637, 1669916100.3183208, 1669916101.9762447, 1669916103.6112478, 1669916107.8956244, 1669916109.4540904, 1669916111.1112573, 1669916112.76786, 1669916114.3951476, 1669916115.992456, 1669916119.8420794, 1669916121.508615, 1669916123.164364, 1669916124.81523, 1669916126.4138293, 1669916127.991303, 1669916129.6518648, 1669916134.595169, 1669916136.232838, 1669916137.883195, 1669916139.541784, 1669916141.2035596, 1669916142.8467495, 1669916144.488294, 1669916148.545284, 1669916150.2008548, 1669916151.8447292, 1669916153.4874604, 1669916154.9886, 1669916156.631816, 1669916160.9017127, 1669916162.5539477, 1669916164.2350836, 1669916165.9047396, 1669916167.5569136, 1669916169.1178105, 1669916170.8238277, 1669916174.8380513, 1669916176.4834063, 1669916178.2366753, 1669916179.9285543, 1669916181.5755506, 1669916183.2557116, 1669916184.9608843, 1669916189.2879028, 1669916190.9528363, 1669916192.6412637, 1669916194.3225808, 1669916195.9993913, 1669916197.636513],