{"initial_reset_timestamp": 1669770041.5097983, "timestamps": [1669770044.4555113, 1669770044.715664, 1669770045.0994065, 1669770045.4860702, 1669770045.8469346, 1669770046.2274888, 1669770048.711673, 1669770049.075632, 1669770049.441082, 1669770049.7958, 1669770050.1478891, 1669770050.500259, 1669770050.8182151, 1669770054.0875437, 1669770055.9775686, 1669770057.901518, 1669770059.8557794, 1669770061.8747811, 1669770063.8848968, 1669770065.8589792, 1669770069.9617977, 1669770071.7898598, 1669770073.6835377, 1669770075.4826407, 1669770077.3443222, 1669770079.1579614, 1669770083.0439997, 1669770084.9121172, 1669770086.7970886, 1669770088.9433794, 1669770090.77569, 1669770092.6274078, 1669770094.4029372, 1669770098.6169112, 1669770100.881484, 1669770102.77911, 1669770104.6334262, 1669770105.7915611, 1669770107.567459, 1669770109.4381762, 1669770113.4443986, 1669770115.1559966, 1669770116.3219373, 1669770118.1061354, 1669770119.1629415, 1669770120.7144172, 1669770122.498702, 1669770124.3072402, 1669770128.4672453, 1669770130.3704407, 1669770132.2824347, 1669770134.107723, 1669770135.9611819, 1669770137.772529, 1669770141.7838218, 1669770143.4469566, 1669770145.1660721, 1669770147.0640166, 1669770148.8242545, 1669770150.7292616, 1669770152.5229366, 1669770156.6557508, 1669770158.5625708, 1669770160.4794445, 1669770162.4438996, 1669770164.3507135, 1669770166.2438612, 1669770168.172387, 1669770171.9702964, 1669770173.7352152, 1669770175.5840604, 1669770177.4733279, 1669770179.3707657, 1669770181.2153034, 1669770186.3107173, 1669770188.1625772, 1669770190.0309346, 1669770191.8967288, 1669770193.7539907, 1669770195.6759143, 1669770197.4835782, 1669770201.7357473, 1669770203.633639, 1669770205.453281, 1669770207.151754, 1669770208.9613767, 1669770210.728532, 1669770212.4693694, 1669770217.15162, 1669770219.0016892, 1669770220.8327255, 1669770222.6549435, 1669770224.5085497, 1669770226.3226874, 1669770228.08693, 1669770232.4960358, 1669770234.6616108, 1669770236.7646415, 1669770238.6005526, 1669770240.5626519, 1669770242.3862772, 1669770247.9306035, 1669770249.99632, 1669770251.9087217, 1669770253.8099918, 1669770255.6030514, 1669770257.4566274, 1669770259.3372262, 1669770264.8886242, 1669770266.7691743, 1669770268.6205642, 1669770270.4182284, 1669770272.3016136, 1669770274.1026103, 1669770275.998389, 1669770280.2223415, 1669770282.1092157, 1669770283.9855561, 1669770286.0520914, 1669770287.9891756, 1669770289.8179739, 1669770295.3733652, 1669770297.1606221, 1669770298.9476278, 1669770300.7578104, 1669770302.3538363, 1669770304.110398, 1669770305.929259, 1669770311.6589172, 1669770312.1670692, 1669770313.787797, 1669770315.342931, 1669770317.1710165, 1669770319.0054917, 1669770320.2597175, 1669770322.0926409, 1669770325.92284, 1669770327.7206187, 1669770329.506612, 1669770331.2906463, 1669770333.0705938, 1669770334.8813918, 1669770340.4317706, 1669770342.4167356, 1669770343.3043144, 1669770345.1349976, 1669770346.7885783, 1669770348.5343134, 1669770350.4079497, 1669770352.2759595, 1669770358.295594, 1669770360.4399476, 1669770362.402155, 1669770364.4079876, 1669770366.3804204, 1669770368.3537085, 1669770373.5218897, 1669770375.3708167, 1669770377.3314133, 1669770379.2134507, 1669770381.039896, 1669770382.8038192, 1669770384.6331131, 1669770390.325374, 1669770392.567537, 1669770394.5546005, 1669770396.521648, 1669770398.5141864, 1669770400.571694, 1669770402.6885562, 1669770407.7229366, 1669770409.8696275, 1669770412.731425, 1669770415.820558, 1669770418.8440015, 1669770421.8556952, 1669770430.5903814, 1669770433.3641825, 1669770436.2689545, 1669770439.0174253, 1669770441.9385357, 1669770444.7427523, 1669770447.427734, 1669770455.9955502, 1669770458.3279383, 1669770461.2785087, 1669770464.9029894, 1669770468.341677, 1669770471.6009579, 1669770474.8352563, 1669770483.9245372, 1669770486.899667, 1669770489.8745315, 1669770492.80851, 1669770495.718444, 1669770498.8419979, 1669770507.089208, 1669770510.040563, 1669770513.3003232, 1669770516.7837274, 1669770520.0454106, 1669770523.1638288, 1669770526.0588527, 1669770534.9935317, 1669770538.7789392, 1669770542.4008505, 1669770546.1127656, 1669770549.5743716, 1669770553.3369832, 1669770556.6423402, 1669770564.2886262, 1669770567.878425, 1669770571.8130155, 1669770574.8197453, 1669770577.8710732, 1669770580.9352963, 1669770589.867127, 1669770593.4887419, 1669770596.5571764, 1669770599.4939086, 1669770602.4757435, 1669770605.5894206, 1669770609.0063152, 1669770617.334651, 1669770620.5451608, 1669770623.7918515, 1669770626.778304, 1669770629.9194198, 1669770633.1382017, 1669770636.3712246, 1669770644.1104279, 1669770647.4189065, 1669770651.2241678, 1669770654.8554873, 1669770657.7543797, 1669770660.5597816, 1669770669.8395088, 1669770672.887196, 1669770676.3204827, 1669770680.3051174, 1669770683.9871793, 1669770687.1086006, 1669770690.554658, 1669770699.231051, 1669770702.031723, 1669770704.877193, 1669770707.811733, 1669770710.436466, 1669770713.3280602, 1669770716.3356373, 1669770724.3063576, 1669770727.160618, 1669770729.8826065, 1669770732.7649422, 1669770735.5586288, 1669770738.129398, 1669770746.7800763, 1669770750.0718307, 1669770752.9760137, 1669770755.9046896, 1669770758.8407767, 1669770761.8673623, 1669770765.1699953, 1669770775.0853457, 1669770778.531719, 1669770781.8509352, 1669770784.8067334, 1669770787.8611867, 1669770790.6733847, 1669770793.6300058, 1669770803.0300689, 1669770806.3767343, 1669770809.4545803, 1669770812.3779087, 1669770815.0811908, 1669770817.8740888, 1669770825.8101697, 1669770828.7947881, 1669770831.787325, 1669770834.623895, 1669770838.0354714, 1669770841.2750518, 1669770844.394047, 1669770853.8802211, 1669770856.9448493, 1669770860.5623035, 1669770863.7698143, 1669770866.81229, 1669770869.7569995, 1669770872.896511, 1669770882.262451, 1669770885.2376492, 1669770888.079326, 1669770890.7805312, 1669770893.6474462, 1669770896.6335163, 1669770905.5376825, 1669770908.4231102, 1669770911.258747, 1669770914.0586858, 1669770916.9302602, 1669770919.7430792, 1669770922.8274465, 1669770931.6637585, 1669770934.9229057, 1669770937.9703043, 1669770940.7131689, 1669770943.781653, 1669770946.6465662, 1669770949.204521, 1669770957.4890714, 1669770960.197855, 1669770963.250579, 1669770966.579184, 1669770969.6552598, 1669770972.4108431, 1669770981.2835078, 1669770984.247385, 1669770987.0069673, 1669770989.59464, 1669770992.3171234, 1669770995.073626, 1669770998.0521533, 1669771006.4247444, 1669771009.2005124, 1669771012.2936423, 1669771015.255774, 1669771017.982771, 1669771020.9693854, 1669771023.7292051, 1669771032.9280758, 1669771035.7556372, 1669771038.5371282, 1669771041.4626036, 1669771044.216365, 1669771047.032503],