{"initial_reset_timestamp": 1669786869.2725558, "timestamps": [1669786871.9638667, 1669786872.213642, 1669786872.6072273, 1669786872.9879496, 1669786873.3422105, 1669786873.7312977, 1669786876.1179075, 1669786876.4421558, 1669786876.7652779, 1669786877.12937, 1669786877.462536, 1669786877.798614, 1669786878.1323845, 1669786881.4961226, 1669786883.3204648], "episode_lengths": [150, 150, 150, 150, 150, 150, 150, 150, 150, 150, 150, 150, 150, 150, 150], "episode_rewards": [-150.0, -150.0, -150.0, -150.0, -150.0, -150.0, -150.0, -150.0, -150.0, -150.0, -150.0, -150.0, -150.0, -150.0, -150.0], "episode_types": ["t", "t", "t", "t", "t", "t", "t", "t", "t", "t", "t", "t", "t", "t", "t", "t"]}