{"initial_reset_timestamp": 1669786870.360195, "timestamps": [1669786870.8185883, 1669786870.9951859, 1669786871.171247, 1669786871.3438728, 1669786871.518885, 1669786871.6995237, 1669786871.87286, 1669786874.9801793, 1669786875.1585956, 1669786875.3401716, 1669786875.5128458, 1669786875.686558, 1669786875.8588543, 1669786876.0314658, 1669786879.230579, 1669786879.401507, 1669786879.5719101, 1669786879.7442582, 1669786879.9707255, 1669786880.1504464, 1669786880.330331], "episode_lengths": [150, 150, 150, 150, 150, 150, 150, 150, 150, 150, 150, 150, 150, 150, 150, 150, 150, 150, 150, 150, 150], "episode_rewards": [-150.0, -150.0, -150.0, -150.0, -150.0, -150.0, -150.0, -150.0, -150.0, -150.0, -150.0, -150.0, -150.0, -150.0, -150.0, -150.0, -150.0, -150.0, -150.0, -150.0, -150.0], "episode_types": ["t", "t", "t", "t", "t", "t", "t", "t", "t", "t", "t", "t", "t", "t", "t", "t", "t", "t", "t", "t", "t"]}