{"initial_reset_timestamp": 1669894867.2217572, "timestamps": [1669894870.3796751, 1669894870.628579, 1669894870.9889998, 1669894871.3284056, 1669894871.6716702, 1669894872.0056543, 1669894874.940066, 1669894875.2658694, 1669894875.5388958, 1669894875.878588, 1669894876.2038376, 1669894876.5253935, 1669894876.8447402, 1669894880.4135692, 1669894882.3604424, 1669894884.2528834, 1669894886.0912495, 1669894888.0564687, 1669894890.0126138, 1669894892.0030065, 1669894896.3093417, 1669894898.3110068, 1669894900.1154242, 1669894901.8364253, 1669894903.7351754, 1669894905.421785, 1669894909.4095056, 1669894911.391532, 1669894913.3040695, 1669894915.209981, 1669894917.1758225, 1669894919.0916328, 1669894921.017344, 1669894925.4774516, 1669894927.3938973, 1669894929.3065438, 1669894931.1316183, 1669894933.0730972, 1669894934.7155824, 1669894935.6641362, 1669894940.0735607, 1669894942.0044336, 1669894943.391089, 1669894945.3071826, 1669894946.5390697, 1669894947.108007, 1669894947.5792053, 1669894949.0150666, 1669894950.9623508, 1669894955.4531732, 1669894957.2088225, 1669894959.1197057, 1669894961.0227056, 1669894962.942764, 1669894964.2550147, 1669894965.1361732, 1669894966.1201477, 1669894966.8800366, 1669894967.2941015, 1669894967.8091185, 1669894971.7313728, 1669894973.6831274, 1669894974.8911624, 1669894976.7865045, 1669894977.9148412, 1669894979.6232107, 1669894980.438563, 1669894981.212836, 1669894981.9086633, 1669894983.0897906, 1669894987.823859, 1669894988.8581827, 1669894989.615109, 1669894991.4124155, 1669894992.9303615, 1669894993.7421055, 1669894994.7519464, 1669894995.3929937, 1669894996.6225848, 1669894997.74225, 1669894998.49198, 1669894999.0501804, 1669895000.1832342, 1669895003.745793, 1669895004.7225242, 1669895006.1429029, 1669895007.7666202, 1669895008.5041547, 1669895009.0921347, 1669895009.8032043, 1669895010.50982, 1669895011.2368476, 1669895011.7601905, 1669895012.3287392, 1669895012.8570948, 1669895014.0598764, 1669895014.8599997, 1669895018.9328115, 1669895019.4152796, 1669895019.9671378, 1669895020.503405, 1669895021.136412, 1669895021.7658253, 1669895022.396289, 1669895023.0345645, 1669895023.5935059, 1669895024.2872438, 1669895024.950333, 1669895026.0737336, 1669895026.6950364, 1669895027.4994829, 1669895028.4986744, 1669895029.623451, 1669895030.3855345, 1669895031.2353966, 1669895031.9106603, 1669895035.5955513, 1669895036.9116855, 1669895037.7394001, 1669895038.6025884, 1669895039.2675562, 1669895040.0294144, 1669895040.5454044, 1669895041.7633932, 1669895042.994729, 1669895043.6735356, 1669895044.211809, 1669895044.9724684, 1669895045.9782162, 1669895046.7587254, 1669895047.28169, 1669895047.9725482, 1669895051.8712053, 1669895052.391394, 1669895053.2234197, 1669895054.0188248, 1669895054.608185, 1669895055.2504745, 1669895056.0993176, 1669895056.6869102, 1669895057.1680384, 1669895057.9387496, 1669895058.3208656, 1669895059.059626, 1669895059.68787, 1669895060.3030548, 1669895060.9720345, 1669895061.4391592, 1669895062.2111495, 1669895062.763996, 1669895063.218142, 1669895063.778521, 1669895064.1267707, 1669895064.5325263, 1669895065.1682067, 1669895068.8079782, 1669895069.3356917, 1669895069.7666023, 1669895070.1860025, 1669895070.5703757, 1669895071.133739, 1669895071.5794997, 1669895071.8297033, 1669895072.2425559, 1669895072.5459821, 1669895073.0109637, 1669895073.3681567, 1669895073.8065996, 1669895074.3558943, 1669895074.7625432, 1669895075.224138, 1669895075.7061417, 1669895076.3063796, 1669895076.6447861, 1669895077.0815942, 1669895077.607736, 1669895078.0437229, 1669895078.5441194, 1669895079.3074677, 1669895079.7633917, 1669895080.0765207, 1669895080.4595687, 1669895081.075674, 1669895081.520192, 1669895085.1236098, 1669895085.841113, 1669895086.3458285, 1669895087.0912294, 1669895087.6352172, 1669895088.011655, 1669895088.3315432, 1669895088.6301708, 1669895089.0568895, 1669895089.4609973, 1669895090.0430627, 1669895090.4662256, 1669895090.907781, 1669895091.6840665, 1669895092.2194965, 1669895092.6423385, 1669895093.0315957, 1669895093.4199286, 1669895094.071375, 1669895094.3684359, 1669895094.7908254, 1669895095.2664127, 1669895095.64379, 1669895096.0591145, 1669895096.51523, 1669895096.8830762, 1669895097.2919235, 1669895097.8794782, 1669895098.3755915, 1669895099.0594094, 1669895099.4069626, 1669895103.0210176, 1669895103.5616207, 1669895104.3843749, 1669895104.73839, 1669895105.2691808, 1669895105.7281373, 1669895106.4726124, 1669895107.0269444, 1669895107.4232855, 1669895107.982952, 1669895108.2445712, 1669895108.5716536, 1669895109.0606892, 1669895109.5889833, 1669895110.2094407, 1669895110.5281236, 1669895110.918751, 1669895111.3901916, 1669895111.9196274, 1669895112.3080444, 1669895112.7908926, 1669895113.1198654, 1669895113.6377945, 1669895114.1662536, 1669895114.5948036, 1669895115.0275402, 1669895115.9143887, 1669895116.4031208, 1669895116.8546531, 1669895121.1722515, 1669895121.9981565, 1669895122.4079216, 1669895122.8476236, 1669895123.627129, 1669895124.0479236, 1669895124.6275613, 1669895125.0235648, 1669895125.5957584, 1669895126.0951865, 1669895126.7045267, 1669895127.5447118, 1669895128.1993065, 1669895128.8395522, 1669895129.3160658, 1669895130.1072223, 1669895130.585827, 1669895131.0616577, 1669895131.7760494, 1669895132.248021, 1669895133.0233116, 1669895133.6950617, 1669895134.2998047, 1669895138.2720492, 1669895138.7512236, 1669895139.3665679, 1669895139.8558278, 1669895140.1957867, 1669895140.599996, 1669895141.051511, 1669895141.5844355, 1669895142.0165613, 1669895142.3764796, 1669895142.9110794, 1669895143.4999406, 1669895144.0158432, 1669895144.4461727, 1669895144.7369297, 1669895145.1720893, 1669895145.6634135, 1669895146.1264675, 1669895146.6658733, 1669895146.9927182, 1669895147.7084281, 1669895148.2440193, 1669895148.7727427, 1669895149.2844107, 1669895149.8004344, 1669895150.2856708, 1669895151.0097404, 1669895151.5590482, 1669895151.988161, 1669895152.643785, 1669895156.4026735, 1669895156.8104746, 1669895157.1580653, 1669895157.5397286, 1669895157.9043798, 1669895158.2524025, 1669895158.6702297, 1669895159.0023909, 1669895159.4480538, 1669895160.0154276, 1669895160.440891, 1669895160.8343325, 1669895161.1450908, 1669895161.5710504, 1669895162.0208447, 1669895162.587188, 1669895163.0559793, 1669895163.707649, 1669895164.1276066, 1669895164.6354547, 1669895165.1316388, 1669895165.6486113, 1669895166.117477, 1669895166.5754766, 1669895167.0477417, 1669895167.464226, 1669895167.9678338, 1669895168.4110637, 1669895169.1390784, 1669895169.610457, 1669895170.2077646], "episode_lengths": [150, 150, 150, 150, 150, 150, 150, 150, 116, 144, 150, 150, 150, 150, 150, 150, 150, 150, 150, 150, 150, 150, 150, 150, 150, 150, 150, 150, 150, 150, 150, 150, 150, 150, 150, 150, 150, 150, 150, 69, 150, 150, 106, 150, 92, 40, 31, 109, 150, 150, 136, 150, 150, 150, 101, 66, 74, 56, 28, 36, 106, 150, 94, 150, 87, 135, 57, 55, 50, 88, 150, 76, 50, 137, 116, 59, 75, 45, 94, 85, 54, 37, 84, 55, 75, 126, 128, 54, 42, 58, 52, 64, 44, 49, 38, 93, 59, 93, 34, 39, 38, 45, 46, 43, 45, 40, 49, 48, 85, 44, 60, 76, 92, 51, 63, 49, 54, 101, 61, 63, 47, 59, 35, 87, 94, 48, 38, 55, 75, 69, 43, 61, 100, 30, 66, 58, 41, 46, 63, 41, 33, 55, 24, 52, 43, 46, 49, 32, 57, 38, 34, 38, 22, 26, 45, 37, 37, 29, 31, 30, 48, 36, 17, 34, 23, 38, 27, 35, 46, 33, 37, 33, 52, 26, 35, 36, 27, 32, 55, 30, 21, 26, 43, 29, 28, 51, 33, 54, 42, 29, 24, 22, 35, 26, 41, 28, 29, 56, 37, 27, 25, 25, 46, 18, 28, 27, 24, 27, 31, 26, 27, 42, 33, 49, 22, 27, 37, 60, 22, 35, 30, 54, 39, 26, 40, 14, 20, 33, 36, 52, 23, 31, 41, 41, 26, 36, 24, 34, 41, 30, 29, 66, 34, 31, 57, 62, 27, 30, 58, 28, 41, 26, 40, 35, 44, 79, 54, 45, 32, 56, 31, 32, 50, 30, 55, 42, 42, 24, 32, 47, 34, 20, 31, 37, 36, 28, 21, 34, 41, 33, 28, 17, 28, 33, 30, 36, 20, 52, 36, 36, 34, 34, 32, 47, 38, 29, 47, 21, 27, 23, 29, 28, 26, 34, 25, 30, 40, 27, 28, 23, 28, 35, 40, 31, 47, 28, 35, 33, 35, 31, 30, 32, 26, 34, 30, 46, 32, 41],