{"initial_reset_timestamp": 1669872700.025736, "timestamps": [1669872703.568377, 1669872703.8959951, 1669872704.2835655, 1669872704.6535141, 1669872705.0216043, 1669872705.37517, 1669872708.5532558, 1669872708.9153202, 1669872709.2397, 1669872709.5902634, 1669872709.9342864, 1669872710.2924838, 1669872710.6476445, 1669872714.638921, 1669872717.1170034, 1669872719.6104848, 1669872722.0515277, 1669872724.5149207, 1669872727.0169382, 1669872729.4598284, 1669872734.4852889, 1669872736.818561, 1669872739.2744858, 1669872741.7605124, 1669872744.2856956, 1669872746.9640691, 1669872752.2418222, 1669872754.7604477, 1669872757.1653864, 1669872759.5062613, 1669872762.065968, 1669872764.5043907, 1669872766.9076445, 1669872772.0745888, 1669872773.0080657, 1669872775.4855165, 1669872777.9170318, 1669872780.4305959, 1669872782.132689, 1669872783.7961466, 1669872785.3867474, 1669872786.2356756, 1669872787.485219, 1669872792.7924507, 1669872793.4303815, 1669872794.276825, 1669872795.2351265, 1669872797.0391655, 1669872797.8645477, 1669872798.5525486, 1669872799.4594045, 1669872800.2100263, 1669872801.9891949, 1669872802.8008547, 1669872805.3714995, 1669872806.5856931, 1669872811.253005, 1669872812.5142787, 1669872813.6177044, 1669872814.7917786, 1669872815.7886965, 1669872816.513878, 1669872817.4452944, 1669872819.1211164, 1669872820.4611135, 1669872821.639399, 1669872822.3584676, 1669872824.0554585, 1669872825.321956, 1669872826.176637, 1669872826.833184, 1669872828.3815396, 1669872832.1973982, 1669872833.357284, 1669872834.2834148, 1669872834.9568746, 1669872835.5661917, 1669872836.3425572, 1669872837.6940334, 1669872838.5753226, 1669872839.574225, 1669872840.6375735, 1669872841.273981, 1669872841.802105, 1669872842.8270533, 1669872844.0059538, 1669872845.0054607, 1669872845.7525148, 1669872846.5211525, 1669872847.746483, 1669872848.5097296, 1669872849.431641, 1669872850.2121413, 1669872853.529219, 1669872854.4511087, 1669872855.0849023, 1669872856.2441673, 1669872857.09709, 1669872857.9400718, 1669872858.6423478, 1669872859.3883655, 1669872860.1578374, 1669872861.0745728, 1669872861.716959, 1669872862.2686548, 1669872862.899409, 1669872863.9197838, 1669872864.5233464, 1669872865.1196203, 1669872865.918408, 1669872867.1478484, 1669872867.809478, 1669872868.478007, 1669872869.5786922, 1669872870.2023356, 1669872873.5264988, 1669872874.186389, 1669872874.7049735, 1669872875.2433894, 1669872876.1910849, 1669872876.9564373, 1669872877.5825174, 1669872878.0743258, 1669872878.8831332, 1669872879.696179, 1669872880.2515364, 1669872881.0697398, 1669872881.9686782, 1669872882.5333264, 1669872883.179217, 1669872883.7124312, 1669872884.3841982, 1669872885.0071146, 1669872885.4302611, 1669872886.2987113, 1669872886.908976, 1669872887.5188065, 1669872888.1111248, 1669872888.6272852, 1669872889.3504612, 1669872889.9641018, 1669872890.8058546, 1669872891.312218, 1669872894.8845646, 1669872895.4420042, 1669872895.9896066, 1669872896.5624797, 1669872897.159703, 1669872897.835815, 1669872898.4346194, 1669872898.9695828, 1669872900.1472898, 1669872900.7129562, 1669872901.4001324, 1669872901.8963943, 1669872902.472699, 1669872903.5245817, 1669872904.1214333, 1669872904.7294528, 1669872905.4522355, 1669872906.0677025, 1669872906.645411, 1669872907.599071, 1669872908.0824664, 1669872908.654727, 1669872909.2500896, 1669872909.8005972, 1669872910.3758008, 1669872910.8932674, 1669872911.4215088, 1669872911.8727884, 1669872912.385612, 1669872913.1274512, 1669872916.3258808, 1669872916.866459, 1669872917.4938617, 1669872918.2382267, 1669872918.8232222, 1669872919.1793723, 1669872919.6023538, 1669872920.3367558, 1669872920.7955027, 1669872921.4209385, 1669872922.071491, 1669872922.6986432, 1669872923.3718848, 1669872924.0681744, 1669872924.950344, 1669872925.527935, 1669872926.1801167, 1669872926.696885, 1669872927.236598, 1669872927.8226967, 1669872928.4340932, 1669872929.017294, 1669872929.6195436, 1669872930.1685495, 1669872930.763798, 1669872931.5283535, 1669872932.3082168, 1669872932.9576676, 1669872933.5081692, 1669872934.1164331, 1669872934.793929, 1669872937.9680085, 1669872938.8765583, 1669872939.5617673, 1669872940.433539, 1669872940.874756, 1669872941.4422843, 1669872942.1270723, 1669872942.9078507, 1669872943.5003333, 1669872944.0792418, 1669872944.5467403, 1669872945.1809115, 1669872945.6968002, 1669872946.2139628, 1669872946.946776, 1669872947.481669, 1669872947.9507196, 1669872948.4773269, 1669872949.0894651, 1669872949.4809887, 1669872950.2228367, 1669872950.8063145, 1669872951.2092726, 1669872951.9985797, 1669872952.933941, 1669872953.8874733, 1669872954.4298046, 1669872954.9173849, 1669872955.4452891, 1669872958.7563837, 1669872959.429813, 1669872959.9541166, 1669872960.414835, 1669872961.219203, 1669872961.6909652, 1669872962.3916895, 1669872963.0808084, 1669872963.4808717, 1669872963.8930616, 1669872964.5017502, 1669872965.2408047, 1669872965.77141, 1669872966.3212507, 1669872967.0541031, 1669872967.852879, 1669872968.4627323, 1669872969.4200964, 1669872970.1074803, 1669872970.673821, 1669872971.31762, 1669872971.923553, 1669872972.49233, 1669872973.1194842, 1669872973.678188, 1669872974.3740923, 1669872974.9303868, 1669872975.8114455, 1669872976.6098125, 1669872977.0394232, 1669872977.4654684, 1669872980.6656754, 1669872981.3146884, 1669872981.994329, 1669872982.4882941, 1669872982.869121, 1669872983.3208716, 1669872984.0303278, 1669872984.6756473, 1669872985.231002, 1669872985.7192802, 1669872986.2929757, 1669872986.8014445, 1669872987.4025948, 1669872988.135918, 1669872989.0379677, 1669872989.8383129, 1669872990.4355676, 1669872990.943034, 1669872991.5940933, 1669872992.1705015, 1669872992.895586, 1669872993.3562996, 1669872993.9273398, 1669872994.456781, 1669872995.0643215, 1669872995.6989634, 1669872996.2524645, 1669872996.7489614, 1669872997.3270528, 1669872997.8550684, 1669872998.2943122, 1669872998.8946702, 1669873002.3173945, 1669873002.9341557, 1669873003.5168197, 1669873004.0386686, 1669873004.543822, 1669873005.090743, 1669873005.757559, 1669873006.293654, 1669873006.9293647, 1669873007.3873992, 1669873008.0107918, 1669873008.5845087, 1669873009.1577437, 1669873009.654512, 1669873010.4695985, 1669873011.0509667, 1669873011.393734, 1669873011.9552388, 1669873012.496573, 1669873013.1325614, 1669873013.640952, 1669873014.2395086, 1669873014.720415, 1669873015.3853822, 1669873016.0112503, 1669873016.641956, 1669873017.1027172, 1669873017.6135747, 1669873018.085138, 1669873018.4957597, 1669873018.90832, 1669873019.325273, 1669873019.8243103, 1669873020.293935, 1669873020.7778745, 1669873021.4083934, 1669873024.6479375, 1669873025.3050778, 1669873025.7857213, 1669873026.344501, 1669873027.025412, 1669873027.7127845, 1669873028.3958762, 1669873028.9090238, 1669873029.4820747, 1669873029.9615896, 1669873030.4587932, 1669873030.9117675, 1669873031.6501887, 1669873032.0958617, 1669873032.657077, 1669873033.1820962, 1669873033.8372793, 1669873034.4906306, 1669873034.908912, 1669873035.537884, 1669873036.1335108, 1669873036.7015352, 1669873037.449168, 1669873037.9354634, 1669873038.563562, 1669873039.103511, 1669873039.6300633, 1669873040.1767025, 1669873040.739985, 1669873041.2539287, 1669873041.6266513, 1669873042.056593, 1669873042.4018764, 1669873045.4392025, 1669873046.0234628, 1669873046.6468315, 1669873047.2608204, 1669873047.717097, 1669873048.1974497, 1669873048.719526, 1669873049.2296748, 1669873049.8668706, 1669873050.463958, 1669873050.8996751, 1669873051.545589, 1669873052.0396497, 1669873052.6838987, 1669873053.1986067, 1669873053.6380327, 1669873054.2460513, 1669873054.707187, 1669873055.2449174, 1669873055.7581544, 1669873056.2190714, 1669873056.704533, 1669873057.1703537, 1669873057.6733944, 1669873058.3039398, 1669873058.8146272, 1669873059.4400995, 1669873059.9816654, 1669873060.3382328, 1669873060.8102298, 1669873061.2954504, 1669873061.8339689, 1669873062.4004784, 1669873063.3037558, 1669873063.985305, 1669873067.5171266, 1669873068.1686015, 