{"initial_reset_timestamp": 1669872701.252564, "timestamps": [1669872701.7784245, 1669872702.0444891, 1669872702.316903, 1669872702.6140442, 1669872702.9126668, 1669872703.1930542, 1669872703.4713438, 1669872706.7515397, 1669872707.0117805, 1669872707.2775717, 1669872707.5335019, 1669872707.7023044, 1669872707.9541407, 1669872708.222205, 1669872708.4840758, 1669872711.8422956, 1669872712.1001534, 1669872712.3560362, 1669872712.6168406, 1669872712.8795636, 1669872713.1416628, 1669872713.404983, 1669872713.7206197, 1669872731.2722733, 1669872731.5259855, 1669872731.778013, 1669872732.0355732, 1669872732.2886245, 1669872732.543822, 1669872732.7867892, 1669872750.4998634, 1669872750.7697754, 1669872751.0381324, 1669872751.3121731, 1669872751.5812924, 1669872751.8436313, 1669872752.104741, 1669872769.6636498, 1669872769.906581, 1669872770.1535547, 1669872770.394218, 1669872770.6462846, 1669872770.8964126, 1669872771.1589344, 1669872789.1565673, 1669872789.4218912, 1669872789.6858408, 1669872789.947414, 1669872790.2107475, 1669872790.4790928, 1669872790.7511868, 1669872809.5048528, 1669872809.8204496, 1669872810.089528, 1669872810.346747, 1669872810.6274993, 1669872810.9146514, 1669872811.1827815, 1669872829.975056, 1669872830.2689219, 1669872830.5659692, 1669872830.852577, 1669872831.1436846, 1669872831.4316893, 1669872831.7077367, 1669872851.66342, 1669872851.9303432, 1669872852.1880803, 1669872852.452237, 1669872852.7743213, 1669872853.029271, 1669872853.280291, 1669872871.9244983, 1669872872.1804552, 1669872872.4383345, 1669872872.6897588, 1669872872.9632537, 1669872873.2310097, 1669872873.5045671, 1669872892.9223244, 1669872893.1887655, 1669872893.4403934, 1669872893.7002947, 1669872893.9727936, 1669872894.2486513, 1669872894.5224855, 1669872914.4816072, 1669872914.743492, 1669872915.00368, 1669872915.2664053, 1669872915.5216298, 1669872915.7775877, 1669872916.0336616, 1669872935.9659483, 1669872936.222188, 1669872936.4668329, 1669872936.7223148, 1669872936.984444, 1669872937.248098, 1669872937.5690143, 1669872957.149589, 1669872957.41024, 1669872957.6590922, 1669872957.91109, 1669872958.1612496, 1669872958.4048953, 1669872958.6535583, 1669872978.642401, 1669872978.9262116, 1669872979.1908, 1669872979.4585319, 1669872979.7255483, 1669872979.9962194, 1669872980.3754663, 1669873000.5007088, 1669873000.774604, 1669873001.0537596, 1669873001.3357377, 1669873001.6115215, 1669873001.8736126, 1669873002.1401901, 1669873022.7012231, 1669873022.9517305, 1669873023.198432, 1669873023.4546092, 1669873023.7159357, 1669873023.974665, 1669873024.2298856, 1669873043.9171598, 1669873044.1560683, 1669873044.3993456, 1669873044.6394358, 1669873044.9426796, 1669873045.1869044, 1669873045.4312205, 1669873065.8884284, 1669873066.1571312, 1669873066.425689, 1669873066.6969438, 1669873066.9677267, 1669873067.2298775, 1669873067.4925163, 1669873088.788773, 1669873089.118061, 1669873089.3977735, 1669873089.6739113, 1669873089.92985, 1669873090.2272172, 1669873090.5415714, 1669873107.120701, 1669873107.3804789, 1669873107.6419284, 1669873107.903995, 1669873108.1594439, 1669873108.428977, 1669873108.7692251, 1669873125.431948, 1669873125.6950934, 1669873125.998557, 1669873126.285736, 1669873126.558196, 1669873126.8433218, 1669873127.1473725, 1669873143.4485335, 1669873143.700371, 1669873143.950605, 1669873144.2712908, 1669873144.6095521, 1669873144.865977, 1669873145.1346638, 1669873161.3204668, 1669873161.6008015, 1669873161.8666024, 1669873162.1406834, 1669873162.4565306, 1669873162.7537248, 1669873163.0409825, 1669873179.8784192, 1669873180.1399622, 1669873180.4080646, 1669873180.674995, 1669873180.9457722, 1669873181.2156773, 1669873181.4855006, 1669873198.2575364, 1669873198.5198781, 1669873198.7974231, 1669873199.0716484, 1669873199.317751, 1669873199.567811, 1669873199.824312, 1669873216.1496756, 1669873216.4055712, 1669873216.6683068, 1669873216.936744, 1669873217.1843486, 1669873217.4310288, 1669873217.6890724, 1669873233.817167, 1669873234.0563247, 1669873234.3117123, 1669873234.5679133, 1669873234.834128, 1669873235.0912178, 1669873235.3489544, 1669873251.5960374, 1669873251.8707316, 1669873252.1486013, 1669873252.4329777, 1669873252.711847, 1669873253.0056827, 1669873253.3278284, 1669873269.8293734, 1669873270.0881517, 1669873270.3564, 1669873270.6367183, 1669873270.9772174, 1669873271.2519352, 1669873271.5153737, 1669873287.8609397, 1669873288.13639, 1669873288.406965, 1669873288.6634932, 1669873288.9198945, 1669873289.1861076, 1669873289.4474165, 1669873306.008546, 1669873306.2730596, 1669873306.526815, 1669873306.7774103, 1669873307.0458653, 1669873307.3130476, 1669873307.5618653, 1669873324.144826, 1669873324.4188318, 1669873324.6860428, 1669873324.9485347, 1669873325.2154348, 1669873325.478532, 1669873325.729775, 1669873341.8810313, 1669873342.1357052, 1669873342.389501, 1669873342.64809, 1669873342.8991373, 1669873343.1591258, 1669873343.4162116, 1669873359.0660634, 1669873359.325797, 1669873359.5841773, 1669873359.8394542, 1669873360.1013935, 1669873360.364856, 1669873360.6283984, 1669873376.5895348, 1669873376.8659375, 1669873377.1397128, 1669873377.4298935, 1669873377.7274919, 1669873378.0067234, 1669873378.269882, 1669873394.6170537, 1669873394.8635132, 1669873395.1279464, 1669873395.388427, 1669873395.7255518, 1669873396.001818, 1669873396.2745945, 1669873412.4813185, 1669873412.7313972, 1669873412.9827394, 1669873413.244162, 1669873413.504738, 1669873413.7716641, 1669873414.0561152, 1669873430.41121, 1669873430.6818388, 1669873430.9537373, 1669873431.2198725, 1669873431.472332, 1669873431.7295268, 1669873431.9945645, 1669873448.5903423, 1669873448.8557506, 1669873449.1249812, 1669873449.3918393, 1669873449.6604338, 1669873449.9086907, 1669873450.1601102, 1669873466.4258375, 1669873466.6790566, 1669873466.947418, 1669873467.2001336, 1669873467.4528768, 1669873467.708815, 1669873467.9658983, 1669873484.006106, 1669873484.25461, 1669873484.5181947, 1669873484.760161, 1669873485.0049212, 1669873485.2515392, 1669873485.5073056, 1669873502.13796, 1669873502.3854215, 1669873502.6353638, 1669873502.8849251, 1669873503.1488144, 1669873503.413149, 1669873503.666893, 1669873519.9726524, 1669873520.240315, 1669873520.5219648, 1669873520.7982883, 1669873521.1291034, 1669873521.380029, 1669873521.6250753, 1669873537.5903428, 1669873537.8464558, 1669873538.1048043, 1669873538.3567038, 1669873538.6077487, 1669873538.8552327, 1669873539.1076097, 1669873555.6055794, 1669873555.8619034, 1669873556.129847, 1669873556.3917255, 1669873556.6533608, 1669873556.915124, 1669873557.182643, 1669873573.3255577, 1669873573.5806348, 1669873573.8431404, 1669873574.0866833, 1669873574.3352602, 1669873574.5836778, 1669873574.8372576, 1669873591.0623183, 1669873591.3129337, 1669873591.5779502, 1669873591.8414469, 1669873592.1052253, 1669873592.3698344, 1669873592.6291592, 1669873609.1271372, 1669873609.398225, 1669873609.66978, 1669873609.9361691, 1669873610.2030694, 1669873610.4810221, 1669873610.741658],