{"initial_reset_timestamp": 1669916848.2526808, "timestamps": [1669916851.8459127, 1669916852.0363548, 1669916852.3026536, 1669916852.6251938, 1669916852.9451182, 1669916853.2457209, 1669916853.5482314, 1669916853.8491518, 1669916854.1470861, 1669916854.442146, 1669916857.6079078, 1669916857.9071634, 1669916858.200732, 1669916858.4965017, 1669916858.7902179, 1669916859.0845256, 1669916859.3808544, 1669916859.675984, 1669916859.978173, 1669916860.276825, 1669916864.294323, 1669916865.5522273, 1669916866.8106792, 1669916868.0206976, 1669916869.240431, 1669916870.4291308, 1669916871.4295626, 1669916872.0177097, 1669916873.1489098, 1669916874.278853, 1669916878.228939, 1669916879.4224384, 1669916880.6573973, 1669916881.9178383, 1669916882.521379, 1669916883.7332888, 1669916884.8205843, 1669916885.9777184, 1669916886.8710313, 1669916887.6174617, 1669916888.8349013, 1669916890.0323427, 1669916893.7691705, 1669916895.0168247, 1669916896.2884772, 1669916897.392573, 1669916898.6145415, 1669916899.830324, 1669916901.0469944, 1669916902.2832892, 1669916903.3562896, 1669916904.5207465, 1669916908.487719, 1669916909.6868112, 1669916910.8715146, 1669916911.8285952, 1669916913.0300236, 1669916914.2038543, 1669916915.416011, 1669916916.605912, 1669916917.7940204, 1669916918.975763, 1669916923.0439806, 1669916924.2502065, 1669916925.460332, 1669916926.6580393, 1669916927.8266284, 1669916929.0793157, 1669916930.2641275, 1669916931.453122, 1669916932.6375198, 1669916933.8326647, 1669916937.8074389, 1669916938.9921577, 1669916940.1059592, 1669916941.2304406, 1669916942.4096591, 1669916943.5766346, 1669916944.8256435, 1669916946.0103548, 1669916947.136576, 1669916948.2887192, 1669916952.0660226, 1669916953.1506484, 1669916954.3162215, 1669916955.4948597, 1669916956.686499, 1669916957.889867, 1669916959.0582569, 1669916960.3017054, 1669916961.4193704, 1669916962.5923715, 1669916966.5347886, 1669916967.6761522, 1669916968.7766345, 1669916969.9636333, 1669916971.15569, 1669916972.2531202, 1669916973.3354182, 1669916974.43728, 1669916975.6634161, 1669916976.8175232, 1669916980.8168077, 1669916981.9321995, 1669916983.1382937, 1669916984.3191323, 1669916985.5157259, 1669916986.6099157, 1669916987.8107755, 1669916989.043401, 1669916990.2488549, 1669916991.516276, 1669916995.5293946, 1669916996.7257485, 1669916997.93718, 1669916999.1486275, 1669917000.2739704, 1669917001.4234865, 1669917002.6079493, 1669917003.7861233, 1669917004.9681633, 1669917006.0712597, 1669917010.1741922, 1669917011.371287, 1669917012.5597312, 1669917013.7431326, 1669917014.9734445, 1669917016.0872352, 1669917017.2431586, 1669917018.4633145, 1669917019.3422964, 1669917020.6329002, 1669917021.9123523, 1669917026.0248175, 1669917027.2505484, 1669917028.4502048, 1669917029.6768982, 1669917030.8825777, 1669917032.0665276, 1669917033.2568276, 1669917034.4673924, 1669917035.6970508, 1669917036.9163945, 1669917040.9137378, 1669917042.0464761, 1669917043.0956397, 1669917044.210159, 1669917045.3679924, 1669917046.5485258, 1669917047.7204213, 1669917048.7764611, 1669917049.935754, 1669917051.0497656, 1669917054.9749177, 1669917056.2386525, 1669917057.4387958, 1669917058.672387, 1669917059.8902917, 1669917060.9946399, 1669917062.220348, 1669917063.435246, 1669917064.635704, 1669917065.8311992, 1669917069.8750815, 1669917071.124715, 1669917072.3653498, 1669917073.576107, 1669917074.7926338, 1669917075.928035, 1669917077.0218635, 1669917078.1660452, 1669917079.338686, 1669917080.532116, 1669917084.5612211, 1669917085.7427697, 1669917086.931163, 1669917088.2103386, 1669917089.4419427, 1669917090.6475654, 1669917091.0970306, 1669917092.2955408, 1669917093.4836624, 1669917094.6617668, 1669917095.844567, 1669917099.8786867, 1669917101.054416, 1669917102.2478862, 1669917103.5009308, 1669917104.6442955, 1669917105.8564415, 1669917107.0512335, 1669917108.2501383, 1669917109.4718487, 1669917110.7077398, 1669917114.7450154, 1669917115.9646337, 1669917117.1545298, 1669917118.3434286, 1669917119.5403683, 1669917120.793718, 1669917121.8645554, 1669917123.042586, 1669917124.2379804, 1669917125.4441988, 1669917129.464997, 1669917130.6572835, 1669917131.8309705, 1669917132.956412, 1669917134.1563866, 1669917135.3207393, 1669917136.5766077, 1669917137.805097, 1669917138.8910677, 1669917140.077743, 1669917144.1266124, 1669917145.3287284, 1669917146.5021172, 1669917147.6999004, 1669917148.8884175, 1669917150.108219, 1669917151.2745929, 1669917152.5654635, 1669917153.7618306, 1669917154.9354813, 1669917159.0754776, 1669917160.2545002, 1669917161.485621, 1669917162.6720004, 1669917163.8985405, 1669917165.1161273, 1669917166.289379, 1669917167.469386, 1669917168.34227, 1669917168.8987608, 1669917170.1179755, 1669917174.1668196, 1669917175.3782876, 1669917176.5432618, 1669917177.5788171, 1669917178.7538874, 1669917179.906386, 1669917180.9430625, 1669917182.1867123, 1669917183.373971, 1669917184.5609424, 1669917188.5908408, 1669917189.7883415, 1669917190.9839408, 1669917192.1802237, 1669917193.37759, 1669917194.5138493, 1669917195.6275027, 1669917196.7470825, 1669917197.9435945, 1669917198.977938, 1669917203.0147033, 1669917204.131095, 1669917205.3041446, 1669917206.4898975, 1669917207.565481, 1669917208.760242, 1669917209.9366348, 1669917211.0617924, 1669917212.195732, 1669917213.4556513, 1669917217.655839, 1669917218.8155022, 1669917219.9586327, 1669917221.1156893, 1669917222.276164, 1669917223.458336, 1669917224.6450443, 1669917225.8347657, 1669917227.0313783, 1669917228.3240328, 1669917232.367664, 1669917233.5413582, 1669917234.650839, 1669917235.7574964, 1669917236.9569457, 1669917238.1515577, 1669917239.3414645, 1669917239.9095197, 1669917241.1295965, 1669917242.3555574, 1669917246.4677608, 1669917247.643809, 1669917248.816798, 1669917249.9984426, 1669917251.1764224, 1669917252.383969, 1669917253.5154147, 1669917254.6795983, 1669917255.3878877, 1669917256.584382, 1669917257.665503, 1669917261.8021052, 1669917262.9717984, 1669917263.607003, 1669917264.8328054, 1669917266.061821, 1669917267.262337, 1669917268.4760587, 1669917269.6783535, 1669917270.8531494, 1669917271.712221, 1669917272.9124918, 1669917277.0306485, 1669917278.224912, 1669917278.9834418, 1669917280.098132, 1669917281.282847, 1669917282.4665992, 1669917283.6598737, 1669917284.1912634, 1669917285.3797681, 1669917286.5534046, 1669917287.450427, 1669917291.5860257, 1669917292.813796, 1669917294.0242698, 1669917295.197203, 1669917296.4145746, 1669917297.6862426, 1669917298.885736, 1669917300.0783043, 1669917301.2757912, 1669917302.4562638, 1669917306.4837327, 1669917307.625706, 1669917308.8378294, 1669917310.0316646, 1669917311.2343056, 1669917312.4159513, 1669917313.6200404, 1669917314.8815591, 1669917316.1702526, 1669917317.380525, 1669917321.5026438, 1669917322.7783258, 1669917323.9929624, 1669917325.1994102, 1669917326.4374144, 1669917327.6410744, 1669917328.888436, 1669917330.1510205, 1669917331.4300997, 1669917332.6959262, 1669917336.734542, 1669917337.934286, 1669917339.1997569, 1669917340.3486986, 1669917341.5240026, 1669917342.7087588, 1669917343.898989, 1669917345.0832207, 1669917346.2968924, 1669917347.5427098, 1669917351.6868405, 1669917352.9207785, 1669917354.1692574, 1669917355.5000312, 1669917356.7383866, 1669917357.9639225, 1669917359.1601295, 1669917360.3916996, 1669917361.6309903, 1669917362.8600903, 1669917366.6709688, 1669917367.8504739, 1669917369.038511, 1669917370.270134, 1669917371.4713635, 1669917372.6859756, 1669917373.8835466, 1669917375.0899358, 1669917376.2879405, 1669917377.4783063, 1669917381.4588869, 1669917382.6520243, 1669917383.8615582, 1669917384.6585023, 1669917385.8612194, 1669917387.051214, 1669917388.3046467, 1669917389.490495, 1669917390.6960983, 1669917391.8826852, 1669917393.0627422, 1669917397.166425, 1669917398.3549006, 1669917399.4868696, 1669917400.6822066, 1669917401.8633842, 1669917403.0608463, 1669917404.3251367, 1669917405.5316217, 1669917406.7197437, 1669917407.9124248, 1669917411.9678435, 1669917413.1634803, 