{"initial_reset_timestamp": 1669916849.415125, "timestamps": [1669916849.883942, 1669916850.1299887, 1669916850.3314478, 1669916850.5348427, 1669916850.7347603, 1669916850.9321542, 1669916851.1296387, 1669916851.3281083, 1669916851.586018, 1669916851.7848938, 1669916855.5687838, 1669916855.766272, 1669916855.9647467, 1669916856.1681929, 1669916856.3682394, 1669916856.5623643, 1669916856.7627366, 1669916856.9633205, 1669916857.160444, 1669916857.4178865, 1669916861.4251661, 1669916861.6267328, 1669916861.8347003, 1669916862.0333781, 1669916862.2318704, 1669916862.4301076, 1669916862.6308186, 1669916862.827939, 1669916863.029373, 1669916863.228674, 1669916876.2212462, 1669916876.4230704, 1669916876.6129606, 1669916876.8086832, 1669916877.0014915, 1669916877.1997602, 1669916877.388643, 1669916877.5854578, 1669916877.786161, 1669916877.9752722, 1669916891.2835188, 1669916891.4884527, 1669916891.695012, 1669916891.896363, 1669916892.1025732, 1669916892.3098006, 1669916892.5146198, 1669916892.72116, 1669916892.932019, 1669916893.137613, 1669916906.4228804, 1669916906.6148133, 1669916906.8102648, 1669916907.002557, 1669916907.1932921, 1669916907.3837626, 1669916907.5758784, 1669916907.7693858, 1669916907.9679787, 1669916908.1646323, 1669916921.0856996, 1669916921.3461704, 1669916921.550842, 1669916921.7555869, 1669916921.9582102, 1669916922.1615422, 1669916922.3683364, 1669916922.5736034, 1669916922.7753992, 1669916922.985193, 1669916935.8892953, 1669916936.0921485, 1669916936.3553777, 1669916936.5529265, 1669916936.7487004, 1669916936.9447248, 1669916937.14415, 1669916937.3441095, 1669916937.5433536, 1669916937.7471154, 1669916950.2011957, 1669916950.3983295, 1669916950.5940077, 1669916950.855124, 1669916951.052204, 1669916951.2495406, 1669916951.4407861, 1669916951.6324718, 1669916951.8263478, 1669916952.0176425, 1669916964.6410925, 1669916964.839036, 1669916965.037817, 1669916965.2387981, 1669916965.5058222, 1669916965.7062178, 1669916965.8953257, 1669916966.0953722, 1669916966.281485, 1669916966.4832528, 1669916978.8901815, 1669916979.0861883, 1669916979.2897303, 1669916979.4877794, 1669916979.6864157, 1669916979.8873644, 1669916980.150391, 1669916980.3477635, 1669916980.5508049, 1669916980.7573135, 1669916993.570797, 1669916993.776078, 1669916993.980018, 1669916994.184627, 1669916994.3892467, 1669916994.5930955, 1669916994.7956066, 1669916995.0589507, 1669916995.2623641, 1669916995.467915, 1669917008.2140892, 1669917008.417616, 1669917008.623181, 1669917008.8278008, 1669917009.0301, 1669917009.232843, 1669917009.4373224, 1669917009.6426682, 1669917009.910693, 1669917010.1154342, 1669917023.3383818, 1669917023.5429356, 1669917023.7414258, 1669917023.9540527, 1669917024.1588583, 1669917024.3611681, 1669917024.565194, 1669917024.7677526, 1669917025.0309746, 1669917025.234156, 1669917038.3229706, 1669917038.522168, 1669917038.7253075, 1669917038.926576, 1669917039.1314673, 1669917039.3415437, 1669917039.5461953, 1669917039.7457497, 1669917039.9462602, 1669917040.2092266, 1669917052.3970928, 1669917052.5961015, 1669917052.794717, 1669917052.9920733, 1669917053.1914248, 1669917053.3885586, 1669917053.5902169, 1669917053.7850738, 1669917053.9887803, 1669917054.1957629, 1669917067.3534348, 1669917067.5584419, 1669917067.7638214, 1669917067.967167, 1669917068.172303, 1669917068.376552, 1669917068.5823271, 1669917068.7867072, 1669917068.9895513, 1669917069.197848, 1669917082.0342553, 1669917082.239295, 1669917082.4443564, 1669917082.649641, 1669917082.851543, 1669917083.0549252, 1669917083.260615, 1669917083.4664962, 1669917083.669548, 1669917083.8750243, 1669917097.071996, 1669917097.2737644, 1669917097.4784875, 1669917097.6870277, 1669917097.8979347, 1669917098.1007192, 1669917098.3019435, 1669917098.5057147, 1669917098.7114813, 1669917098.9182882, 1669917111.862758, 1669917112.1355712, 1669917112.3392189, 1669917112.5444577, 1669917112.7490292, 1669917112.9549522, 1669917113.1592803, 1669917113.3637145, 1669917113.5682695, 1669917113.7712438, 1669917126.6015713, 1669917126.8043256, 1669917127.0691032, 1669917127.272102, 1669917127.475963, 1669917127.683898, 1669917127.889416, 1669917128.094551, 1669917128.2987428, 1669917128.500611, 1669917141.2457218, 1669917141.451337, 1669917141.6567512, 1669917141.9262478, 1669917142.1297255, 1669917142.3332608, 1669917142.5372891, 1669917142.7413893, 1669917142.9448178, 1669917143.149228, 1669917156.0971403, 1669917156.300901, 1669917156.5074089, 1669917156.7116232, 1669917156.9817188, 1669917157.184755, 1669917157.388942, 1669917157.5929668, 1669917157.7976048, 1669917158.0014153, 1669917158.2052917, 1669917171.1943865, 1669917171.3997936, 1669917171.6050444, 1669917171.8784647, 1669917172.0829825, 1669917172.2871594, 1669917172.4914162, 1669917172.6967137, 1669917172.9011486, 1669917173.1058435, 1669917185.7406466, 1669917185.945657, 1669917186.151382, 1669917186.3572297, 1669917186.6287334, 1669917186.8323922, 1669917187.0416489, 1669917187.2476373, 1669917187.45391, 1669917187.6604645, 1669917200.1507177, 1669917200.3561454, 1669917200.5629215, 1669917200.7687993, 1669917200.973323, 1669917201.1772103, 1669917201.4478574, 1669917201.6536791, 1669917201.8583863, 1669917202.0633438, 1669917214.768098, 1669917214.9738975, 1669917215.1808786, 1669917215.3884065, 1669917215.5958204, 1669917215.8004346, 1669917216.0073845, 1669917216.2714627, 1669917216.4769797, 1669917216.6828005, 1669917216.8907192, 1669917229.63026, 1669917229.8371327, 1669917230.0441, 1669917230.2498271, 1669917230.4552994, 1669917230.6612194, 1669917230.8682806, 1669917231.1460755, 1669917231.3523989, 1669917231.5587509, 1669917244.379996, 1669917244.5859556, 1669917244.791186, 1669917244.9950175, 1669917245.2004511, 1669917245.4027314, 1669917245.6061707, 1669917245.8115137, 1669917246.0771728, 1669917246.2800884, 1669917259.2585287, 1669917259.4639204, 1669917259.6705337, 1669917259.8761938, 1669917260.0812743, 1669917260.2856464, 1669917260.492133, 1669917260.6991742, 1669917260.9682493, 1669917261.1732407, 1669917274.296353, 1669917274.502177, 1669917274.7080746, 1669917274.9161923, 1669917275.1201253, 1669917275.3240094, 1669917275.530292, 1669917275.7397892, 1669917276.0080833, 1669917276.2129974, 1669917289.133734, 1669917289.3408964, 1669917289.5488133, 1669917289.7544816, 1669917289.9625978, 1669917290.1712337, 1669917290.375964, 1669917290.5824482, 1669917290.8523483, 1669917291.058481, 1669917304.0604398, 1669917304.265313, 1669917304.470671, 1669917304.6794627, 1669917304.8838227, 1669917305.0885396, 1669917305.2938817, 1669917305.4964545, 1669917305.7003696, 1669917305.962129, 1669917319.083069, 1669917319.2951517, 1669917319.503012, 1669917319.7166908, 1669917319.92857, 1669917320.1409957, 1669917320.3565714, 1669917320.5719297, 1669917320.790532, 1669917321.005698, 1669917334.3964665, 1669917334.598666, 1669917334.8017983, 1669917335.0044537, 1669917335.2023396, 1669917335.398091, 1669917335.6013167, 1669917335.804422, 1669917336.0052416, 1669917336.2067344, 1669917349.2590637, 1669917349.4771488, 1669917349.6960945, 1669917349.9027498, 1669917350.1104286, 1669917350.3116324, 1669917350.5230849, 1669917350.7326577, 1669917350.935978, 1669917351.1422634, 1669917364.514173, 1669917364.781927, 1669917364.98673, 1669917365.2013056, 1669917365.4078858, 1669917365.6214137, 1669917365.838442, 1669917366.0500243, 1669917366.258639, 1669917366.4658704, 1669917379.4528255, 1669917379.650745, 1669917379.9117465, 1669917380.1102939, 1669917380.3097434, 1669917380.508056, 1669917380.7073758, 1669917380.9085345, 1669917381.1068926, 1669917381.3038967, 1669917394.3873448, 1669917394.5971563, 1669917394.8842726, 1669917395.0947254, 1669917395.3009515, 1669917395.5113306, 1669917395.716471, 1669917395.9229522, 1669917396.1335595, 1669917396.35033, 1669917409.3160267, 1669917409.521749, 1669917409.7345614, 1669917410.004763, 1669917410.2089121, 1669917410.406165, 1669917410.6133149, 1669917410.8176153, 1669917411.0262063, 1669917411.229405, 