{"initial_reset_timestamp": 1669789998.3012357, "timestamps": [1669790002.5225399, 1669790002.728135, 1669790003.0158098, 1669790003.358293, 1669790003.6995993, 1669790004.0439398, 1669790004.3514001, 1669790004.6597128, 1669790004.978116, 1669790005.3116608, 1669790008.5469482, 1669790008.969159, 1669790009.3025918, 1669790009.6274185, 1669790009.9389455, 1669790010.2453525, 1669790010.5706692, 1669790010.8981464, 1669790011.2053056, 1669790011.5332146, 1669790015.6580954, 1669790016.8518925, 1669790018.080237, 1669790019.3696866, 1669790020.533221, 1669790021.7363834, 1669790022.3877983, 1669790023.5720916, 1669790024.7574139, 1669790025.9278247, 1669790029.9898515, 1669790031.2940598, 1669790032.6147227, 1669790033.867995, 1669790035.056075, 1669790036.3208678, 1669790037.5105505, 1669790038.7963297, 1669790040.0235362, 1669790041.2980077, 1669790045.5768883, 1669790046.8333452, 1669790048.197799, 1669790049.5065558, 1669790050.8987372, 1669790051.5102468, 1669790052.358237, 1669790053.6166425, 1669790054.923028, 1669790056.1949441, 1669790057.5581026, 1669790062.2146194, 1669790063.5547383, 1669790064.9182658, 1669790066.3314857, 1669790067.7109895, 1669790069.0727422, 1669790070.3961728, 1669790071.6810856, 1669790073.042688, 1669790074.3557575, 1669790078.7329245, 1669790080.0133455, 1669790081.263377, 1669790082.1731386, 1669790083.431004, 1669790084.7513373, 1669790085.9979947, 1669790087.2952278, 1669790088.6545372, 1669790089.9713068, 1669790091.3301387, 1669790095.6632617, 1669790096.939142, 1669790098.1611319, 1669790099.3487022, 1669790100.6988184, 1669790102.0793962, 1669790102.9243727, 1669790104.2463932, 1669790105.5762153, 1669790106.9082518, 1669790111.8950489, 1669790113.1658843, 1669790114.534143, 1669790115.83523, 1669790117.116402, 1669790118.372699, 1669790119.593001, 1669790120.8080106, 1669790122.0651534, 1669790123.4187286, 1669790128.0479984, 1669790129.3061574, 1669790130.705683, 1669790132.0767562, 1669790133.404423, 1669790134.3963258, 1669790135.7674844, 1669790137.13405, 1669790138.5497472, 1669790139.978638, 1669790141.3989308, 1669790146.535671, 1669790147.8708634, 1669790149.1784742, 1669790150.4845698, 1669790151.865826, 1669790153.2531228, 1669790154.6205616, 1669790155.9146478, 1669790157.1763704, 1669790158.5504766, 1669790163.9259012, 1669790165.1805055, 1669790166.5006013, 1669790167.8129294, 1669790169.170142, 1669790170.5201428, 1669790171.8772993, 1669790173.1894734, 1669790174.4609156, 1669790175.7270496, 1669790180.7284288, 1669790182.0239675, 1669790183.387694, 1669790184.7273283, 1669790186.0380201, 1669790187.3886895, 1669790188.863431, 1669790190.332433, 1669790191.5893762, 1669790192.857721, 1669790198.022049, 1669790199.2579036, 1669790200.532936, 1669790201.7658257, 1669790203.000405, 1669790204.3511539, 1669790205.6224473, 1669790206.8479266, 1669790208.096236, 1669790209.3273375, 1669790213.9276998, 1669790215.183312, 1669790216.4588962, 1669790217.794465, 1669790219.1592343, 1669790220.4763544, 1669790221.7510242, 1669790223.063559, 1669790224.430808, 1669790225.7247498, 1669790230.961057, 1669790232.302929, 1669790233.6673543, 1669790235.0522504, 1669790236.3470807, 1669790237.6394188, 1669790238.9304638, 1669790240.1701303, 1669790241.4604166, 1669790242.1632884, 1669790246.6635704, 1669790247.9245515, 1669790249.2007444, 1669790250.5232294, 1669790251.7102027, 1669790253.0860245, 1669790254.3767216, 1669790255.6961348, 1669790257.0257251, 1669790258.3683116, 1669790263.4245567, 1669790264.8172736, 1669790266.2150533, 1669790267.6299365, 1669790268.8915968, 1669790270.207774, 1669790271.5559282, 1669790272.9173996, 1669790274.2004282, 1669790275.5045455, 1669790281.103377, 1669790282.427537, 1669790283.7523067, 1669790285.0370219, 1669790286.3559191, 1669790287.6859882, 1669790288.9835513, 1669790290.2821867, 1669790291.5142558, 1669790292.779622, 1669790298.0211074, 1669790299.1983519, 1669790300.484513, 1669790301.7827275, 1669790303.0692742, 1669790304.437521, 1669790305.8414552, 1669790307.2259789, 1669790308.5374424, 1669790309.8717954, 1669790315.0394485, 1669790316.342687, 1669790317.7624192, 1669790319.067177, 1669790320.4151182, 1669790321.7807112, 1669790323.1094997, 1669790324.5164921, 1669790325.8121996, 1669790327.1267846, 1669790332.3953295, 1669790333.7132154, 1669790335.0523348, 1669790336.341905, 1669790337.6203284, 1669790338.904159, 1669790340.1832814, 1669790341.4465756, 1669790342.7764935, 1669790344.0646508, 1669790349.5807858, 1669790350.9160855, 1669790352.2849095, 1669790353.4764175, 1669790354.6795037, 1669790355.9052722, 1669790357.1881955, 1669790358.495612, 1669790359.8111115, 1669790361.0364542, 1669790366.6021707, 1669790368.0740745, 1669790369.4871473, 1669790370.7535493, 1669790371.9840634, 1669790373.1651392, 1669790374.3949525, 1669790375.6766138, 1669790376.954696, 1669790378.2133212, 1669790383.341415, 1669790384.6191015, 1669790385.8612924, 1669790387.126135, 1669790388.3325355, 1669790389.5092547, 1669790390.6394668, 1669790391.8525143, 1669790393.1296854, 1669790394.3499308, 1669790398.7755208, 1669790400.0336401, 1669790401.2648332, 1669790402.505548, 1669790403.7761984, 1669790405.0318027, 1669790406.3031406, 1669790407.591755, 1669790408.8922977, 1669790410.1984365, 1669790414.8272398, 1669790416.1199112, 1669790417.3946662, 1669790418.6399806, 1669790419.859163, 1669790421.0648212, 1669790422.2855852, 1669790423.5535696, 1669790424.7801902, 1669790426.1827729, 1669790431.304895, 1669790432.576309, 1669790433.838969, 1669790435.0987005, 1669790436.3289828, 1669790437.580473, 1669790438.9292588, 1669790440.1987545, 1669790441.4705067, 1669790442.7251923, 1669790448.209015, 1669790449.4578526, 1669790450.8199291, 1669790452.138761, 1669790453.3571243, 1669790454.536646, 1669790455.7199907, 1669790457.056496, 1669790458.4698105, 1669790459.844189, 1669790464.8720644, 1669790466.1495943, 1669790467.4165077, 1669790468.68787, 1669790470.0027764, 1669790471.3286524, 1669790472.5695758, 1669790473.739426, 1669790475.0905972, 1669790476.4032223, 1669790481.3836668, 1669790482.7206666, 1669790484.1323617, 1669790485.4886699, 1669790486.8328671, 1669790488.1847298, 1669790489.5061367, 1669790490.7800508, 1669790492.1383972, 1669790493.4453344, 1669790497.8197336, 1669790499.1511137, 1669790500.3911045, 1669790501.6612575, 1669790502.8877008, 1669790504.202156, 1669790505.5405936, 1669790506.783338, 1669790508.0645335, 1669790509.3225162, 1669790514.0219486, 1669790515.3007264, 1669790516.5332496, 1669790517.756609, 1669790519.079693, 1669790520.3444712, 1669790521.6042542, 1669790522.898178, 1669790524.1566718, 1669790525.4304497, 1669790530.8625789, 1669790532.1584013, 1669790533.4489486, 1669790534.7662652, 1669790536.0969887, 1669790537.3985305, 1669790538.690913, 1669790540.0130556, 1669790541.289307, 1669790542.5468855, 1669790548.08859, 1669790549.4126925, 1669790550.7367637, 1669790552.0307605, 1669790553.3564534, 1669790554.6138391, 1669790556.0086458, 1669790557.2687998, 1669790558.516274, 1669790559.770021, 1669790564.8773193, 1669790566.3855789, 1669790567.9954183, 1669790569.4001, 1669790570.720006, 1669790572.0727348, 1669790573.4395258, 1669790574.7616127, 1669790576.0616865, 1669790577.3340857, 1669790582.3627386, 1669790583.5785065, 1669790584.893294, 1669790586.2247703, 1669790587.5063527, 1669790588.8174913, 1669790590.0827227, 1669790591.3182654, 1669790592.5774896, 1669790593.8576763, 1669790599.0281515, 1669790600.332192, 1669790601.5678618, 1669790602.8056257, 1669790604.0505283, 1669790605.2465515, 1669790606.4983304, 1669790607.8368676, 1669790609.2230773, 1669790610.6367228, 1669790615.8284972, 1669790617.2425053, 1669790618.5293386, 1669790619.787619, 1669790621.031521, 1669790622.3331943, 1669790623.559033, 1669790624.821248, 1669790626.045634, 1669790627.317224, 1669790631.9730587, 1669790633.1921961, 1669790634.431723, 1669790635.7157052, 1669790637.0894048, 1669790638.39801, 1669790639.687318, 1669790640.9354851, 