{"initial_reset_timestamp": 1669768147.1616771, "timestamps": [1669768151.2707107, 1669768151.4841533, 1669768151.795487, 1669768152.136346, 1669768152.4786677, 1669768152.8150065, 1669768153.138475, 1669768153.4545774, 1669768153.774945, 1669768154.0909445, 1669768157.5079298, 1669768157.893798, 1669768158.210244, 1669768158.5248454, 1669768158.8362536, 1669768159.1358116, 1669768159.4381237, 1669768159.7353542, 1669768160.0299006, 1669768160.3236434, 1669768164.3574262, 1669768165.6080415, 1669768166.8489006, 1669768168.204227, 1669768169.4509435, 1669768170.8317573, 1669768172.3379414, 1669768173.7470348, 1669768175.0560658, 1669768176.358668, 1669768180.6538782, 1669768182.0179877, 1669768183.3245828, 1669768184.6018317, 1669768185.9489894, 1669768187.1987884, 1669768188.7644413, 1669768190.0485082, 1669768191.3073623, 1669768192.626967, 1669768196.9685268, 1669768198.3401399, 1669768199.0332868, 1669768200.3782094, 1669768201.738667, 1669768203.059716, 1669768204.439224, 1669768205.798775, 1669768207.1185899, 1669768208.4836795, 1669768212.68835, 1669768213.9172485, 1669768214.932413, 1669768216.235963, 1669768217.4629235, 1669768218.8497636, 1669768220.1644056, 1669768221.6159632, 1669768222.9853117, 1669768224.4588182, 1669768228.6463916, 1669768229.9713657, 1669768231.2627492, 1669768232.517952, 1669768233.7391138, 1669768235.0013857, 1669768236.2163715, 1669768237.4880738, 1669768238.8521967, 1669768239.816862, 1669768241.0869162, 1669768245.1017394, 1669768246.3271728, 1669768247.6105616, 1669768248.85224, 1669768250.1006627, 1669768251.3568163, 1669768252.5900142, 1669768253.9322524, 1669768255.3204675, 1669768256.6562836, 1669768260.7069767, 1669768261.918197, 1669768263.1436594, 1669768263.949169, 1669768265.1702209, 1669768266.4702377, 1669768267.7952447, 1669768269.208224, 1669768270.6507015, 1669768272.1353672, 1669768276.6130564, 1669768278.1079867, 1669768279.6240284, 1669768280.9788675, 1669768282.2420764, 1669768283.5408545, 1669768284.7825475, 1669768286.0734603, 1669768287.410654, 1669768288.7961264, 1669768293.453078, 1669768294.7494154, 1669768296.005674, 1669768297.3409555, 1669768298.620393, 1669768299.9056346, 1669768301.0880973, 1669768302.4354887, 1669768303.7650037, 1669768305.0868642, 1669768309.5632384, 1669768310.8856497, 1669768312.2114322, 1669768313.567709, 1669768314.87954, 1669768316.1830535, 1669768317.5180588, 1669768318.7021468, 1669768319.9137166, 1669768321.2505877, 1669768325.6501875, 1669768326.9906356, 1669768328.356075, 1669768329.7398221, 1669768331.070238, 1669768332.3663309, 1669768333.6786525, 1669768335.002182, 1669768336.2891417, 1669768337.7371845, 1669768342.4123406, 1669768343.795695, 1669768345.1212294, 1669768346.4522119, 1669768347.8679805, 1669768349.2872365, 1669768350.6944127, 1669768352.126237, 1669768353.5219529, 1669768354.8588023, 1669768359.333239, 1669768360.6859262, 1669768362.0311072, 1669768363.3377135, 1669768364.6702807, 1669768365.9588964, 1669768367.4202268, 1669768368.6843593, 1669768370.2971745, 1669768371.9371116, 1669768376.6635518, 1669768378.0583203, 1669768379.3818662, 1669768380.8230963, 1669768382.3330894, 1669768383.823546, 1669768385.1775982, 1669768386.657456, 1669768388.1278331, 1669768389.5720077, 1669768394.0306547, 1669768395.2682898, 1669768396.607895, 1669768398.0068529, 1669768399.543185, 1669768401.0144393, 1669768402.3737602, 1669768403.8351176, 1669768405.1556282, 1669768406.5203373, 1669768411.0909634, 1669768412.559956, 1669768414.0231965, 1669768415.4483848, 1669768417.0211349, 1669768418.448012, 1669768419.787661, 1669768421.0928807, 1669768422.3696718, 1669768423.6493208, 1669768427.8965464, 1669768429.2993107, 1669768430.701613, 1669768432.066943, 1669768433.361696, 1669768434.980902, 1669768436.3855083, 1669768437.9415789, 1669768439.2082415, 1669768440.5112607, 1669768445.1066253, 1669768446.3607771, 1669768447.777319, 1669768449.1432328, 1669768450.474588, 1669768452.0383775, 1669768453.3443015, 1669768454.5419714, 1669768456.006408, 1669768457.470383, 1669768462.2382228, 1669768463.738119, 1669768465.1295807, 1669768466.505469, 1669768467.8414268, 1669768469.4474154, 1669768470.7602208, 1669768472.1264856, 1669768473.4612288, 1669768474.9301457, 1669768479.3779366, 1669768480.8384273, 1669768482.1483185, 1669768483.4181545, 1669768484.729846, 1669768485.9742732, 1669768487.3043072, 1669768488.6834908, 1669768490.0230892, 1669768491.3172219, 1669768495.7111506, 1669768497.0591412, 1669768498.398575, 1669768499.8180788, 1669768501.1624963, 1669768502.5104656, 1669768503.8243582, 1669768505.2785017, 1669768506.642439, 1669768507.9614992, 1669768512.239079, 1669768513.6156318, 1669768514.946556, 1669768516.1606398, 1669768517.4592133, 1669768518.7994335, 1669768520.0869668, 1669768521.3861477, 1669768522.8138208, 1669768524.0869045, 1669768528.7435107, 1669768530.2056448, 1669768531.6623344, 1669768532.9680822, 1669768534.3499217, 1669768535.6423428, 1669768536.975523, 1669768538.3554895, 1669768539.847216, 1669768541.1854932, 1669768545.6205788, 1669768546.9728973, 1669768548.4190228, 1669768549.897265, 1669768551.2290375, 1669768552.7076006, 1669768554.0393705, 1669768555.4073343, 1669768556.7529504, 1669768558.205903, 1669768562.7188606, 1669768564.0318031, 1669768565.3384993, 1669768566.6440713, 1669768567.8797793, 1669768569.1191692, 1669768570.401941, 1669768571.691604, 1669768572.9710112, 1669768574.3349555, 1669768578.6283772, 1669768579.929465, 1669768581.3138783, 1669768582.5671618, 1669768583.8473039, 1669768585.1510925, 1669768586.4567168, 1669768587.7319474, 1669768588.9273877, 1669768590.1159687, 1669768594.6892076, 1669768596.039428, 1669768597.3642716, 1669768598.716186, 1669768600.037797, 1669768601.2584364, 1669768602.5869007, 1669768603.9311218, 1669768605.2525723, 1669768606.5329213, 1669768611.0496788, 1669768612.3879712, 1669768613.7202609, 1669768615.0196593, 1669768616.293363, 1669768617.592147, 1669768618.8792713, 1669768620.1666543, 1669768621.556499, 1669768622.9209087, 1669768627.317644, 1669768628.6583924, 1669768629.9765327, 1669768631.2854257, 1669768632.593934, 1669768633.9035401, 1669768635.1713498, 1669768636.4737396, 1669768637.6901393, 1669768638.9611595, 1669768643.2612712, 1669768644.5463414, 1669768645.803529, 1669768647.1127996, 1669768648.3519373, 1669768649.6385634, 1669768650.92506, 1669768652.1906457, 1669768653.4464211, 1669768654.7355661, 1669768658.8890932, 1669768660.141884, 1669768661.34577, 1669768662.553131, 1669768663.7450173, 1669768664.9585726, 1669768666.1470876, 1669768667.360199, 1669768668.6097984, 1669768669.8584905, 1669768673.9757297, 1669768675.2399101, 1669768676.5864277, 1669768677.854552, 1669768679.1127577, 1669768680.3574414, 1669768681.6361804, 1669768682.945377, 1669768684.2266889, 1669768685.4895537, 1669768689.6094148, 1669768690.8410785, 1669768692.0448015, 1669768693.3453364, 1669768694.568483, 1669768695.7715094, 1669768697.0060706, 1669768698.215709, 1669768699.436097, 1669768700.6638508, 1669768704.9428482, 1669768706.2586884, 1669768707.5490143, 1669768708.8503897, 1669768710.2204688, 1669768711.4697175, 1669768712.7187753, 1669768713.9605055, 1669768715.1769545, 1669768716.4423428, 1669768720.5743861, 1669768721.8442247, 1669768723.0291393, 1669768724.2316136, 1669768725.3607414, 1669768726.566034, 1669768727.8639486, 1669768729.0812957, 1669768730.3556204, 1669768731.6200564, 1669768735.884082, 1669768737.166328, 1669768738.4300568, 1669768739.7205315, 1669768740.9800813, 1669768742.2690525, 1669768743.511199, 1669768744.7734613, 1669768745.9958408, 1669768747.2125506, 1669768751.5357778, 1669768752.8006463, 1669768754.1040916, 1669768755.440976, 1669768756.7756286, 1669768758.0756938, 1669768759.3841515, 1669768760.7555535, 1669768762.0611925, 1669768763.365112, 1669768767.5696661, 1669768768.785997, 1669768770.032792, 1669768771.2781289, 1669768772.5455546, 1669768773.7808654, 1669768775.0354004, 1669768776.2888286, 1669768777.6119533, 1669768778.8397877, 