{"initial_reset_timestamp": 1669768148.4773316, "timestamps": [1669768149.0594614, 1669768149.2923415, 1669768149.57578, 1669768149.8456411, 1669768150.091624, 1669768150.3080642, 1669768150.5094287, 1669768150.712408, 1669768150.9178104, 1669768151.2074466, 1669768155.3709204, 1669768155.6091685, 1669768155.8207316, 1669768156.0262182, 1669768156.2428274, 1669768156.4396925, 1669768156.6612804, 1669768156.8608177, 1669768157.1213326, 1669768157.3291261, 1669768161.489508, 1669768161.6890852, 1669768161.8879921, 1669768162.0873408, 1669768162.286621, 1669768162.4854543, 1669768162.6839123, 1669768162.8832195, 1669768163.0859303, 1669768163.2853723, 1669768177.5226688, 1669768177.8009112, 1669768178.0171363, 1669768178.2277067, 1669768178.437233, 1669768178.644984, 1669768178.8509784, 1669768179.0594354, 1669768179.2708323, 1669768179.4768734, 1669768193.7418704, 1669768193.9361694, 1669768194.2481248, 1669768194.4537003, 1669768194.6960175, 1669768194.9125485, 1669768195.1315148, 1669768195.3525803, 1669768195.552629, 1669768195.7672083, 1669768210.271528, 1669768210.4802012, 1669768210.686856, 1669768210.9607387, 1669768211.1679404, 1669768211.373819, 1669768211.582306, 1669768211.7909102, 1669768211.9982677, 1669768212.2029965, 1669768226.6307812, 1669768226.857358, 1669768227.0816507, 1669768227.2857664, 1669768227.5538135, 1669768227.7597764, 1669768227.9660485, 1669768228.1696894, 1669768228.3742507, 1669768228.5764244, 1669768242.392835, 1669768242.5861616, 1669768242.780002, 1669768242.9704888, 1669768243.2251906, 1669768243.42439, 1669768243.6197665, 1669768243.8172336, 1669768244.012948, 1669768244.2122927, 1669768258.0017922, 1669768258.2009165, 1669768258.3946264, 1669768258.5871992, 1669768258.7805796, 1669768258.9757547, 1669768259.2489305, 1669768259.4495938, 1669768259.6493676, 1669768259.8505793, 1669768273.9642298, 1669768274.1570864, 1669768274.3701613, 1669768274.5786836, 1669768274.7850134, 1669768274.9925869, 1669768275.1996963, 1669768275.4762194, 1669768275.68353, 1669768275.8898032, 1669768276.0991507, 1669768290.6265774, 1669768290.8449676, 1669768291.0602357, 1669768291.277148, 1669768291.4934297, 1669768291.7098682, 1669768291.9127293, 1669768292.1901789, 1669768292.4297783, 1669768292.666562, 1669768292.9026954, 1669768307.120523, 1669768307.3884904, 1669768307.6272469, 1669768307.8598897, 1669768308.0903344, 1669768308.3228903, 1669768308.539724, 1669768308.8131804, 1669768309.029326, 1669768309.2511177, 1669768323.3631263, 1669768323.586887, 1669768323.8157191, 1669768324.0266802, 1669768324.2437541, 1669768324.4524572, 1669768324.6589487, 1669768324.8668163, 1669768325.1441655, 1669768325.350726, 1669768340.0206282, 1669768340.241024, 1669768340.4732795, 1669768340.7016714, 1669768340.914295, 1669768341.1295671, 1669768341.3464887, 1669768341.5688918, 1669768341.7879584, 1669768342.0806105, 1669768356.9041994, 1669768357.1171925, 1669768357.328902, 1669768357.546883, 1669768357.7541993, 1669768357.9556308, 1669768358.1573074, 1669768358.351605, 1669768358.5573914, 1669768358.7634099, 1669768358.9717886, 1669768374.1479352, 1669768374.3578873, 1669768374.562248, 1669768374.7706084, 1669768374.980654, 1669768375.2166715, 1669768375.442683, 1669768375.7074888, 1669768376.009114, 1669768376.2755246, 1669768391.694574, 1669768391.9335527, 1669768392.1523752, 1669768392.3669508, 1669768392.5957842, 1669768392.819429, 1669768393.0335588, 1669768393.2476614, 1669768393.467689, 1669768393.7170682, 1669768408.7716377, 1669768408.9804807, 1669768409.1822665, 1669768409.3875475, 1669768409.6119606, 1669768409.827695, 1669768410.058665, 1669768410.2750552, 1669768410.494823, 1669768410.727336, 1669768425.6341271, 1669768425.9127233, 1669768426.1238415, 1669768426.3351643, 1669768426.5424883, 1669768426.7595115, 1669768426.9632785, 1669768427.1697488, 1669768427.3731577, 1669768427.5835042, 1669768442.511377, 1669768442.7308006, 1669768443.0233157, 1669768443.2424843, 1669768443.4686706, 1669768443.6945498, 1669768443.9389007, 1669768444.1440217, 1669768444.35864, 1669768444.5809913, 1669768444.7977045, 1669768459.6471355, 1669768459.8573332, 1669768460.2026289, 1669768460.4503589, 1669768460.660942, 1669768460.8645449, 1669768461.072374, 1669768461.288803, 1669768461.5015998, 1669768461.714859, 1669768461.9284244, 1669768477.047915, 1669768477.267353, 1669768477.543168, 1669768477.764385, 1669768477.9938505, 1669768478.2025568, 1669768478.4076078, 1669768478.615941, 1669768478.819176, 1669768479.0337787, 1669768493.3082762, 1669768493.521425, 1669768493.7349415, 1669768494.0188365, 1669768494.2505765, 1669768494.4926054, 1669768494.7426631, 1669768494.9837127, 1669768495.1882539, 1669768495.3960621, 1669768509.9301476, 1669768510.1336703, 1669768510.334289, 1669768510.5436032, 1669768510.8200092, 1669768511.034188, 1669768511.245447, 1669768511.4537337, 1669768511.6674829, 1669768511.8742056, 1669768526.2358367, 1669768526.4457455, 1669768526.6503508, 1669768526.8585725, 1669768527.0688112, 1669768527.2878416, 1669768527.5787985, 1669768527.7993166, 1669768527.9983048, 1669768528.2019756, 1669768528.4095814, 1669768543.2942457, 1669768543.5189562, 1669768543.7479799, 1669768543.9713988, 1669768544.1902628, 1669768544.3943038, 1669768544.679694, 1669768544.8896103, 1669768545.1024175, 1669768545.31485, 1669768560.245047, 1669768560.449592, 1669768560.6506293, 1669768560.8584826, 1669768561.0766122, 1669768561.2937639, 1669768561.4998858, 1669768561.7834806, 1669768561.9930716, 1669768562.2046063, 1669768562.4187016, 1669768576.3522737, 1669768576.57033, 1669768576.7804193, 1669768576.982944, 1669768577.1889796, 1669768577.4013045, 1669768577.617439, 1669768577.8944528, 1669768578.114684, 1669768578.3235214, 1669768592.201849, 1669768592.4161086, 1669768592.6346326, 1669768592.835417, 1669768593.06039, 1669768593.2715108, 1669768593.4845698, 1669768593.6888497, 1669768593.9580324, 1669768594.1681275, 1669768594.3912866, 1669768608.5557008, 1669768608.799341, 1669768609.015054, 1669768609.2172964, 1669768609.4254773, 1669768609.6222694, 1669768609.8249352, 1669768610.0274582, 1669768610.2959201, 1669768610.5001504, 1669768610.700806, 1669768625.093211, 1669768625.3042426, 1669768625.5164409, 1669768625.7200718, 1669768625.921594, 1669768626.1232405, 1669768626.3230007, 1669768626.5249677, 1669768626.802151, 1669768627.015686, 1669768640.9894881, 1669768641.195541, 1669768641.4030282, 1669768641.6101286, 1669768641.8308167, 1669768642.0548794, 1669768642.266631, 1669768642.4708002, 1669768642.686391, 1669768642.9657078, 1669768656.7411373, 1669768656.9532104, 1669768657.1600332, 1669768657.3658452, 1669768657.5728323, 1669768657.779442, 1669768657.984675, 1669768658.1906133, 1669768658.394298, 1669768658.5956483, 1669768671.8406415, 1669768672.0507133, 1669768672.256719, 1669768672.4597619, 1669768672.6651232, 1669768672.8662612, 1669768673.06582, 1669768673.2697642, 1669768673.473608, 1669768673.683234, 1669768687.479041, 1669768687.6804633, 1669768687.8861358, 1669768688.0875306, 1669768688.2980304, 1669768688.5033824, 1669768688.7091503, 1669768688.9119148, 1669768689.1197696, 1669768689.3249316, 1669768702.5475125, 1669768702.811531, 1669768703.0187469, 1669768703.2037492, 1669768703.4080014, 1669768703.6135838, 1669768703.8145278, 1669768704.0232553, 1669768704.2264502, 1669768704.4292567, 1669768704.6489894, 1669768718.3790321, 1669768718.6515448, 1669768718.8552806, 1669768719.057499, 1669768719.257199, 1669768719.4573681, 1669768719.6614635, 1669768719.8640463, 1669768720.0678067, 1669768720.2671657, 1669768733.583935, 1669768733.8007343, 1669768734.0790162, 1669768734.2864535, 1669768734.498532, 1669768734.7073104, 1669768734.9250398, 1669768735.1438143, 1669768735.3599174, 1669768735.577305, 1669768749.2400663, 1669768749.4469848, 1669768749.6653962, 1669768749.9408317, 1669768750.158782, 1669768750.3684287, 1669768750.58402, 1669768750.7954085, 1669768751.0065565, 1669768751.2225802, 1669768765.3378818, 1669768765.5465744, 