{"initial_reset_timestamp": 1669771290.1106396, "timestamps": [1669771294.765874, 1669771295.0601866, 1669771295.5079675, 1669771295.910882, 1669771296.3602011, 1669771296.7287502, 1669771299.6256049, 1669771300.01925, 1669771300.446443, 1669771300.8640819, 1669771301.2281408, 1669771301.6163735, 1669771302.0429773, 1669771305.9995062, 1669771308.0894186, 1669771310.0426805, 1669771311.9654858, 1669771313.959252, 1669771315.8252072, 1669771317.6720505, 1669771321.7112656, 1669771323.602747, 1669771325.4715889, 1669771327.2780125, 1669771329.011908, 1669771330.7465115, 1669771334.6770153, 1669771336.4179933, 1669771338.2854764, 1669771339.922285, 1669771341.64838, 1669771343.4293246, 1669771345.2082202, 1669771349.0079038, 1669771350.7778826, 1669771352.5704405, 1669771354.4378705, 1669771356.215234, 1669771358.0004294, 1669771359.826888, 1669771363.7897239, 1669771365.5551467, 1669771367.2455504, 1669771369.0198412, 1669771370.7115507, 1669771372.4188602, 1669771376.217659, 1669771377.9291127, 1669771379.6958, 1669771381.4929004, 1669771383.2804341, 1669771384.9983642, 1669771386.7542567, 1669771390.631973, 1669771392.4242384, 1669771394.2967167, 1669771396.1034937, 1669771397.9062405, 1669771399.6748064, 1669771401.5055513, 1669771405.1391523, 1669771406.9161096, 1669771408.7247078, 1669771410.522625, 1669771412.284708, 1669771414.0892572, 1669771415.9207869, 1669771419.8442354, 1669771421.6613889, 1669771423.447226, 1669771425.257952, 1669771427.082534, 1669771429.0805411, 1669771433.4239776, 1669771435.3468475, 1669771437.264408, 1669771439.066157, 1669771440.8409665, 1669771442.6777792, 1669771444.580299, 1669771448.878865, 1669771450.68882, 1669771452.6280644, 1669771454.3607464, 1669771456.1680474, 1669771457.9611158, 1669771459.7526007, 1669771464.533765, 1669771466.273249, 1669771468.047366, 1669771469.9017918, 1669771471.7129736, 1669771473.4983132, 1669771478.3021698, 1669771480.1745718, 1669771482.0125942, 1669771483.8177767, 1669771485.7981584, 1669771487.7846348, 1669771489.7661638, 1669771494.2372973, 1669771496.1549842, 1669771497.9769073, 1669771499.843188, 1669771501.695398, 1669771503.5764418, 1669771505.346701, 1669771509.7110653, 1669771511.5049427, 1669771513.2497237, 1669771515.0965536, 1669771516.9203372, 1669771518.7524273, 1669771523.189618, 1669771524.9670897, 1669771526.7885919, 1669771528.5481145, 1669771530.4058259, 1669771532.2925694, 1669771534.1209526, 1669771537.645421, 1669771539.4977434, 1669771541.252138, 1669771543.044522, 1669771544.7869391, 1669771546.5312135, 1669771548.2013125, 1669771552.2073433, 1669771553.9168205, 1669771555.6738548, 1669771557.2432017, 1669771559.1003685, 1669771560.6782925, 1669771562.5134108, 1669771566.1654413, 1669771567.9854994, 1669771569.8314397, 1669771571.5377498, 1669771573.3424363, 1669771575.1364167, 1669771576.9184785, 1669771582.6301513, 1669771584.4306083, 1669771586.239883, 1669771588.080152, 1669771589.894791, 1669771591.6423998, 1669771593.3705218, 1669771598.8857648, 1669771600.6547914, 1669771602.3416805, 1669771604.07919, 1669771605.778047, 1669771607.483174, 1669771612.8724341, 1669771614.667773, 1669771616.5416217, 1669771618.4006379, 1669771620.2584493, 1669771622.033417, 1669771623.84086, 1669771629.1561475, 1669771630.9993339, 1669771632.859876, 1669771634.6986313, 1669771636.5481703, 1669771638.2483752, 1669771640.0975256, 1669771644.7808712, 1669771646.5393314, 1669771648.3875277, 1669771650.1995492, 1669771651.9527287, 1669771653.8140116, 1669771658.854304, 1669771660.4940882, 1669771662.2344859, 1669771664.0441413, 1669771665.8725588, 1669771667.7213473, 1669771669.5531592, 1669771674.4831219, 1669771676.362098, 1669771678.2768486, 1669771680.2108862, 1669771682.0783095, 1669771684.184567, 1669771686.066808, 1669771691.3701973, 1669771693.191343, 1669771695.08009, 1669771696.9812028, 1669771698.8074167, 1669771700.5669367, 1669771705.7712948, 1669771707.5763044, 1669771709.3691494, 1669771711.164129, 1669771712.9220562, 1669771714.6234686, 1669771716.4342952, 1669771721.436653, 1669771723.2253246, 1669771725.1109736, 1669771726.963855, 1669771728.8340673, 1669771730.634117, 1669771732.4237547, 1669771737.7876182, 1669771739.581958, 1669771741.4080749, 1669771743.2018905, 1669771744.9030435, 1669771746.6784484, 1669771751.6579022, 1669771753.4391706, 1669771755.278612, 1669771757.321127, 1669771759.215166, 1669771761.0907004, 1669771762.9290416, 1669771768.1167128, 1669771769.951718, 1669771771.796825, 1669771773.5879533, 1669771775.3760068, 1669771777.164987, 1669771778.850637, 1669771784.2161434, 1669771786.021321, 1669771787.730446, 1669771789.445397, 1669771791.2328234, 1669771793.0449977, 1669771797.7885048, 1669771799.502884, 1669771801.2197046, 1669771803.0876367, 1669771804.902446, 1669771806.673178, 1669771808.4124608, 1669771813.914009, 1669771815.658037, 1669771817.3992162, 1669771819.128926, 1669771820.8831425, 1669771822.6134052, 1669771824.369117, 1669771828.015206, 1669771829.6930213, 1669771831.4369104, 1669771833.1574776, 1669771834.8645225, 1669771836.5951793, 1669771841.9918764, 1669771843.7311888, 1669771845.4474297, 1669771847.232927, 1669771849.022583, 1669771850.7921598, 1669771852.6083603, 1669771858.2748501, 1669771860.079337, 1669771861.8556306, 1669771863.617284, 1669771865.3724375, 1669771867.1634498, 1669771869.0207636, 1669771875.0720556, 1669771876.841081, 1669771878.6249878, 1669771880.2601118, 1669771882.0338943, 1669771883.8217685, 1669771888.7138717, 1669771890.528526, 1669771892.2493632, 1669771894.0024455, 1669771895.7387958, 1669771897.5127032, 1669771899.2946239, 1669771905.0173774, 1669771906.8186877, 1669771908.6259127, 1669771910.416094, 1669771912.2852523, 1669771914.144298, 1669771915.976254, 1669771921.4090588, 1669771923.2022908, 1669771924.934154, 1669771926.7214184, 1669771928.5223808, 1669771930.3110433, 1669771935.9334924, 1669771937.6911619, 1669771939.5983484, 1669771941.3157694, 1669771943.0927777, 1669771944.8338854, 1669771946.6615314, 1669771952.4097044, 1669771954.2408342, 1669771956.0178888, 1669771957.8282661, 1669771959.577499, 1669771961.3071005, 1669771963.0931754, 1669771967.175231, 1669771969.0069232, 1669771970.7205057, 1669771972.4997349, 1669771974.3238497, 1669771976.1754856, 1669771981.5913072, 1669771983.3442583, 1669771985.1464233, 1669771986.9762468, 1669771988.8109596, 1669771990.6253242, 1669771992.3711603, 1669771996.9792655, 1669771998.6969004, 1669772000.438602, 1669772002.2708678, 1669772004.0550704, 1669772005.881415, 1669772007.7165036, 1669772013.7522027, 1669772015.5792873, 1669772017.3980052, 1669772019.203315, 1669772021.0025423, 1669772022.715669],