{"initial_reset_timestamp": 1669869777.732646, "timestamps": [1669869781.5800204, 1669869781.8844347, 1669869782.324342, 1669869782.6725714, 1669869783.030007, 1669869783.435587, 1669869786.5928242, 1669869786.976192, 1669869787.3746824, 1669869787.749656, 1669869788.093632, 1669869788.445388, 1669869788.8180773, 1669869793.8119876, 1669869796.4595082, 1669869799.0517175, 1669869801.550642, 1669869804.167914, 1669869806.6768115, 1669869809.190446, 1669869814.4621747, 1669869817.2947488, 1669869819.9706662, 1669869822.6554887, 1669869825.4273927, 1669869828.1803205, 1669869833.4097683, 1669869835.8609169, 1669869838.3962893, 1669869840.946115, 1669869843.47817, 1669869846.0595505, 1669869848.5409434, 1669869853.706294, 1669869856.1997092, 1669869858.6722867, 1669869861.1774623, 1669869863.7234004, 1669869866.2939506, 1669869869.054476, 1669869874.2709641, 1669869875.506787, 1669869876.8367321, 1669869879.394344, 1669869880.822195, 1669869883.3785896, 1669869886.0396135, 1669869888.6597703, 1669869894.0112016, 1669869896.7804158, 1669869899.4582753, 1669869901.9592848, 1669869904.4860237, 1669869907.150777, 1669869912.538784, 1669869913.847186, 1669869916.467391, 1669869919.0126474, 1669869921.4621077, 1669869924.0248504, 1669869926.5829546, 1669869929.273041, 1669869934.7052624, 1669869937.2066717, 1669869939.7963543, 1669869942.4232788, 1669869945.058932, 1669869947.6165016, 1669869949.5631824, 1669869954.253566, 1669869955.14781, 1669869957.5846527, 1669869960.0416696, 1669869962.66496, 1669869965.0645416, 1669869967.5385253, 1669869968.8112636, 1669869974.2067466, 1669869976.8469691, 1669869979.3768494, 1669869982.003165, 1669869985.0531242, 1669869987.6585453, 1669869992.9741876, 1669869995.4830427, 1669869998.0968187, 1669870000.635685, 1669870002.6134617, 1669870004.9909933, 1669870007.251087, 1669870012.62059, 1669870015.1383796, 1669870017.6986113, 1669870020.2957973, 1669870022.7701752, 1669870025.2806976, 1669870027.9119217, 1669870032.167776, 1669870034.7579415, 1669870037.3905237, 1669870038.9668422, 1669870041.521123, 1669870043.0573156, 1669870044.3389719, 1669870046.8341346, 1669870052.0834327, 1669870053.3690782, 1669870054.1293736, 1669870055.2152746, 1669870056.238063, 1669870058.7391317, 1669870061.1631057, 1669870063.0030727, 1669870064.5398824, 1669870067.1161697, 1669870072.4796624, 1669870075.0668592, 1669870077.6149445, 1669870080.2643337, 1669870082.8576682, 1669870085.2643917, 1669870086.015982, 1669870088.6240067, 1669870092.6311991, 1669870094.3462934, 1669870095.7391226, 1669870097.5559275, 1669870100.1853473, 1669870102.0108309, 1669870104.4727333, 1669870105.9609861, 1669870106.759197, 1669870107.931469, 1669870109.333814, 1669870113.8431048, 1669870114.9396253, 1669870116.1710265, 1669870118.2857208, 1669870118.8771777, 1669870119.8627899, 1669870120.6325471, 1669870121.7437236, 1669870122.662896, 1669870123.6165495, 1669870125.1732948, 1669870126.3061926, 1669870127.6919775, 1669870129.7621768, 1669870134.3973715, 1669870136.5282762, 1669870137.8289878, 1669870139.2787993, 1669870140.2212112, 1669870141.4604983, 1669870142.318968, 1669870143.4209168, 1669870144.4704099, 1669870145.1120615, 1669870146.009518, 1669870146.844456, 1669870147.729499, 1669870148.4893143, 1669870149.1554303, 1669870150.026748, 1669870150.9816277], "episode_lengths": [150, 150, 150, 150, 150, 150, 150, 150, 150, 150, 150, 150, 150, 150, 150, 150, 150, 150, 150, 150, 150, 150, 150, 150, 150, 150, 150, 150, 150, 150, 150, 150, 140, 150, 150, 150, 150, 150, 150, 150, 150, 65, 70, 150, 81, 146, 150, 150, 150, 150, 150, 150, 150, 150, 150, 74, 150, 150, 150, 150, 150, 150, 150, 150, 150, 150, 150, 150, 115, 115, 49, 150, 150, 150, 150, 150, 73, 150, 150, 150, 150, 150, 150, 150, 141, 150, 150, 121, 150, 150, 150, 150, 150, 150, 150, 150, 150, 84, 150, 150, 91, 150, 86, 67, 150, 148, 71, 43, 63, 58, 150, 144, 105, 89, 150, 150, 150, 144, 150, 150, 150, 39, 150, 70, 99, 79, 102, 147, 105, 150, 90, 44, 65, 78, 70, 63, 71, 126, 30, 54, 42, 63, 52, 51, 87, 64, 80, 120, 95, 122, 70, 76, 47, 64, 44, 59, 58, 32, 48, 41, 49, 42, 32, 50, 56], "episode_rewards": [-150.0, -150.0, -150.0, -150.0, -150.0, -150.0, -150.0, -150.0, -150.0, -150.0, -150.0, -150.0, -150.0, -150.0, -150.0, -150.0, -150.0, -150.0, -150.0, -150.0, -150.0, -150.0, -150.0, -150.0, -150.0, -150.0, -150.0, -150.0, -150.0, -150.0, -150.0, -150.0, -139.0, -150.0, -150.0, -150.0, -150.0, -150.0, -150.0, -150.0, -150.0, -64.0, -69.0, -150.0, -80.0, -145.0, -150.0, -150.0, -150.0, -150.0, -150.0, -150.0, -150.0, -150.0, -150.0, -73.0, -150.0, -150.0, -150.0, -150.0, -150.0, -150.0, -150.0, -150.0, -150.0, -150.0, -150.0, -150.0, -114.0, -114.0, -48.0, -150.0, -150.0, -150.0, -150.0, -150.0, -72.0, -150.0, -150.0, -150.0, -150.0, -150.0, -150.0, -150.0, -140.0, -150.0, -150.0, -120.0, -150.0, -150.0, -150.0, -150.0, -150.0, -150.0, -150.0, -150.0, -150.0, -83.0, -150.0, -150.0, -90.0, -150.0, -85.0, -66.0, -150.0, -147.0, -70.0, -42.0, -62.0, -57.0, -150.0, -143.0, -104.0, -88.0, -150.0, -150.0, -150.0, -143.0, -150.0, -150.0, -150.0, -38.0, -150.0, -69.0, -98.0, -78.0, -101.0, -146.0, -104.0, -150.0, -89.0, -43.0, -64.0, -77.0, -69.0, -62.0, -70.0, -125.0, -29.0, -53.0, -41.0, -62.0, -51.0, -50.0, -86.0, -63.0, -79.0, -119.0, -94.0, -121.0, -69.0, -75.0, -46.0, -63.0, -43.0, -58.0, -57.0, -31.0, -47.0, -40.0, -48.0, -41.0, -31.0, -49.0, -55.0], "episode_types": ["t", "t", "t", "t", "t", "t", "t", "t", "t", "t", "t", "t", "t", "t", "t", "t", "t", "t", "t", "t", "t", "t", "t", "t", "t", "t", "t", "t", "t", "t", "t", "t", "t", "t", "t", "t", "t", "t", "t", "t", "t", "t", "t", "t", "t", "t", "t", "t", "t", "t", "t", "t", "t", "t", "t", "t", "t", "t", "t", "t", "t", "t", "t", "t", "t", "t", "t", "t", "t", "t", "t", "t", "t", "t", "t", "t", "t", "t", "t", "t", "t", "t", "t", "t", "t", "t", "t", "t", "t", "t", "t", "t", "t", "t", "t", "t", "t", "t", "t", "t", "t", "t", "t", "t", "t", "t", "t", "t", "t", "t", "t", "t", "t", "t", "t", "t", "t", "t", "t", "t", "t", "t", "t", "t", "t", "t", "t", "t", "t", "t", "t", "t", "t", "t", "t", "t", "t", "t", "t", "t", "t", "t", "t", "t", "t", "t", "t", "t", "t", "t", "t", "t", "t", "t", "t", "t", "t", "t", "t", "t", "t", "t", "t", "t", "t", "t"]}