{"initial_reset_timestamp": 1669772026.3394885, "timestamps": [1669772030.0432858, 1669772030.2406008, 1669772030.550695, 1669772030.8963478, 1669772031.243562, 1669772031.5741415, 1669772031.8896277, 1669772032.200925, 1669772032.5090144, 1669772032.8162344, 1669772036.0249224, 1669772036.4292393, 1669772036.7398505, 1669772037.039785, 1669772037.340033, 1669772037.6525664, 1669772037.9692912, 1669772038.2642999, 1669772038.5708137, 1669772038.8704622, 1669772043.1283002, 1669772044.3948429, 1669772045.6970248, 1669772047.0530777, 1669772048.3388636, 1669772049.611755, 1669772050.9524424, 1669772052.229538, 1669772053.4096198, 1669772054.6576967, 1669772058.8853772, 1669772060.2380435, 1669772061.5555491, 1669772062.7566497, 1669772064.1296604, 1669772065.4508667, 1669772066.7414174, 1669772068.0576146, 1669772069.4054554, 1669772070.7592545, 1669772075.0300872, 1669772076.3558977, 1669772077.6321683, 1669772078.9458702, 1669772080.2590773, 1669772081.5605764, 1669772082.958614, 1669772084.3048337, 1669772085.6076887, 1669772086.941536, 1669772091.8283746, 1669772093.2254546, 1669772094.6706214, 1669772096.1440802, 1669772097.5520806, 1669772098.9760609, 1669772100.3690672, 1669772101.7467275, 1669772103.0455258, 1669772104.396652, 1669772108.9330416, 1669772110.739228, 1669772112.305676, 1669772113.663377, 1669772115.0930336, 1669772116.551207, 1669772117.9102252, 1669772119.255587, 1669772120.6237345, 1669772121.9873333, 1669772126.4482045, 1669772127.9062846, 1669772129.274576, 1669772130.7070296, 1669772131.801636, 1669772133.266373, 1669772134.9965482, 1669772136.4567878, 1669772137.9023056, 1669772139.2517507, 1669772143.7950006, 1669772145.245866, 1669772146.6095343, 1669772148.0360086, 1669772149.4504259, 1669772150.8260803, 1669772152.1013649, 1669772153.5094733, 1669772154.908451, 1669772156.314362, 1669772160.853523, 1669772161.6362405, 1669772163.0175686, 1669772164.3885803, 1669772165.7496715, 1669772167.1124606, 1669772168.5038993, 1669772169.9110544, 1669772171.2140706, 1669772172.5929058, 1669772174.0156417, 1669772178.468442, 1669772179.830252, 1669772181.1478271, 1669772182.5311196, 1669772183.8743641, 1669772185.2535436, 1669772186.6263509, 1669772188.075047, 1669772189.4803557, 1669772190.820815, 1669772195.107161, 1669772196.5605452, 1669772197.863773, 1669772199.2307818, 1669772200.538877, 1669772201.8191848, 1669772203.1592257, 1669772204.4912992, 1669772205.9256246, 1669772207.2949498, 1669772211.7244737, 1669772213.1377892, 1669772214.545364, 1669772215.9172802, 1669772217.3038661, 1669772218.7158332, 1669772220.1372437, 1669772221.5911624, 1669772222.9663737, 1669772224.4457197, 1669772228.793889, 1669772230.1651917, 1669772231.6225798, 1669772232.9751017, 1669772234.3361058, 1669772235.6907225, 1669772237.0688162, 1669772238.3920524, 1669772239.7910626, 1669772241.1702688, 1669772245.747641, 1669772247.0594077, 1669772248.3898783, 1669772249.7749043, 1669772251.111298, 1669772252.479633, 1669772253.8636062, 1669772255.2566848, 1669772256.6237156, 1669772257.8739645, 1669772262.244326, 1669772263.5741987, 1669772264.8703523, 1669772266.181427, 1669772267.543729, 1669772268.8844848, 1669772270.2288911, 1669772271.5065975, 1669772272.8413048, 1669772274.1631534, 1669772278.42173, 1669772279.8281066, 1669772281.1976898, 1669772282.5362618, 1669772283.9462018, 1669772285.3374949, 1669772286.6935337, 1669772288.0921168, 1669772289.455207, 1669772290.7876065, 1669772295.0618653, 1669772296.3810549, 1669772297.829139, 1669772299.1823273, 1669772300.5397465, 1669772301.9179907, 1669772303.2644227, 1669772304.603023, 1669772305.9947467, 1669772307.389842, 1669772311.8307378, 1669772313.2073188, 1669772314.5885003, 1669772316.0347211, 1669772317.4143143, 1669772318.7939653, 1669772320.1437085, 1669772321.5508335, 1669772322.9676034, 1669772324.3753085, 1669772328.7827914, 1669772330.1803086, 1669772331.5262356, 1669772332.8782036, 1669772334.1874053, 1669772335.5999186, 1669772336.944872, 1669772338.3313987, 1669772339.703237, 1669772341.0875158, 1669772345.6214788, 1669772346.9860847, 1669772348.3841853, 1669772349.7222886, 1669772351.0695527, 1669772352.4622767, 1669772353.8102467, 1669772355.170916, 1669772356.5194538, 1669772357.8262784, 1669772362.6678486, 1669772363.9650633, 1669772365.3428152, 1669772366.6216185, 1669772367.9510982, 1669772369.294441, 1669772370.668981, 1669772371.9570844, 1669772373.2581468, 1669772374.5827658, 1669772379.2768745, 1669772380.76744, 1669772381.7364466, 1669772383.127828, 1669772384.513576, 1669772385.9114714, 1669772387.2813616, 1669772388.6537752, 1669772390.0576613, 1669772391.4195337, 1669772395.681246, 1669772397.0681753, 1669772398.4861538, 1669772399.8778296, 1669772401.2724683, 1669772402.666506, 1669772404.078022, 1669772405.5203056, 1669772406.8766608, 1669772408.2662222, 1669772412.6806576, 1669772414.0587795, 1669772415.4242558, 1669772416.8978038, 1669772418.2811475, 1669772419.7096138, 1669772421.1387863, 1669772422.5028608, 1669772423.9403524, 1669772425.365525, 1669772429.7281747, 1669772431.0601056, 1669772432.3883705, 1669772433.7009668, 1669772434.990043, 1669772436.3813562, 1669772437.7544727, 1669772439.1373985, 1669772440.5344996, 1669772441.859286, 1669772446.4575377, 1669772447.812094, 1669772449.1891708, 1669772450.541886, 1669772451.8797834, 1669772453.2920265, 1669772454.7443993, 1669772456.1290684, 1669772457.5368376, 1669772458.8976817, 1669772463.2867024, 1669772464.558294, 1669772465.88929, 1669772467.2444394, 1669772468.5607367, 1669772469.9416645, 1669772471.4856095, 1669772472.9052181, 1669772474.3309073, 1669772475.6832979, 1669772480.1319304, 1669772481.5284503, 1669772482.8810244, 1669772484.1975615, 1669772485.522597, 1669772486.9098136, 1669772488.2344804, 1669772489.6139398, 1669772490.969291, 1669772491.6768909, 1669772493.0647619, 1669772497.5522456, 1669772498.9236994, 1669772500.2768023, 1669772501.6265838, 1669772503.0684118, 1669772504.4903603, 1669772505.8494852, 1669772507.2976985, 1669772508.6310194, 1669772509.9947288, 1669772514.7918038, 1669772516.211744, 1669772517.58252, 1669772518.9758112, 1669772520.3224764, 1669772521.70501, 1669772523.0222106, 1669772524.4311647, 1669772525.8032196, 1669772527.219277, 1669772530.8883095, 1669772532.2603226, 1669772533.6209402, 1669772535.0337465, 1669772536.4306233, 1669772537.8181524, 1669772539.0939512, 1669772540.306251, 1669772541.752239, 1669772543.1114633, 1669772547.5901659, 1669772548.9792836, 1669772550.315254, 1669772551.68459, 1669772553.064385, 1669772554.4239728, 1669772555.7223122, 1669772557.1029623, 1669772558.5360487, 1669772559.9061313, 1669772564.4647732, 1669772565.88169, 1669772567.2797234, 1669772568.636427, 1669772570.0492573, 1669772571.4378374, 1669772572.822437, 1669772574.0307126, 1669772575.403705, 1669772576.8519945, 1669772578.2168095, 1669772582.9894395, 1669772584.3223703, 1669772585.7058446, 1669772587.0528214, 1669772588.391678, 1669772589.774791, 1669772591.2094934, 1669772592.5981774, 1669772594.0352, 1669772595.4077241, 1669772599.9458258, 1669772601.3530126, 1669772602.7018766, 1669772604.1028218, 1669772605.4629645, 1669772606.8578286, 1669772607.9548447, 1669772609.2555842, 1669772610.710414, 1669772611.7555587, 1669772616.2630033, 1669772617.6621182, 1669772618.9504976, 1669772620.3838353, 1669772621.7837703, 1669772623.0059211, 1669772624.3127794, 1669772625.6649044, 1669772626.3566177, 1669772627.6429632, 1669772628.9669378, 1669772633.6188803, 1669772635.0208316, 1669772636.3155935, 1669772637.661269, 1669772638.6298099, 1669772639.9654472, 1669772641.292161, 1669772642.66583, 1669772644.1735618, 1669772645.5288637, 1669772650.2162611, 1669772651.707153, 1669772653.0355365, 1669772654.2775927, 1669772655.5278485, 1669772656.7794192, 1669772657.9300141, 1669772659.1806211, 1669772660.1366856, 1669772661.4526577, 1669772662.7736208, 1669772667.3852582, 1669772668.7716687, 1669772670.105445, 1669772671.4593234, 1669772672.7389946, 1669772673.819312, 