{"initial_reset_timestamp": 1669772027.4777422, "timestamps": [1669772027.9770935, 1669772028.1867673, 1669772028.3983147, 1669772028.6095812, 1669772028.8189502, 1669772029.0264115, 1669772029.235175, 1669772029.4548779, 1669772029.6694102, 1669772029.9736187, 1669772034.0025196, 1669772034.2063649, 1669772034.413394, 1669772034.616935, 1669772034.824587, 1669772035.0268562, 1669772035.2303047, 1669772035.4353478, 1669772035.6402743, 1669772035.84638, 1669772040.053796, 1669772040.2689264, 1669772040.4858735, 1669772040.7031262, 1669772040.9177232, 1669772041.1234894, 1669772041.3301227, 1669772041.5298922, 1669772041.7348132, 1669772041.9375198, 1669772055.8119078, 1669772056.0802712, 1669772056.2742307, 1669772056.4830627, 1669772056.7076297, 1669772056.915595, 1669772057.123652, 1669772057.3265498, 1669772057.5225582, 1669772057.718586, 1669772072.0130413, 1669772072.2281055, 1669772072.5212793, 1669772072.7368748, 1669772072.9587634, 1669772073.182345, 1669772073.389109, 1669772073.5992787, 1669772073.8102696, 1669772074.032959, 1669772088.2555852, 1669772088.4207401, 1669772088.627426, 1669772088.937887, 1669772089.1432488, 1669772089.3198538, 1669772089.500633, 1669772089.6822648, 1669772089.8877525, 1669772090.055558, 1669772090.219261, 1669772090.421967, 1669772090.6009824, 1669772090.807625, 1669772105.7252767, 1669772106.0299528, 1669772106.2560523, 1669772106.4991102, 1669772106.7326539, 1669772106.974624, 1669772107.2107038, 1669772107.4423213, 1669772107.6737256, 1669772107.9095244, 1669772123.3325412, 1669772123.5492132, 1669772123.8351967, 1669772124.0593112, 1669772124.2871, 1669772124.5025115, 1669772124.7163372, 1669772124.9267461, 1669772125.1373665, 1669772125.3480504, 1669772141.0968263, 1669772141.3176959, 1669772141.532126, 1669772141.8154452, 1669772142.0273721, 1669772142.2390707, 1669772142.4749675, 1669772142.6956415, 1669772142.9203663, 1669772143.1480732, 1669772158.179752, 1669772158.3869886, 1669772158.594854, 1669772158.8044567, 1669772159.0889115, 1669772159.2972372, 1669772159.5028684, 1669772159.7033236, 1669772159.912811, 1669772160.1191695, 1669772160.323209, 1669772175.2547133, 1669772175.4833443, 1669772175.7128017, 1669772176.001202, 1669772176.2176604, 1669772176.4394305, 1669772176.654309, 1669772176.8732448, 1669772177.0973363, 1669772177.3258336, 1669772192.0117776, 1669772192.2188194, 1669772192.4331293, 1669772192.6426494, 1669772192.9163969, 1669772193.1194787, 1669772193.3261378, 1669772193.5363326, 1669772193.7442183, 1669772193.9535747, 1669772208.55028, 1669772208.7622461, 1669772208.9729588, 1669772209.1863925, 1669772209.3971152, 1669772209.6129055, 1669772209.89735, 1669772210.1158, 1669772210.331177, 1669772210.5577188, 1669772225.6965454, 1669772225.903434, 1669772226.1178946, 1669772226.3381073, 1669772226.5435674, 1669772226.766759, 1669772226.9681807, 1669772227.2446423, 1669772227.455246, 1669772227.661197, 1669772242.5166175, 1669772242.738397, 1669772242.9491785, 1669772243.1598568, 1669772243.3774471, 1669772243.6222286, 1669772243.8620045, 1669772244.080599, 1669772244.3508096, 1669772244.5666354, 1669772259.2578964, 1669772259.4722972, 1669772259.6912553, 1669772259.918015, 1669772260.1324663, 1669772260.3446496, 1669772260.5567706, 1669772260.7718513, 1669772260.9881196, 1669772261.2654123, 1669772275.5830755, 1669772275.7837994, 1669772275.9961076, 1669772276.210249, 1669772276.4297972, 1669772276.6348839, 1669772276.8343806, 1669772277.0383768, 1669772277.2388387, 1669772277.4355752, 1669772292.1307952, 1669772292.342054, 1669772292.5546305, 1669772292.764326, 1669772292.9782655, 1669772293.1893876, 1669772293.3999107, 1669772293.6153235, 1669772293.8243093, 1669772294.0340726, 1669772308.8271854, 1669772309.0530372, 1669772309.2743921, 1669772309.4943342, 1669772309.7053916, 1669772309.9159873, 1669772310.1366794, 1669772310.3621, 1669772310.593128, 1669772310.8163228, 1669772325.762741, 1669772326.0504806, 1669772326.2608063, 1669772326.4616635, 1669772326.6672053, 1669772326.8686168, 1669772327.103684, 1669772327.3151565, 1669772327.5185428, 1669772327.7224243, 1669772342.3957121, 1669772342.603207, 1669772342.873419, 1669772343.0698748, 1669772343.2630966, 1669772343.472638, 1669772343.7071443, 1669772343.9291344, 1669772344.1565554, 1669772344.3670666, 1669772344.580392, 1669772359.1254647, 1669772359.32982, 1669772359.6060174, 1669772359.8323288, 1669772360.044231, 1669772360.270305, 1669772360.4350235, 1669772360.6467407, 1669772360.8145688, 1669772361.0239356, 1669772361.2482388, 1669772361.4315107, 1669772361.6438465, 1669772376.1252415, 1669772376.3449702, 1669772376.5296736, 1669772376.7056184, 1669772376.8809972, 1669772377.0939484, 1669772377.303403, 1669772377.5156386, 1669772377.7448778, 1669772377.9686022, 1669772378.193104, 1669772378.4139957, 1669772393.358358, 1669772393.555631, 1669772393.7667813, 1669772393.9745755, 1669772394.1821907, 1669772394.3789022, 1669772394.5840225, 1669772394.7918603, 1669772394.998466, 1669772395.2013502, 1669772410.2229936, 1669772410.4467657, 1669772410.6855705, 1669772410.905572, 1669772411.1310287, 1669772411.3522754, 1669772411.5747921, 1669772411.7901826, 1669772412.0030098, 1669772412.2155662, 1669772427.2664092, 1669772427.5584369, 1669772427.7764206, 1669772427.9903064, 1669772428.2035532, 1669772428.4152322, 1669772428.627771, 1669772428.8417802, 1669772429.0596313, 1669772429.2724524, 1669772443.7578487, 1669772443.977234, 1669772444.257903, 1669772444.4679096, 1669772444.6793282, 1669772444.8898778, 1669772445.1014104, 1669772445.3088007, 1669772445.54524, 1669772445.770796, 1669772445.9973724, 1669772460.8420427, 1669772461.0545285, 1669772461.3322997, 1669772461.5511284, 1669772461.7599897, 1669772461.9671383, 1669772462.176024, 1669772462.3872688, 1669772462.6037564, 1669772462.8143227, 1669772477.6296716, 1669772477.8501492, 1669772478.0647194, 1669772478.351224, 1669772478.5621002, 1669772478.7901511, 1669772479.0041547, 1669772479.226048, 1669772479.4467952, 1669772479.6611836, 1669772494.380617, 1669772494.5955486, 1669772494.8172462, 1669772495.1080952, 1669772495.3385434, 1669772495.5685487, 1669772495.7917674, 1669772496.021134, 1669772496.2429435, 1669772496.4603631, 1669772511.3443575, 1669772511.57328, 1669772511.792363, 1669772512.0156057, 1669772512.3182013, 1669772512.551773, 1669772512.7821193, 1669772513.00909, 1669772513.2349517, 1669772513.4580152, 1669772513.6972966, 1669772528.5587504, 1669772528.7825925, 1669772528.998428, 1669772529.215892, 1669772529.5030143, 1669772529.72068, 1669772529.947362, 1669772530.164063, 1669772530.3920407, 1669772530.6197183, 1669772545.2077003, 1669772545.4321654, 1669772545.6491675, 1669772545.8637855, 1669772546.0824747, 1669772546.2957592, 1669772546.5764391, 1669772546.7943842, 1669772547.021841, 1669772547.246618, 1669772547.4865704, 1669772562.3535147, 1669772562.5828967, 1669772562.799737, 1669772563.0263999, 1669772563.2484381, 1669772563.4736362, 1669772563.7672393, 1669772563.9923387, 1669772564.2222512, 1669772564.4430516, 1669772579.6268747, 1669772579.8494549, 1669772580.0732574, 1669772580.2977476, 1669772580.5321605, 1669772580.748684, 1669772581.042595, 1669772581.255542, 1669772581.4700675, 1669772581.6775908, 1669772581.8994102, 1669772596.7012415, 1669772596.9172587, 1669772597.131495, 1669772597.3392563, 1669772597.5508902, 1669772597.7675102, 1669772598.0709615, 1669772598.2915351, 1669772598.4856772, 1669772598.7028959, 1669772598.927605, 1669772613.6205928, 1669772613.8310344, 1669772614.0237927, 1669772614.235927, 1669772614.4428823, 1669772614.6612554, 1669772614.9564884, 1669772615.170625, 1669772615.3936737, 1669772615.6073992, 1669772615.809639, 1669772630.434571, 1669772630.6733327, 1669772630.9095554, 1669772631.129365, 1669772631.4191604, 1669772631.6413689, 1669772631.8786528, 1669772632.1413438, 1669772632.369144, 1669772632.6276324, 1669772647.4108284, 1669772647.6416306, 1669772647.8713443, 1669772648.0685852, 1669772648.3013985, 