{"initial_reset_timestamp": 1669791216.6664486, "timestamps": [1669791217.1892586, 1669791217.4065075, 1669791217.6152954, 1669791217.8292937, 1669791218.0550077, 1669791218.274906, 1669791218.503886, 1669791218.7264264, 1669791218.9517212, 1669791219.2407744], "episode_lengths": [100, 100, 100, 100, 100, 100, 100, 100, 100, 100], "episode_rewards": [-100.0, -100.0, -100.0, -100.0, -100.0, -100.0, -100.0, -100.0, -100.0, -100.0], "episode_types": ["t", "t", "t", "t", "t", "t", "t", "t", "t", "t"]}