{"initial_reset_timestamp": 1669791215.415159, "timestamps": [1669791219.3079364, 1669791219.5077424, 1669791219.8006694, 1669791220.1550221, 1669791220.5145047, 1669791220.841956, 1669791221.1715345], "episode_lengths": [100, 100, 100, 100, 100, 100, 100], "episode_rewards": [-100.0, -100.0, -100.0, -100.0, -100.0, -100.0, -100.0], "episode_types": ["t", "t", "t", "t", "t", "t", "t"]}