{"initial_reset_timestamp": 1669796912.0781882, "timestamps": [1669796916.0536807, 1669796916.2719517, 1669796916.5602572, 1669796916.9012682, 1669796917.232741, 1669796917.578497, 1669796917.9048824, 1669796918.2206626, 1669796918.5485115, 1669796918.9085088, 1669796922.1891289, 1669796922.5714993, 1669796922.8796628, 1669796923.1854968, 1669796923.519716, 1669796923.8980615, 1669796924.2374465, 1669796924.5616472, 1669796924.8863525, 1669796925.2193058, 1669796929.5781977, 1669796930.8743825, 1669796932.176513, 1669796933.547445, 1669796934.8947892, 1669796936.1218753, 1669796937.383047, 1669796938.6602137, 1669796940.001624, 1669796941.5566437, 1669796946.216458, 1669796947.694409, 1669796949.1731794, 1669796950.6392956, 1669796952.1557636, 1669796953.6159644, 1669796954.9539404, 1669796956.3965085, 1669796957.7421525, 1669796958.7134225, 1669796963.5224683, 1669796964.9002898, 1669796966.2619097, 1669796967.6192384, 1669796969.0479367, 1669796969.9565103, 1669796971.387251, 1669796972.789486, 1669796973.827659, 1669796974.6179204, 1669796976.0132916, 1669796980.4948983, 1669796981.9166408, 1669796983.330093, 1669796984.7639327, 1669796986.180397, 1669796987.6674955, 1669796989.0628052, 1669796989.71727, 1669796991.1340334, 1669796992.5766323, 1669796993.9316099, 1669796997.5141704, 1669796998.7101526, 1669797000.016734, 1669797001.346595, 1669797002.6334543, 1669797003.9677858, 1669797005.229223, 1669797006.4877114, 1669797007.064421, 1669797007.8705034, 1669797008.5083294, 1669797009.7737727, 1669797013.8206367, 1669797015.1084638, 1669797016.3834417, 1669797017.398953, 1669797018.6063454, 1669797019.8241184, 1669797020.6684773, 1669797021.5187852, 1669797022.753084, 1669797023.9753127, 1669797024.5228179, 1669797025.2815447, 1669797029.302007, 1669797030.5322185, 1669797031.8288286, 1669797033.0682087, 1669797034.300225, 1669797035.450249, 1669797036.6925144, 1669797037.937783, 1669797039.167035, 1669797040.4065564, 1669797041.070592, 1669797045.0491498, 1669797046.2522888, 1669797047.5465302, 1669797048.262725, 1669797049.4692805, 1669797050.6893578, 1669797051.9181337, 1669797053.1678212, 1669797054.4125392, 1669797055.676196, 1669797060.1105251, 1669797061.34997, 1669797062.731937, 1669797064.0052848, 1669797065.291544, 1669797066.5645955, 1669797067.8234906, 1669797069.058422, 1669797070.29727, 1669797071.5692286, 1669797075.704362, 1669797076.9791899, 1669797078.1930053, 1669797079.527, 1669797080.7900822, 1669797082.0353873, 1669797083.2880816, 1669797084.6000652, 1669797085.8438215, 1669797087.1131008, 1669797091.229867, 1669797092.4985995, 1669797093.7576933, 1669797095.021783, 1669797096.2615807, 1669797097.5733583, 1669797098.8338182, 1669797100.0928307, 1669797101.333837, 1669797102.5846946, 1669797106.689334, 1669797107.9515936, 1669797109.2130044, 1669797110.463966, 1669797111.7077935, 1669797112.8853118, 1669797114.22424, 1669797115.4722452, 1669797116.7333376, 1669797117.9858346, 1669797124.6144788, 1669797125.891063, 1669797127.1608772, 1669797128.449852, 1669797129.7840037, 1669797131.0519524, 1669797132.3077993, 1669797133.5849729, 1669797134.8230774, 1669797136.0342739, 1669797140.283963, 1669797141.5407872, 1669797142.77042, 1669797143.998634, 1669797145.2433884, 1669797146.4935808, 1669797147.7865794, 1669797149.0398028, 1669797150.2330947, 1669797151.4713426, 1669797155.4842272, 1669797156.7050402, 1669797157.9524534, 1669797159.18382, 1669797160.4321516, 1669797161.6966305, 1669797162.9641244, 1669797164.265735, 1669797165.482832, 1669797166.7149465, 1669797170.9634507, 1669797172.125643, 1669797173.268772, 1669797174.5191414, 1669797175.7721455, 1669797177.0095167, 1669797178.2536607, 1669797179.5260036, 1669797180.835262, 1669797182.0644817, 1669797186.3840241, 1669797187.689842, 1669797188.9592204, 1669797190.2350535, 1669797191.4453483, 1669797192.7197413, 1669797194.0043046, 1669797195.3147871, 1669797196.5446439, 1669797197.8905191, 1669797202.2871084, 1669797203.4962916, 1669797204.8188367, 1669797206.0435205, 1669797207.345914, 1669797208.6331787, 1669797209.910137, 1669797211.1966035, 1669797212.4752264, 1669797213.7692368, 1669797218.1472845, 1669797219.4338834, 1669797220.7289476, 1669797222.062044, 1669797223.3352094, 1669797224.626345, 1669797225.8944697, 1669797227.167763, 1669797228.4570978, 1669797229.725356, 1669797234.277897, 1669797235.5501838, 1669797236.8653078, 1669797238.1326718, 1669797239.3718345, 1669797240.6670663, 1669797241.8595097, 1669797243.0827527, 1669797244.2744825, 1669797245.4787722, 1669797252.0556524, 1669797253.30583, 1669797254.531883, 1669797255.7806969, 1669797257.0065312, 1669797258.268765, 1669797259.4908085, 1669797260.7201586, 1669797261.965414, 1669797263.1849325, 1669797267.4426448, 1669797268.7167294, 1669797270.027845, 1669797271.309991, 1669797272.562126, 1669797273.7961946, 1669797275.029406, 1669797276.2064662, 1669797277.4412987, 1669797278.7032607, 1669797282.9364228, 1669797284.1346242, 1669797285.370416, 1669797286.5983074, 1669797287.7891676, 1669797288.9844925, 1669797290.2328973, 1669797291.4404814, 1669797292.6842158, 1669797293.9076977, 1669797297.9912722, 1669797299.2593894, 1669797300.46903, 1669797301.68795, 1669797302.8851523, 1669797304.0906818, 1669797305.3367245, 1669797306.5706983, 1669797307.8341365, 1669797309.0267158, 1669797313.28349, 1669797314.5497515, 1669797315.87592, 1669797317.144821, 1669797318.3623183, 1669797319.6336288, 1669797320.9073267, 1669797322.1499164, 1669797323.3904188, 1669797324.6063774, 1669797328.6758416, 1669797329.88926, 1669797331.1464772, 1669797332.4266503, 1669797333.6844194, 1669797334.8815002, 1669797336.1053958, 1669797337.3243964, 1669797338.5478547, 1669797339.751028, 1669797345.7697034, 1669797347.0091743, 1669797348.22701, 1669797349.4630775, 1669797350.7541094, 1669797352.12856, 1669797353.3342252, 1669797354.5864792, 1669797355.829508, 1669797357.048796, 1669797361.2872791, 1669797362.5804944, 1669797363.74879, 1669797364.9762287, 1669797366.245696, 1669797367.4507768, 1669797368.724056, 1669797369.9541357, 1669797371.267752, 1669797372.5512776, 1669797376.7126153, 1669797377.9463253, 1669797379.162861, 1669797380.464491, 1669797381.7312496, 1669797382.953922, 1669797384.1773472, 1669797385.4909222, 1669797386.7125537, 1669797387.904439, 1669797392.2712026, 1669797393.4359865, 1669797394.5897024, 1669797395.804155, 1669797397.056557, 1669797398.2833922, 1669797399.5235996, 1669797400.8894198, 1669797402.1111412, 1669797403.3138359, 1669797407.2713785, 1669797408.506401, 1669797409.6983507, 1669797410.9146845, 1669797412.183562, 1669797413.4311228, 1669797414.6619494, 1669797415.9406042, 1669797417.2727141, 1669797418.4360907, 1669797422.6679854, 1669797423.9323237, 1669797425.1776686, 1669797426.4554381, 1669797427.7194219, 1669797428.9539115, 1669797430.2770221, 1669797431.5672991, 1669797432.930659, 1669797434.233438, 1669797438.485911, 1669797439.7700088, 1669797441.0362504, 1669797442.30195, 1669797443.5357609, 1669797444.7908857, 1669797446.0674286, 1669797447.3090208, 1669797448.5532532, 1669797449.8811402, 1669797454.0493803, 1669797455.325917, 1669797456.5320978, 1669797457.6936255, 1669797458.8658504, 1669797460.1108298, 1669797461.3443613, 1669797462.578293, 1669797463.7999256, 1669797465.042899, 1669797469.6821854, 1669797470.9499254, 1669797472.154244, 1669797473.393427, 1669797474.6364532, 1669797475.893627, 1669797477.1561909, 1669797478.446943, 1669797479.6829104, 1669797480.9253516, 1669797485.0121086, 1669797486.215407, 1669797487.395079, 1669797488.602725, 1669797489.8337915, 1669797491.0680335, 1669797492.3062131, 1669797493.4922702, 1669797494.751884, 1669797496.0093064, 1669797500.267127, 1669797501.5229733, 1669797502.7780566, 1669797504.0044844, 1669797505.2646103, 1669797506.5087516, 1669797507.7247567, 1669797508.9493544, 1669797510.1692383, 1669797511.3887532, 1669797515.5156717, 1669797516.838811, 1669797518.0917487, 1669797519.3392947, 1669797520.5830884, 1669797521.8146627, 