{"initial_reset_timestamp": 1669787400.388781, "timestamps": [1669787403.2643728, 1669787403.4313087, 1669787403.835818, 1669787404.1931574, 1669787404.5699813, 1669787404.896783, 1669787405.2177534, 1669787407.5548904, 1669787407.8992105, 1669787408.2384095, 1669787408.5625947, 1669787408.8990836, 1669787409.2164147, 1669787409.4235373, 1669787412.980521, 1669787414.9333389, 1669787416.8493037, 1669787418.798888, 1669787420.6667025, 1669787422.6524978, 1669787426.6308506, 1669787428.5385349, 1669787430.517773, 1669787432.310346, 1669787434.1862266, 1669787436.0170553, 1669787437.850267, 1669787441.909828, 1669787443.7989635], "episode_lengths": [98, 150, 150, 150, 150, 150, 150, 150, 150, 150, 150, 150, 150, 69, 150, 150, 150, 150, 150, 150, 150, 150, 149, 150, 150, 150, 150, 150, 150], "episode_rewards": [-97.0, -150.0, -150.0, -150.0, -150.0, -150.0, -150.0, -150.0, -150.0, -150.0, -150.0, -150.0, -150.0, -68.0, -150.0, -150.0, -150.0, -150.0, -150.0, -150.0, -150.0, -150.0, -148.0, -150.0, -150.0, -150.0, -150.0, -150.0, -150.0], "episode_types": ["t", "t", "t", "t", "t", "t", "t", "t", "t", "t", "t", "t", "t", "t", "t", "t", "t", "t", "t", "t", "t", "t", "t", "t", "t", "t", "t", "t", "t", "t"]}