{"initial_reset_timestamp": 1669787401.4940748, "timestamps": [1669787401.9844995, 1669787402.222067, 1669787402.4391603, 1669787402.659295, 1669787402.8473969, 1669787403.0257447, 1669787403.2059202, 1669787406.261187, 1669787406.4309316, 1669787406.602244, 1669787406.7727344, 1669787406.9437602, 1669787407.1139657, 1669787407.2852333, 1669787410.4924097, 1669787410.6678166, 1669787410.8448427, 1669787411.020935, 1669787411.1961474, 1669787411.373065, 1669787411.5477335, 1669787425.328366, 1669787425.51073, 1669787425.6924102, 1669787425.874248, 1669787426.0591245, 1669787426.2477915, 1669787426.434781, 1669787439.9738133, 1669787440.20402, 1669787440.3995707, 1669787440.6058223, 1669787440.8051133, 1669787441.0027454, 1669787441.1961992], "episode_lengths": [150, 150, 150, 150, 150, 150, 150, 150, 150, 150, 150, 150, 150, 150, 150, 150, 150, 150, 150, 150, 150, 150, 150, 150, 150, 150, 150, 150, 150, 150, 150, 150, 150, 150, 150], "episode_rewards": [-150.0, -150.0, -150.0, -150.0, -150.0, -150.0, -150.0, -150.0, -150.0, -150.0, -150.0, -150.0, -150.0, -150.0, -150.0, -150.0, -150.0, -150.0, -150.0, -150.0, -150.0, -150.0, -150.0, -150.0, -150.0, -150.0, -150.0, -150.0, -150.0, -150.0, -150.0, -150.0, -150.0, -150.0, -150.0], "episode_types": ["t", "t", "t", "t", "t", "t", "t", "t", "t", "t", "t", "t", "t", "t", "t", "t", "t", "t", "t", "t", "t", "t", "t", "t", "t", "t", "t", "t", "t", "t", "t", "t", "t", "t", "t"]}