{"initial_reset_timestamp": 1669876231.6374712, "timestamps": [1669876234.7159798, 1669876234.9659705, 1669876235.3495746, 1669876235.7238374, 1669876236.0741212, 1669876236.412022, 1669876239.3723185, 1669876239.7113855, 1669876240.0487902, 1669876240.378324, 1669876240.7236805, 1669876241.0497234, 1669876241.3732128, 1669876245.6036916, 1669876247.8936772, 1669876250.2346926, 1669876252.5271616, 1669876254.755653, 1669876256.9398112, 1669876259.0390878, 1669876263.7327297, 1669876266.0589912, 1669876268.322551, 1669876270.594757, 1669876272.8585865, 1669876275.2218606, 1669876279.927088, 1669876282.1784403, 1669876284.5588212, 1669876286.8477101, 1669876289.1527581, 1669876291.521157, 1669876293.7393832, 1669876298.15154, 1669876300.4188368, 1669876302.6972442, 1669876304.3246481, 1669876306.6052313, 1669876308.8613424, 1669876311.1335132, 1669876315.8182528, 1669876318.0987813, 1669876320.3655815, 1669876322.6285167, 1669876324.895039, 1669876326.8538053, 1669876329.1192713, 1669876333.646512, 1669876335.57675, 1669876336.8731966, 1669876339.1384926, 1669876341.4224207, 1669876343.7206228, 1669876345.9771535, 1669876350.6638827, 1669876352.7362716, 1669876355.0629067, 1669876357.4090796, 1669876359.698963, 1669876361.5897563, 1669876363.8494766, 1669876368.4934194, 1669876370.3672762, 1669876372.6330242, 1669876373.5922732, 1669876375.8492844, 1669876378.1285255, 1669876380.4234483, 1669876381.561166, 1669876386.2647374, 1669876386.964007, 1669876389.3537297, 1669876390.9347596, 1669876391.8134236, 1669876394.1557407, 1669876396.4663243, 1669876398.782609, 1669876400.2249827, 1669876403.9705358, 1669876406.241639, 1669876408.253712, 1669876409.8587108, 1669876410.6325514, 1669876413.0153482, 1669876414.2802172, 1669876416.564175, 1669876421.3547404, 1669876422.475273, 1669876424.6758306, 1669876426.9155447, 1669876429.2279165, 1669876430.189393, 1669876431.7064784, 1669876433.9567995, 1669876436.0009823, 1669876440.7938814, 1669876442.036382, 1669876442.8654113, 1669876445.1622133, 1669876446.0861876, 1669876448.340812, 1669876449.3667724, 1669876450.6157873, 1669876451.0177429, 1669876452.3411002, 1669876453.5040345, 1669876457.0584922, 1669876458.239446, 1669876460.3554642, 1669876461.496144, 1669876462.4429421, 1669876463.7329533, 1669876465.1326013, 1669876466.0668716, 1669876467.6758204, 1669876468.9808981, 1669876469.6895645, 1669876470.2918284, 1669876472.050558, 1669876475.4276462, 1669876475.7822244, 1669876476.522783, 1669876477.3956456, 1669876479.0862298, 1669876479.6097713, 1669876480.9148366, 1669876481.6874251, 1669876483.021131, 1669876484.3274302, 1669876484.9547207, 1669876485.898533, 1669876486.5940087, 1669876487.0572014, 1669876487.7405686, 1669876488.778249, 1669876489.3202832, 1669876490.2666695, 1669876490.9658272, 1669876494.509083, 1669876496.1385992, 1669876497.1306875, 1669876497.5078037, 1669876498.433955, 1669876498.9370856, 1669876499.72013, 1669876500.7927094, 1669876501.5385616, 1669876502.094383, 1669876503.3497455, 1669876503.9211354, 1669876504.504908, 1669876505.0471375, 1669876505.5288615, 1669876506.0624108, 1669876506.641303, 1669876507.0866277, 1669876507.6052818, 1669876508.7809098, 1669876509.417761, 1669876509.9497995, 1669876513.3860884, 1669876514.2303839, 1669876514.8130076, 1669876515.5762293, 1669876516.1328902, 1669876516.70777, 1669876517.5253792, 1669876519.0650198, 1669876519.6756115, 1669876520.7937217, 1669876521.3299975, 1669876522.6168928, 1669876523.2523263, 1669876523.7949276, 1669876524.4564593, 1669876524.952842, 1669876525.826512, 1669876526.5940216, 1669876527.4256623, 1669876527.8716822, 1669876528.4863734, 1669876529.4306152, 1669876533.188321, 1669876533.630977, 1669876534.192684, 1669876534.7779105, 1669876535.4088235, 1669876535.8899329, 1669876536.2841713, 1669876536.7841573, 1669876537.117596, 1669876537.7035084, 1669876538.1112773, 1669876538.5536218, 1669876539.3835604, 1669876540.4142785, 1669876541.784319, 1669876542.3264709, 1669876543.0292618, 1669876543.748756, 1669876544.338795, 1669876544.8792973, 1669876545.5147157, 1669876546.2831583, 1669876546.6831794, 1669876547.012744, 1669876547.478984, 1669876548.5604763, 1669876549.0793147, 1669876552.2800517, 1669876552.588496, 1669876553.3096335, 1669876554.4424303, 1669876555.0095074, 1669876555.5332043, 1669876556.154258, 1669876556.8731034, 1669876557.4211993, 1669876557.811666, 1669876558.4605694, 1669876559.0334964, 1669876559.8101833, 1669876560.3097355, 1669876560.8121355, 1669876561.3646216, 1669876561.8563812, 1669876562.4813683, 1669876563.3397489, 1669876564.0753, 1669876564.7629402, 1669876565.6412702, 1669876566.1347585, 1669876566.819113, 1669876567.2310812, 1669876567.6436133, 1669876568.6529016], "episode_lengths": [150, 150, 150, 150, 150, 150, 150, 150, 150, 150, 150, 150, 150, 150, 150, 150, 150, 150, 150, 150, 150, 150, 150, 150, 150, 150, 150, 150, 150, 150, 150, 150, 150, 134, 150, 150, 108, 150, 150, 150, 150, 150, 150, 150, 150, 129, 150, 150, 122, 83, 150, 150, 150, 150, 150, 137, 150, 150, 150, 123, 150, 146, 122, 150, 63, 150, 150, 150, 69, 150, 40, 150, 100, 55, 150, 150, 150, 92, 86, 150, 133, 98, 43, 150, 76, 150, 150, 71, 150, 150, 150, 61, 98, 150, 136, 150, 80, 52, 150, 57, 150, 65, 82, 23, 86, 73, 75, 74, 134, 73, 59, 83, 91, 59, 105, 84, 42, 35, 111, 49, 19, 46, 55, 109, 30, 86, 47, 84, 79, 35, 57, 40, 26, 42, 72, 34, 59, 42, 56, 108, 59, 19, 58, 29, 48, 68, 44, 32, 81, 34, 35, 32, 28, 31, 37, 29, 30, 76, 35, 32, 28, 53, 31, 48, 33, 34, 51, 101, 36, 71, 30, 83, 38, 32, 40, 29, 55, 47, 52, 25, 35, 54, 42, 24, 32, 35, 38, 32, 23, 31, 20, 34, 23, 25, 52, 66, 85, 32, 43, 44, 35, 32, 39, 52, 24, 19, 29, 71, 32, 20, 15, 44, 73, 33, 29, 36, 44, 32, 21, 39, 33, 46, 28, 29, 33, 28, 38, 54, 46, 42, 55, 29, 38, 23, 23, 64], "episode_rewards": [-150.0, -150.0, -150.0, -150.0, -150.0, -150.0, -150.0, -150.0, -150.0, -150.0, -150.0, -150.0, -150.0, -150.0, -150.0, -150.0, -150.0, -150.0, -150.0, -150.0, -150.0, -150.0, -150.0, -150.0, -150.0, -150.0, -150.0, -150.0, -150.0, -150.0, -150.0, -150.0, -150.0, -133.0, -150.0, -150.0, -107.0, -150.0, -150.0, -150.0, -150.0, -150.0, -150.0, -150.0, -150.0, -128.0, -150.0, -150.0, -121.0, -82.0, -150.0, -150.0, -149.0, -150.0, -150.0, -136.0, -150.0, -150.0, -150.0, -122.0, -150.0, -145.0, -121.0, -150.0, -62.0, -150.0, -150.0, -150.0, -68.0, -150.0, -39.0, -150.0, -99.0, -54.0, -150.0, -150.0, -150.0, -91.0, -85.0, -150.0, -132.0, -97.0, -42.0, -150.0, -75.0, -150.0, -150.0, -70.0, -150.0, -150.0, -150.0, -60.0, -97.0, -150.0, -135.0, -150.0, -79.0, -51.0, -150.0, -56.0, -150.0, -64.0, -81.0, -22.0, -85.0, -72.0, -74.0, -73.0, -133.0, -72.0, -58.0, -82.0, -90.0, -58.0, -104.0, -83.0, -41.0, -34.0, -110.0, -48.0, -18.0, -45.0, -54.0, -108.0, -29.0, -85.0, -46.0, -83.0, -78.0, -34.0, -56.0, -39.0, -25.0, -41.0, -71.0, -33.0, -58.0, -41.0, -55.0, -107.0, -58.0, -18.0, -57.0, -28.0, -47.0, -67.0, -43.0, -31.0, -80.0, -33.0, -34.0, -31.0, -27.0, -30.0, -36.0, -28.0, -29.0, -75.0, -34.0, -31.0, -27.0, -52.0, -30.0, -47.0, -32.0, -33.0, -50.0, -100.0, -35.0, -70.0, -29.0, -82.0, -37.0, -31.0, -39.0, -28.0, -54.0, -46.0, -51.0, -24.0, -34.0, -53.0, -41.0, -23.0, -31.0, -34.0, -37.0, -31.0, -22.0, -30.0, -19.0, -33.0, -22.0, -24.0, -51.0, -65.0, -84.0, -31.0, -42.0, -43.0, -34.0, -31.0, -38.0, -51.0, -23.0, -18.0, -28.0, -70.0, -31.0, -19.0, -14.0, -43.0, -72.0, -32.0, -28.0, -35.0, -43.0, -31.0, -20.0, -38.0, -32.0, -45.0, -27.0, -28.0, -32.0, -27.0, -37.0, -53.0, -45.0, -41.0, -54.0, -28.0, -37.0, -22.0, -22.0, -63.0],