{"initial_reset_timestamp": 1669786894.3629582, "timestamps": [1669786894.855621, 1669786895.032783, 1669786895.2100487, 1669786895.3869178, 1669786895.564872, 1669786895.7390513, 1669786895.9139416, 1669786898.887628, 1669786899.06268, 1669786899.256775, 1669786899.4345937, 1669786899.6110227, 1669786899.7855237, 1669786899.9600239, 1669786903.064039, 1669786903.243192, 1669786903.4261298, 1669786903.6059582, 1669786903.8400848, 1669786904.015748, 1669786904.1916473, 1669786917.5152626, 1669786917.701134, 1669786917.891485, 1669786918.0741045, 1669786918.2599897, 1669786918.4451756, 1669786918.631638, 1669786931.7427223, 1669786931.9170377, 1669786932.1035929, 1669786932.2864602, 1669786932.4674888, 1669786932.6481192, 1669786932.8272328, 1669786946.128695, 1669786946.2879214, 1669786946.4504318, 1669786946.610188, 1669786946.7748075, 1669786946.9393806, 1669786947.1080742, 1669786961.1804612, 1669786961.3810463, 1669786961.5762303, 1669786961.771042, 1669786961.959431, 1669786962.145083, 1669786962.3411052, 1669786975.3739898, 1669786975.5403194, 1669786975.7175362, 1669786975.8870728, 1669786976.047176, 1669786976.2070792, 1669786976.3735733, 1669786989.2569761, 1669786989.4436674, 1669786989.632016, 1669786989.8189445, 1669786990.0062666, 1669786990.1930187, 1669786990.3827705, 1669787003.5721557, 1669787003.7604928, 1669787003.950455, 1669787004.1362987, 1669787004.3227887, 1669787004.5164735, 1669787004.702337, 1669787018.0005393, 1669787018.1824105, 1669787018.366914, 1669787018.5514507, 1669787018.7356963, 1669787018.9164102, 1669787019.0995567, 1669787032.5474179, 1669787032.7220423, 1669787032.9091651, 1669787033.088937, 1669787033.3373578, 1669787033.5211706, 1669787033.702285, 1669787047.458696, 1669787047.6397355, 1669787047.8156564, 1669787047.9868188, 1669787048.1667075, 1669787048.3447487, 1669787048.5143213, 1669787062.277732, 1669787062.4428139, 1669787062.609478, 1669787062.7734113, 1669787062.9404318, 1669787063.1025522, 1669787063.2656977, 1669787076.8176057, 1669787077.0015683, 1669787077.1854024, 1669787077.3669734, 1669787077.5511189, 1669787077.7329066, 1669787077.916111, 1669787091.0968542, 1669787091.2579181, 1669787091.4205406, 1669787091.5812929, 1669787091.7428644, 1669787091.9017825, 1669787092.0634604, 1669787105.5118513, 1669787105.6951084, 1669787105.8792555, 1669787106.061185, 1669787106.2448144, 1669787106.432475, 1669787106.6165845, 1669787120.2549734, 1669787120.446264, 1669787120.6463628, 1669787120.8630543, 1669787121.0572124, 1669787121.245083, 1669787121.436882, 1669787134.8465574, 1669787135.0070133, 1669787135.1676698, 1669787135.3254166, 1669787135.4867, 1669787135.6472752, 1669787135.8083818, 1669787149.066938, 1669787149.2573748, 1669787149.4442801, 1669787149.6247487, 1669787149.8091738, 1669787149.9967847, 1669787150.183647, 1669787163.026119, 1669787163.209094, 1669787163.3984888, 1669787163.5827816, 1669787163.7672203, 1669787163.9645739, 1669787164.1449993, 1669787176.6442928, 1669787176.8038697, 1669787177.0216477, 1669787177.1806889, 1669787177.340316, 1669787177.505396, 1669787177.6678977, 1669787190.2688909, 1669787190.4419763, 1669787190.6170819, 1669787190.7906978, 1669787190.9736876, 1669787191.1842446, 1669787191.3685336, 1669787204.7730145, 1669787204.9346302, 1669787205.0975745, 1669787205.2596877, 1669787205.4214046, 1669787205.58173, 1669787205.7416575, 1669787217.987013, 1669787218.172664, 1669787218.3581107, 1669787218.542974, 1669787218.7316344, 1669787218.9181411, 1669787219.1024666, 1669787231.6237962, 1669787231.786793, 1669787231.9493701, 1669787232.1107993, 1669787232.274818, 1669787232.4354815, 1669787232.5978336, 1669787245.053095, 1669787245.212791, 1669787245.3791761, 1669787245.5388448, 1669787245.7015638, 1669787245.8663275, 1669787246.0277238, 1669787258.710648, 1669787258.869249, 1669787259.034201, 1669787259.1974132, 1669787259.3579726, 1669787259.5190322, 1669787259.678418, 1669787272.119456, 1669787272.3032553, 1669787272.486469, 1669787272.6725478, 1669787272.84788, 1669787273.0368383, 1669787273.2202814, 1669787286.2436361, 1669787286.4097934, 1669787286.581747, 1669787286.744771, 1669787286.9094439, 1669787287.0721035, 1669787287.236046, 1669787300.3445294, 1669787300.5048637, 1669787300.678457, 1669787300.8461945, 1669787301.0146902, 1669787301.17832, 1669787301.335558, 1669787315.4850771, 1669787315.647729, 1669787315.8135686, 1669787315.983927, 1669787316.171259, 1669787316.3319807, 1669787316.4924989], "episode_lengths": [150, 150, 150, 150, 150, 150, 150, 150, 150, 150, 150, 150, 150, 150, 150, 150, 150, 150, 150, 150, 150, 150, 150, 150, 150, 150, 150, 150, 150, 150, 150, 150, 150, 150, 150, 150, 150, 150, 150, 150, 150, 150, 150, 150, 150, 150, 150, 150, 150, 150, 150, 150, 150, 150, 150, 150, 150, 150, 150, 150, 150, 150, 150, 150, 150, 150, 150, 150, 150, 150, 150, 150, 150, 150, 150, 150, 150, 150, 150, 150, 150, 150, 150, 150, 150, 150, 150, 150, 150, 150, 150, 150, 150, 150, 150, 150, 150, 150, 150, 150, 150, 150, 150, 150, 150, 150, 150, 150, 150, 150, 150, 150, 150, 150, 150, 150, 150, 150, 150, 150, 150, 150, 150, 150, 150, 146, 150, 150, 150, 150, 150, 150, 150, 150, 150, 150, 150, 150, 150, 150, 150, 150, 150, 150, 150, 150, 150, 150, 150, 150, 150, 150, 150, 150, 150, 150, 150, 150, 150, 150, 150, 150, 150, 150, 150, 150, 150, 150, 150, 150, 150, 150, 150, 150, 150, 150, 150, 150, 150, 150, 150, 150, 150, 150, 150, 150, 150, 150, 150, 150, 150, 150, 150, 150, 150, 150, 150, 150, 150, 150, 150, 150, 150, 150, 150, 150, 150, 150, 150, 150, 150, 150, 150, 150, 150, 150, 150, 150, 150, 150, 150, 150, 150, 150], "episode_rewards": [-150.0, -150.0, -150.0, -150.0, -150.0, -150.0, -150.0, -150.0, -150.0, -150.0, -150.0, -150.0, -150.0, -150.0, -150.0, -150.0, -150.0, -150.0, -150.0, -150.0, -150.0, -150.0, -150.0, -150.0, -150.0, -150.0, -150.0, -150.0, -150.0, -150.0, -150.0, -150.0, -150.0, -150.0, -150.0, -150.0, -150.0, -150.0, -150.0, -150.0, -150.0, -150.0, -150.0, -150.0, -150.0, -150.0, -150.0, -150.0, -150.0, -150.0, -150.0, -150.0, -150.0, -150.0, -150.0, -150.0, -150.0, -150.0, -150.0, -150.0, -150.0, -150.0, -150.0, -150.0, -150.0, -150.0, -150.0, -150.0, -150.0, -150.0, -150.0, -150.0, -150.0, -150.0, -150.0, -150.0, -150.0, -150.0, -150.0, -150.0, -150.0, -150.0, -150.0, -150.0, -150.0, -150.0, -150.0, -150.0, -150.0, -150.0, -150.0, -150.0, -150.0, -150.0, -150.0, -150.0, -150.0, -150.0, -150.0, -150.0, -150.0, -150.0, -150.0, -150.0, -150.0, -150.0, -150.0, -150.0, -150.0, -150.0, -150.0, -150.0, -150.0, -150.0, -150.0, -150.0, -150.0, -150.0, -150.0, -150.0, -150.0, -150.0, -150.0, -150.0, -150.0, -145.0, -150.0, -150.0, -150.0, -150.0, -150.0, -150.0, -150.0, -150.0, -150.0, -150.0, -150.0, -150.0, -150.0, -150.0, -150.0, -150.0, -150.0, -150.0, -150.0, -150.0, -150.0, -150.0, -150.0, -150.0, -150.0, -150.0, -150.0, -150.0, -150.0, -150.0, -150.0, -150.0, -150.0, -150.0, -150.0, -150.0, -150.0, -150.0, -150.0, -150.0, -150.0, -150.0, -150.0, -150.0, -150.0, -150.0, -150.0, -150.0, -150.0, -150.0, -150.0, -150.0, -150.0, -150.0, -150.0, -150.0, -150.0, -150.0, -150.0, -150.0, -150.0, -150.0, -150.0, -150.0, -150.0, -150.0, -150.0, -150.0, -150.0, -150.0, -150.0, -150.0, -150.0, -150.0, -150.0, -150.0, -150.0, -150.0, -150.0, -150.0, -150.0, -150.0, -150.0, -150.0, -150.0, -150.0, -150.0, -150.0, -150.0, -150.0, -150.0, -150.0, -150.0, -150.0, -150.0, -150.0, -150.0, -150.0],