{"initial_reset_timestamp": 1669786893.255864, "timestamps": [1669786896.002574, 1669786896.2526658, 1669786896.624381, 1669786896.9858303, 1669786897.328002, 1669786897.665522, 1669786900.0462584, 1669786900.3768654, 1669786900.7010808, 1669786901.0293806, 1669786901.359002, 1669786901.674663, 1669786901.9913309, 1669786905.375538, 1669786907.2452955, 1669786909.1073678, 1669786910.9373477, 1669786912.8209975, 1669786914.6736166, 1669786916.4602103, 1669786920.4006286, 1669786922.1253252, 1669786923.9764893, 1669786925.845576, 1669786927.761833, 1669786929.6005924, 1669786933.4384208, 1669786935.305671, 1669786937.197186, 1669786939.0418987, 1669786940.8971627, 1669786942.7547972, 1669786944.5815136, 1669786948.3330653, 1669786950.222389, 1669786952.1544328, 1669786954.0662096, 1669786956.0082061, 1669786957.951023, 1669786959.7957294, 1669786964.1790478, 1669786965.9589207, 1669786967.7531807, 1669786969.5096257, 1669786971.2591968, 1669786973.0698085, 1669786976.9294596, 1669786978.6833673, 1669786980.4065723, 1669786982.181673, 1669786983.991932, 1669786985.760512, 1669786987.6201577, 1669786991.4517581, 1669786992.2772286, 1669786994.0936134, 1669786995.906428, 1669786996.791208, 1669786998.5554466, 1669787000.3544168, 1669787002.2437062, 1669787006.3259447, 1669787008.0940924, 1669787009.8660126, 1669787011.8229647, 1669787013.7333977, 1669787015.5158677, 1669787019.5454304, 1669787021.3978143, 1669787023.2684007, 1669787025.1452446, 1669787027.0187743, 1669787028.8053963, 1669787030.7679842, 1669787034.8261979, 1669787036.749472, 1669787038.6575167, 1669787040.5636647, 1669787042.49004, 1669787044.423017, 1669787046.2918828, 1669787050.2052124, 1669787052.108502, 1669787054.1032877, 1669787055.9890134, 1669787057.9301353, 1669787059.8841352, 1669787063.7179532, 1669787065.5506742, 1669787067.527051, 1669787069.4185023, 1669787071.3108087, 1669787073.1815817, 1669787075.1328387, 1669787078.9629858, 1669787080.8507783, 1669787082.7418783, 1669787084.5244849, 1669787086.3371403, 1669787088.1338403, 1669787089.961326, 1669787093.6221442, 1669787095.413314, 1669787097.3005195, 1669787099.2306943, 1669787101.2616372, 1669787103.1112893, 1669787107.0704327, 1669787108.968699, 1669787110.8362916, 1669787112.771356, 1669787114.6703312, 1669787116.526834, 1669787118.3648536, 1669787122.461085, 1669787124.3105674, 1669787126.1714091, 1669787128.0532115, 1669787129.915375, 1669787131.759936, 1669787133.6465719, 1669787137.381954, 1669787139.1704159, 1669787141.094931, 1669787142.9677837, 1669787144.7289362, 1669787146.559944, 1669787150.6019192, 1669787152.372646, 1669787154.110073, 1669787155.8625724, 1669787157.7330618, 1669787159.5201504, 1669787161.2749135, 1669787165.1036718, 1669787166.8040764, 1669787168.5791936, 1669787170.3313565, 1669787172.062611, 1669787173.7965493, 1669787175.521659, 1669787179.1800282, 1669787180.9088607, 1669787182.6697657, 1669787184.4840121, 1669787186.2636957, 1669787188.0180528, 1669787191.8344066, 1669787194.0453541, 1669787195.872098, 1669787197.652797, 1669787199.4636533, 1669787201.250363, 1669787203.0819504, 1669787206.799961, 1669787208.4948206, 1669787210.152546, 1669787211.536925, 1669787213.2499712, 1669787214.7513463, 1669787216.476219, 1669787220.3030975, 1669787222.007143, 1669787223.7919946, 1669787225.5413458, 1669787227.2693357, 1669787229.0202506, 1669787232.662082, 1669787234.2686048, 1669787235.9690964, 1669787237.7030811, 1669787239.5248249, 1669787241.2561438, 1669787242.997262, 1669787246.6613874, 1669787248.4685163, 1669787250.2164, 1669787251.958655, 1669787253.6544487, 1669787255.4121723, 1669787257.228494, 1669787260.8492293, 1669787262.566696, 1669787264.2927709, 1669787266.0040216, 1669787267.7121365, 1669787269.4286225, 1669787273.278254, 1669787275.1295547, 1669787276.986659, 1669787278.7875507, 1669787280.557139, 1669787282.374666, 1669787284.119917, 1669787287.8588424, 1669787289.766418, 1669787291.6212192, 1669787293.4093535, 1669787295.1665676, 1669787296.894772, 1669787298.7244484, 1669787301.5213687, 1669787302.2575858, 1669787304.1324718, 1669787306.189124, 1669787308.2435, 1669787310.234359, 1669787312.221097, 1669787314.1097054, 1669787317.8714921, 1669787319.7471166, 1669787321.669315, 1669787323.5075648, 1669787324.6288881, 1669787326.4045916, 1669787328.2565823], "episode_lengths": [150, 150, 150, 150, 150, 150, 150, 150, 150, 150, 150, 150, 150, 150, 150, 150, 150, 150, 150, 150, 150, 150, 150, 150, 150, 150, 150, 150, 150, 150, 150, 150, 150, 150, 150, 150, 150, 150, 150, 150, 150, 150, 150, 150, 150, 150, 150, 150, 150, 150, 150, 149, 150, 150, 67, 150, 150, 73, 150, 150, 150, 150, 150, 150, 150, 150, 150, 150, 150, 150, 150, 150, 150, 150, 150, 150, 150, 150, 150, 150, 150, 150, 150, 150, 150, 150, 150, 150, 150, 150, 150, 150, 150, 150, 150, 150, 150, 150, 150, 150, 150, 150, 150, 150, 150, 150, 150, 150, 150, 150, 150, 150, 150, 150, 150, 150, 150, 150, 150, 150, 150, 150, 150, 150, 150, 150, 150, 150, 150, 150, 150, 150, 150, 150, 150, 150, 150, 150, 150, 150, 150, 150, 150, 150, 150, 150, 150, 150, 150, 150, 150, 150, 150, 150, 150, 150, 150, 118, 150, 150, 150, 150, 150, 150, 150, 150, 150, 150, 150, 150, 150, 150, 150, 150, 150, 150, 150, 150, 150, 150, 150, 150, 150, 150, 150, 150, 150, 150, 150, 150, 150, 150, 150, 150, 150, 150, 150, 150, 150, 150, 150, 58, 57, 150, 150, 150, 150, 150, 150, 150, 150, 150, 150, 82, 138, 150], "episode_rewards": [-150.0, -150.0, -150.0, -150.0, -150.0, -150.0, -150.0, -150.0, -150.0, -150.0, -150.0, -150.0, -150.0, -150.0, -150.0, -150.0, -150.0, -150.0, -150.0, -150.0, -150.0, -150.0, -150.0, -150.0, -150.0, -150.0, -150.0, -150.0, -150.0, -150.0, -150.0, -150.0, -150.0, -150.0, -150.0, -150.0, -150.0, -150.0, -150.0, -150.0, -150.0, -150.0, -150.0, -150.0, -150.0, -150.0, -150.0, -150.0, -150.0, -150.0, -150.0, -148.0, -150.0, -150.0, -66.0, -150.0, -150.0, -72.0, -150.0, -150.0, -150.0, -150.0, -150.0, -150.0, -150.0, -150.0, -150.0, -150.0, -150.0, -150.0, -150.0, -150.0, -150.0, -150.0, -150.0, -150.0, -150.0, -150.0, -150.0, -150.0, -150.0, -150.0, -150.0, -150.0, -150.0, -150.0, -150.0, -150.0, -150.0, -150.0, -150.0, -150.0, -150.0, -150.0, -150.0, -150.0, -150.0, -150.0, -150.0, -150.0, -150.0, -150.0, -150.0, -150.0, -150.0, -150.0, -150.0, -150.0, -150.0, -150.0, -150.0, -150.0, -150.0, -150.0, -150.0, -150.0, -150.0, -150.0, -150.0, -150.0, -150.0, -150.0, -150.0, -150.0, -150.0, -150.0, -150.0, -150.0, -150.0, -150.0, -150.0, -150.0, -150.0, -150.0, -150.0, -150.0, -150.0, -150.0, -150.0, -150.0, -150.0, -150.0, -150.0, -150.0, -150.0, -150.0, -150.0, -150.0, -150.0, -150.0, -150.0, -150.0, -150.0, -150.0, -150.0, -150.0, -150.0, -117.0, -150.0, -150.0, -150.0, -150.0, -150.0, -150.0, -150.0, -150.0, -150.0, -150.0, -150.0, -150.0, -150.0, -150.0, -150.0, -150.0, -150.0, -150.0, -150.0, -150.0, -150.0, -150.0, -150.0, -150.0, -150.0, -150.0, -150.0, -150.0, -150.0, -150.0, -150.0, -150.0, -150.0, -150.0, -150.0, -150.0, -150.0, -150.0, -150.0, -150.0, -150.0, -150.0, -150.0, -57.0, -56.0, -150.0, -150.0, -150.0, -150.0, -150.0, -150.0, -150.0, -150.0, -150.0, -150.0, -81.0, -137.0, -150.0],