{"initial_reset_timestamp": 1669888987.3641043, "timestamps": [1669888990.6010485, 1669888990.8406336, 1669888991.1974385, 1669888991.5472238, 1669888991.7480528, 1669888992.0759757, 1669888992.2961087, 1669888995.1812267, 1669888995.4695673, 1669888995.7907434, 1669888996.1157146, 1669888996.4413874, 1669888996.760559, 1669888997.0779564, 1669889000.7475102, 1669889002.6637805, 1669889004.5707061, 1669889006.458043, 1669889008.334973, 1669889010.1948729, 1669889012.083154, 1669889016.3999696, 1669889018.2455595, 1669889020.0045166, 1669889021.875851, 1669889023.564445, 1669889025.1719959, 1669889029.368333, 1669889031.2397633, 1669889033.1197746, 1669889034.997532, 1669889036.8751385, 1669889038.7619774, 1669889040.6234603, 1669889044.8744216, 1669889046.7700977, 1669889048.642782, 1669889049.2632139, 1669889050.6265447, 1669889051.3987978, 1669889052.962299, 1669889054.8381515, 1669889059.311789, 1669889060.7624896, 1669889061.8347068, 1669889063.3753555, 1669889064.5727136, 1669889066.458587, 1669889067.4709883, 1669889069.3468578, 1669889071.2233808, 1669889075.7732587, 1669889076.291554, 1669889077.270033, 1669889078.416071, 1669889079.2995071, 1669889081.171642, 1669889082.1864345, 1669889083.18238, 1669889084.543233, 1669889086.4387748, 1669889090.8634002, 1669889092.7432013, 1669889094.6187778, 1669889095.16662, 1669889097.0593534, 1669889097.9377887, 1669889099.4905891, 1669889101.3698378, 1669889102.4393952, 1669889106.5899112, 1669889108.298298, 1669889109.231285, 1669889109.7899864, 1669889110.6878674, 1669889111.4558446, 1669889112.4003558, 1669889113.3303444, 1669889113.7725196, 1669889115.6843567, 1669889116.3795545, 1669889117.0627294, 1669889121.0433018, 1669889122.036541, 1669889122.9746277, 1669889123.441941, 1669889124.0673652, 1669889124.5506291, 1669889124.9631774, 1669889125.275593, 1669889125.7380595, 1669889126.5222807, 1669889127.008247, 1669889128.357027, 1669889129.0783694, 1669889129.71818, 1669889130.2919872, 1669889130.671422, 1669889131.2226532, 1669889131.775755, 1669889132.3414383, 1669889132.9356134, 1669889133.4784243, 1669889137.38704, 1669889137.7294426, 1669889138.1909544, 1669889138.6673584, 1669889139.1710553, 1669889139.6579018, 1669889140.2112317, 1669889140.6039002, 1669889141.243159, 1669889141.7632425, 1669889142.2587805, 1669889142.6235096, 1669889143.5830386, 1669889144.2703547, 1669889144.7558048, 1669889145.3295987, 1669889145.897995, 1669889146.3817344, 1669889146.8581457, 1669889147.331277, 1669889147.867766, 1669889148.5747101, 1669889149.095147, 1669889149.70677, 1669889150.3181968, 1669889154.48719, 1669889154.925857, 1669889155.3708148, 1669889155.9306247, 1669889156.4142842, 1669889156.777355, 1669889157.4914634, 1669889158.010998, 1669889158.799032, 1669889159.2646837, 1669889159.8816237, 1669889160.4634671, 1669889161.6417768, 1669889162.1150153, 1669889162.5585284, 1669889162.964428, 1669889163.4343047, 1669889164.0467386, 1669889164.510272, 1669889165.2717733, 1669889165.8547323, 1669889166.263784, 1669889166.7697055, 1669889167.3269565, 1669889171.2514205, 1669889171.747232, 1669889172.262624, 1669889172.683135, 1669889173.4419713, 1669889173.9942715, 1669889174.3341217, 1669889174.931493, 1669889175.6671574, 1669889176.032332, 1669889176.4953341, 1669889176.87429, 1669889177.2556798, 1669889177.863112, 1669889178.2787251, 1669889178.814029, 1669889179.362428, 1669889179.6780057, 1669889180.1513226, 1669889180.7591689, 1669889181.3594763, 1669889181.882243, 1669889182.3542175, 1669889182.6640954, 1669889183.2882488, 1669889183.786596, 1669889184.2913883, 1669889184.8275216, 1669889185.496782, 1669889189.5528076, 1669889190.000525, 1669889190.4422967, 1669889191.0167396, 1669889191.5360806, 1669889192.0272303, 1669889192.4350736, 1669889192.8633351, 1669889193.556353, 1669889194.0970237, 1669889194.5866475, 1669889195.2601311, 1669889195.718884, 1669889196.2002008, 1669889196.8067353, 1669889197.139983, 1669889197.743007, 1669889198.1162279, 1669889198.5228744, 1669889199.0598295, 1669889199.4027443, 1669889199.8678753, 1669889200.2537465, 1669889200.5839064, 1669889200.9264958, 1669889201.2979634, 1669889201.858789, 1669889202.3202372, 1669889202.7966557, 1669889207.1628282, 1669889207.5176108, 1669889208.1633925, 1669889208.4661064, 1669889208.7125845, 1669889209.2721264, 1669889209.610802, 1669889210.1577492, 1669889210.4725287, 1669889211.0837111, 1669889211.7421572, 1669889212.1802063, 1669889212.5627708, 1669889213.058791, 1669889213.6156754, 1669889214.14178, 1669889214.6854928, 1669889215.1714318, 1669889215.6222334, 1669889216.1313357, 1669889216.548398, 1669889217.1473515, 1669889217.4784758, 1669889217.8700624, 1669889218.1755495, 1669889218.738856, 1669889219.0470986, 1669889219.5789912, 1669889220.115398, 1669889220.4080703, 1669889225.084051, 1669889225.5460358, 1669889226.0075655, 1669889226.422284, 1669889226.8825788, 1669889227.394272, 1669889228.034188, 1669889228.4340515, 1669889229.0135138, 1669889229.5873384, 1669889230.0218132, 1669889230.6278636, 1669889231.1075578, 1669889231.8209894, 1669889232.8492992, 1669889233.5265749, 1669889233.88144, 1669889234.3547473, 1669889234.7461839, 1669889235.255443, 1669889235.935378, 1669889236.471139, 1669889236.959821, 1669889237.3315518, 1669889237.7938452, 1669889238.4447355, 1669889238.8906834, 1669889243.4144263, 1669889243.9674242, 1669889244.4590242, 1669889245.0995457, 1669889245.670555, 1669889246.0551467, 1669889246.527503, 1669889247.1199727, 1669889247.499217, 1669889248.179235, 1669889248.6412246, 1669889249.138641, 1669889249.5541542, 1669889250.0400543, 1669889250.551378, 1669889251.3911183, 1669889252.0945113, 1669889252.4981344, 1669889253.202734, 1669889253.6774733, 1669889254.5349975, 1669889255.6425805, 1669889256.16683, 1669889260.9202602, 1669889261.6077437, 1669889261.9989612, 1669889262.575711, 1669889262.882745, 1669889263.5800967, 1669889264.0349815, 1669889264.4344969, 1669889264.9818356, 1669889265.4593995, 1669889266.0183353, 1669889266.5516446, 1669889267.1235955, 1669889267.6791732, 1669889268.527011, 1669889269.0114732, 1669889269.439187, 1669889269.8821158, 1669889270.2648182, 1669889270.8058994, 1669889271.3067548, 1669889271.8070755, 1669889272.3131933, 1669889272.857822, 1669889273.3822224, 1669889273.895445, 1669889274.3913562, 1669889274.853019, 1669889279.247925, 1669889279.77167, 1669889280.217871, 1669889280.5826378, 1669889280.8875678, 1669889281.3908916, 1669889281.8436255, 1669889282.1943796, 1669889282.667563, 1669889283.1704943, 1669889283.6070597, 1669889284.0117638, 1669889284.658586, 1669889285.2152374, 1669889285.7392156, 1669889286.2396245, 1669889286.655081, 1669889287.0896072, 1669889287.6464329, 1669889288.1425538, 1669889288.486033, 1669889289.037992, 1669889289.6310892, 1669889290.1474931, 1669889290.563073, 1669889290.9871745, 1669889291.6426032, 1669889292.1781297, 1669889292.5835004, 1669889292.9479117, 1669889293.2899914],