{"initial_reset_timestamp": 1669788978.6803217, "timestamps": [1669788983.0140812, 1669788983.2199366, 1669788983.5114179, 1669788983.8506048, 1669788984.1940162, 1669788984.5104573, 1669788984.8178039, 1669788985.135508, 1669788985.4782622, 1669788985.8123047, 1669788989.1160443, 1669788989.485491, 1669788989.786084, 1669788990.0849414, 1669788990.3837461, 1669788990.7179556, 1669788991.058691, 1669788991.376775, 1669788991.6803868, 1669788991.981572, 1669788996.1769319, 1669788997.6962202, 1669788999.0447385, 1669789000.6170716, 1669789001.9341486, 1669789003.2118425, 1669789004.5134563, 1669789005.9336479, 1669789007.2385535, 1669789008.4885097, 1669789012.7324982, 1669789014.0696788, 1669789015.3539755, 1669789016.7450304, 1669789018.1954935, 1669789019.5222373, 1669789020.5493758, 1669789021.8289993, 1669789023.131483, 1669789024.4917068, 1669789028.7459812, 1669789030.0442307, 1669789031.3035133, 1669789032.598936, 1669789033.4242032, 1669789034.7926617, 1669789036.2621803, 1669789037.4022915, 1669789038.7248938, 1669789039.9998653, 1669789044.4024224, 1669789045.6757374, 1669789046.946544, 1669789048.234711, 1669789049.4932296, 1669789050.7772076, 1669789051.3455312, 1669789052.711644, 1669789053.9950511, 1669789055.2620819, 1669789056.530394, 1669789060.9269247, 1669789061.9555705, 1669789063.2890558, 1669789064.588809, 1669789065.5034747, 1669789067.0682967, 1669789068.7313108, 1669789070.1747065, 1669789071.6267824, 1669789072.8872027, 1669789073.6184661, 1669789074.2449799, 1669789079.3979836, 1669789080.711109, 1669789082.0364313, 1669789082.7136774, 1669789084.0089152, 1669789085.3129892, 1669789086.6739364, 1669789088.0408375, 1669789089.3767483, 1669789090.6807668, 1669789095.2386887, 1669789096.6895616, 1669789098.1115527, 1669789098.983351, 1669789100.3772225, 1669789101.729483, 1669789103.015327, 1669789104.3077435, 1669789105.683059, 1669789107.0000775, 1669789108.31575, 1669789112.723823, 1669789114.067381, 1669789115.3486485, 1669789116.6885812, 1669789118.0674644, 1669789119.3578522, 1669789120.6622562, 1669789121.9681914, 1669789123.331677, 1669789124.6349807, 1669789128.8565297, 1669789130.157826, 1669789131.5892804, 1669789132.966941, 1669789134.3009121, 1669789135.6120524, 1669789136.8654342, 1669789138.1688445, 1669789139.4983964, 1669789140.8124037, 1669789145.041644, 1669789146.5328465, 1669789147.8528736, 1669789149.241054, 1669789150.4878943, 1669789151.7178555, 1669789153.0355904, 1669789154.3157787, 1669789155.5764656, 1669789156.8138368, 1669789160.8758316, 1669789162.158172, 1669789163.4792156, 1669789164.7164025, 1669789166.0190065, 1669789167.364344, 1669789168.6420345, 1669789169.9205797, 1669789171.1593611, 1669789172.375698, 1669789176.8916295, 1669789178.2457006, 1669789179.62892, 1669789180.9625063, 1669789182.3298247, 1669789183.7643502, 1669789185.1369717, 1669789186.458866, 1669789187.8279984, 1669789189.1943498, 1669789193.6798158, 1669789194.8868334, 1669789196.02945, 1669789197.256935, 1669789198.528962, 1669789199.7793636, 1669789201.1352782, 1669789202.4042928, 1669789203.6869855, 1669789204.977411, 1669789209.2870982, 1669789210.614268, 1669789211.930105, 1669789213.1506538, 1669789214.394308, 1669789215.706155, 1669789217.0548165, 1669789218.3770401, 1669789219.9913983, 1669789221.3719025, 1669789226.074146, 1669789227.3814423, 1669789228.683463, 1669789229.8848455, 1669789231.1611788, 1669789232.4526165, 1669789233.8165486, 1669789234.975903, 1669789236.232574, 1669789237.5771224, 1669789242.1105356, 1669789243.4782171, 1669789244.821992, 1669789246.1340759, 1669789247.4256778, 1669789248.7128153, 1669789250.0036542, 1669789251.3317218, 1669789252.643929, 1669789253.982207, 1669789258.2183855, 1669789259.5063384, 1669789260.7372494, 1669789262.0512764, 1669789263.3860319, 1669789264.7255723, 1669789266.0073216, 1669789267.3303165, 1669789268.7100518, 1669789270.0281327, 1669789274.7280731, 1669789276.0087965, 1669789277.2475114, 1669789278.5547817, 1669789279.8478017, 1669789281.1127362, 1669789282.4095907, 1669789283.7253804, 1669789285.0942357, 1669789286.399461, 1669789290.889246, 1669789292.1614106, 1669789293.4082704, 1669789294.7007513, 1669789296.0243351, 1669789297.325268, 1669789298.6013134, 1669789299.882241, 1669789301.2391348, 1669789302.4780085, 1669789306.9384787, 1669789308.2715662, 1669789309.5715532, 1669789310.8641582, 1669789312.1738417, 1669789313.4232197, 1669789314.7125456, 1669789316.0230925, 1669789317.3529015, 1669789318.5862796, 1669789323.3364105, 1669789324.6231532, 1669789325.9626708, 1669789327.241014, 1669789328.5314913, 1669789329.777759, 1669789331.0781372, 1669789332.4589105, 1669789333.7485068, 1669789335.0734894, 1669789339.755236, 1669789341.0580695, 1669789342.3406227, 1669789343.5985107, 1669789344.8579912, 1669789346.085266, 1669789347.4757102, 1669789348.7273343, 1669789349.994443, 1669789351.2187295, 1669789355.9882877, 1669789357.2142963, 1669789358.4071956, 1669789359.688985, 1669789361.0400686, 1669789362.4228404, 1669789363.8075497, 1669789365.1422782, 1669789366.4560428, 1669789367.724617, 1669789372.2066987, 1669789373.4830194, 1669789374.7671955, 1669789376.0672512, 1669789377.3826609, 1669789378.7763746, 1669789380.1076832, 1669789381.4226277, 1669789382.7237332, 1669789384.0092168, 1669789388.4973419, 1669789389.7604163, 1669789390.8566623, 1669789392.126043, 1669789393.4235103, 1669789394.8085945, 1669789396.114487, 1669789397.409028, 1669789398.7026732, 1669789399.9918578, 1669789404.4520838, 1669789405.7303553, 1669789406.9973567, 1669789408.2344203, 1669789409.501936, 1669789410.862353, 1669789412.0995078, 1669789413.3734088, 1669789414.617784, 1669789415.9779692, 1669789420.6088812, 1669789421.9010592, 1669789423.1776216, 1669789424.4739656, 1669789425.7898254, 1669789427.1720762, 1669789428.4286253, 1669789429.655687, 1669789431.029554, 1669789432.3497064, 1669789437.1057377, 1669789438.4174004, 1669789439.7297063, 1669789441.1024954, 1669789442.518076, 1669789443.8138785, 1669789445.1524334, 1669789446.474615, 1669789447.8315306, 1669789449.2467394, 1669789454.044181, 1669789455.5351877, 1669789456.8617566, 1669789458.2278738, 1669789459.681942, 1669789460.9965699, 1669789462.3370502, 1669789463.692904, 1669789465.0417006, 1669789466.432876, 1669789470.9460077, 1669789472.3080046, 1669789473.7307587, 1669789475.2288764, 1669789476.7093422, 1669789478.149914, 1669789479.5275722, 1669789480.963252, 1669789482.3169718, 1669789483.7333243, 1669789488.5193686, 1669789490.036909, 1669789491.4493396, 1669789492.78448, 1669789494.192266, 1669789495.4558578, 1669789496.7629764, 1669789498.0372121, 1669789499.2924135, 1669789500.5477233, 1669789504.9958198, 1669789506.2025821, 1669789507.4207988, 1669789508.675034, 1669789509.9747303, 1669789511.231945, 1669789512.4867313, 1669789513.85314, 1669789515.1747236, 1669789516.4557867, 1669789521.0375624, 1669789522.4430838, 1669789523.7504685, 1669789525.0113049, 1669789526.3392265, 1669789527.6398065, 1669789528.944951, 1669789530.1963809, 1669789531.4195902, 1669789532.6889963, 1669789537.1193337, 1669789538.3952518, 1669789539.6824138, 1669789540.9348156, 1669789542.3451955, 1669789543.7320182, 1669789545.1261752, 1669789546.400896, 1669789547.6577845, 1669789549.110027, 1669789553.7151992, 1669789555.0385308, 1669789556.39809, 1669789557.8546803, 1669789559.368834, 1669789560.8473618, 1669789562.172689, 1669789563.5477283, 1669789565.1790552, 1669789566.8113024, 1669789571.872026, 1669789573.2669716, 1669789574.6730247, 1669789576.179434, 1669789577.7339299, 1669789579.1597846, 1669789580.6871247, 1669789582.250637, 1669789583.6540275, 1669789585.0873315, 1669789589.7679846, 1669789591.1258926, 1669789592.585401, 1669789593.8914113, 1669789595.298003, 1669789596.6634831, 1669789598.0482228, 1669789599.5182707, 1669789600.8816743, 1669789602.1545548, 1669789606.8193514, 1669789608.1328773, 1669789609.3450854, 1669789610.8972235, 1669789612.2421567, 1669789613.6112442, 1669789614.9582372, 