{"initial_reset_timestamp": 1669868089.0408516, "timestamps": [1669868089.6066444, 1669868089.877918, 1669868090.1318724, 1669868090.3926914, 1669868090.6509304, 1669868090.8959894, 1669868091.147357, 1669868094.549799, 1669868094.8069012, 1669868095.0546505, 1669868095.3041813, 1669868095.460645, 1669868095.7091904, 1669868095.9710026, 1669868096.2174306, 1669868099.4815378, 1669868099.7120976, 1669868099.9612682, 1669868100.2062423, 1669868100.456752, 1669868100.7025056, 1669868100.9458935, 1669868101.2678053, 1669868118.8272474, 1669868119.0493097, 1669868119.2604253, 1669868119.4839563, 1669868119.7131684, 1669868119.9372494, 1669868120.2217777, 1669868137.6859527, 1669868137.9107032, 1669868138.1305144, 1669868138.3585584, 1669868138.5889437, 1669868138.8174424, 1669868139.0468113, 1669868157.3179874, 1669868157.527612, 1669868157.7413478, 1669868157.9500096, 1669868158.1729286, 1669868158.4082148, 1669868158.6362514], "episode_lengths": [150, 150, 150, 150, 150, 150, 150, 150, 150, 150, 150, 66, 150, 150, 150, 54, 150, 150, 150, 150, 150, 150, 150, 150, 150, 150, 150, 150, 150, 150, 150, 150, 150, 150, 150, 150, 150, 150, 150, 150, 150, 150, 150, 150], "episode_rewards": [-150.0, -150.0, -150.0, -150.0, -150.0, -150.0, -150.0, -150.0, -150.0, -150.0, -150.0, -65.0, -150.0, -150.0, -150.0, -53.0, -150.0, -150.0, -150.0, -150.0, -150.0, -150.0, -150.0, -150.0, -150.0, -150.0, -150.0, -150.0, -150.0, -150.0, -150.0, -150.0, -150.0, -150.0, -150.0, -150.0, -150.0, -150.0, -150.0, -150.0, -150.0, -150.0, -150.0, -150.0], "episode_types": ["t", "t", "t", "t", "t", "t", "t", "t", "t", "t", "t", "t", "t", "t", "t", "t", "t", "t", "t", "t", "t", "t", "t", "t", "t", "t", "t", "t", "t", "t", "t", "t", "t", "t", "t", "t", "t", "t", "t", "t", "t", "t", "t", "t"]}