{"initial_reset_timestamp": 1669868087.3935852, "timestamps": [1669868091.242988, 1669868091.5027907, 1669868091.9360633, 1669868092.3321435, 1669868092.6814926, 1669868093.0606866, 1669868096.307561, 1669868096.6748652, 1669868096.9950576, 1669868097.3539584, 1669868097.7297986, 1669868098.0668576, 1669868098.3901734, 1669868102.6451728, 1669868105.130561, 1669868107.6188533, 1669868110.0521245, 1669868112.4860804, 1669868114.8665679, 1669868117.4279504, 1669868122.4176285, 1669868124.8907995, 1669868127.228175, 1669868129.6587646, 1669868132.0182042, 1669868134.581798, 1669868139.5620198, 1669868141.1063645, 1669868142.9800205, 1669868145.4407935, 1669868148.039889, 1669868149.2142103, 1669868151.147558, 1669868153.8561144, 1669868158.8436384, 1669868161.2949855, 1669868163.7209427, 1669868166.1512594, 1669868168.59573, 1669868170.9546154, 1669868173.296856], "episode_lengths": [150, 150, 150, 150, 150, 150, 150, 150, 136, 150, 150, 150, 150, 150, 150, 150, 150, 150, 150, 150, 150, 150, 150, 150, 150, 150, 150, 91, 110, 150, 150, 65, 113, 150, 150, 150, 150, 150, 150, 150, 150], "episode_rewards": [-150.0, -150.0, -150.0, -150.0, -150.0, -150.0, -150.0, -150.0, -135.0, -150.0, -150.0, -150.0, -150.0, -150.0, -150.0, -150.0, -150.0, -150.0, -150.0, -150.0, -150.0, -150.0, -150.0, -150.0, -150.0, -150.0, -150.0, -90.0, -109.0, -150.0, -150.0, -64.0, -112.0, -150.0, -150.0, -150.0, -150.0, -150.0, -150.0, -150.0, -150.0], "episode_types": ["t", "t", "t", "t", "t", "t", "t", "t", "t", "t", "t", "t", "t", "t", "t", "t", "t", "t", "t", "t", "t", "t", "t", "t", "t", "t", "t", "t", "t", "t", "t", "t", "t", "t", "t", "t", "t", "t", "t", "t", "t", "t"]}