{"initial_reset_timestamp": 1669878879.7835393, "timestamps": [1669878882.893986, 1669878883.1368484, 1669878883.4952395, 1669878883.841178, 1669878884.1949346, 1669878884.5277681, 1669878887.437789, 1669878887.761565, 1669878888.0923538, 1669878888.409991, 1669878888.728321, 1669878889.041647, 1669878889.3593314, 1669878893.4618342, 1669878895.7352035, 1669878897.9994466, 1669878900.2503486, 1669878902.5008636, 1669878904.6997793, 1669878906.9181707, 1669878911.4643426, 1669878913.6773288, 1669878915.9086003, 1669878918.1633387, 1669878920.294466, 1669878922.4623015, 1669878927.0713985, 1669878929.3230479, 1669878931.5651855, 1669878933.7987158, 1669878936.0498464, 1669878938.2955978, 1669878940.5232792, 1669878945.189348, 1669878947.3973513, 1669878949.7100108, 1669878951.948034, 1669878954.1860657, 1669878956.4395387, 1669878958.646559, 1669878963.3448768, 1669878965.5807183, 1669878967.8493268, 1669878969.9611404, 1669878972.2670014, 1669878974.6209671, 1669878979.2000027, 1669878981.4951186, 1669878983.7357037, 1669878985.963893, 1669878988.2150173, 1669878990.4433498, 1669878992.6941721, 1669878997.3024948, 1669878999.5517688, 1669879001.7928367, 1669879004.0271385, 1669879006.2792113, 1669879008.5992472, 1669879010.8420563, 1669879015.5003247, 1669879017.736956, 1669879019.9876757, 1669879022.2350235, 1669879024.5184264, 1669879026.799595, 1669879031.4239511, 1669879033.6599169, 1669879035.8998685, 1669879038.1439648, 1669879040.376882, 1669879042.6396096, 1669879044.8752549, 1669879049.5162218, 1669879051.7606304, 1669879053.909695, 1669879054.982972, 1669879057.2165575, 1669879059.461741, 1669879061.7375367, 1669879066.3704278, 1669879068.6523137, 1669879070.8789246, 1669879073.1347885, 1669879075.4055707, 1669879077.6940057, 1669879079.934813, 1669879084.4348311, 1669879086.6157928, 1669879088.8616626, 1669879091.073825, 1669879093.1125498, 1669879095.3817713, 1669879100.0297208, 1669879102.272102, 1669879103.0663319, 1669879105.3090067, 1669879107.5210755, 1669879109.773357, 1669879112.0397882, 1669879114.3160315, 1669879118.9631386, 1669879121.2258859, 1669879123.4877832, 1669879125.7453842, 1669879128.0032992, 1669879129.9055097, 1669879131.7846496, 1669879136.3885562, 1669879136.9470022, 1669879138.1251042, 1669879140.3504102, 1669879142.4216864, 1669879143.036056, 1669879145.1922925, 1669879146.1664941, 1669879147.3424213, 1669879149.624328, 1669879154.2653563, 1669879156.5332365, 1669879158.834536, 1669879161.1520786, 1669879163.3849568, 1669879165.6510737, 1669879170.2853522, 1669879172.529429, 1669879173.8035557, 1669879176.051751, 1669879178.1498394, 1669879180.3849232, 1669879182.620081, 1669879187.2663949, 1669879189.4557545, 1669879191.6918838, 1669879193.9504638, 1669879196.1913447, 1669879198.4386148, 1669879200.663269, 1669879201.2979064], "episode_lengths": [150, 150, 150, 150, 150, 150, 150, 150, 150, 150, 150, 150, 150, 150, 150, 150, 150, 150, 150, 150, 150, 150, 150, 150, 150, 150, 150, 150, 150, 150, 150, 150, 150, 150, 150, 150, 150, 150, 150, 150, 150, 150, 150, 150, 150, 150, 150, 150, 150, 150, 150, 150, 150, 150, 150, 150, 150, 150, 150, 150, 150, 150, 150, 150, 150, 150, 150, 150, 150, 150, 150, 150, 150, 150, 150, 150, 69, 150, 150, 150, 150, 150, 150, 150, 150, 150, 150, 150, 150, 150, 150, 135, 150, 150, 150, 51, 150, 150, 150, 150, 150, 150, 150, 150, 150, 150, 126, 124, 145, 31, 72, 150, 137, 39, 150, 66, 75, 150, 150, 150, 150, 150, 150, 150, 150, 150, 84, 150, 150, 150, 150, 150, 150, 150, 150, 150, 150, 150, 38], "episode_rewards": [-150.0, -150.0, -150.0, -150.0, -150.0, -150.0, -150.0, -150.0, -150.0, -150.0, -150.0, -150.0, -150.0, -150.0, -150.0, -150.0, -150.0, -150.0, -150.0, -150.0, -150.0, -150.0, -150.0, -150.0, -150.0, -150.0, -150.0, -150.0, -150.0, -150.0, -150.0, -150.0, -150.0, -150.0, -150.0, -150.0, -150.0, -150.0, -150.0, -150.0, -150.0, -150.0, -150.0, -150.0, -150.0, -150.0, -150.0, -150.0, -150.0, -150.0, -150.0, -150.0, -150.0, -150.0, -150.0, -150.0, -150.0, -150.0, -150.0, -150.0, -150.0, -150.0, -150.0, -150.0, -150.0, -150.0, -150.0, -150.0, -150.0, -150.0, -150.0, -150.0, -150.0, -150.0, -150.0, -150.0, -68.0, -150.0, -150.0, -150.0, -150.0, -150.0, -150.0, -150.0, -150.0, -150.0, -150.0, -150.0, -150.0, -150.0, -150.0, -134.0, -150.0, -150.0, -150.0, -50.0, -150.0, -150.0, -150.0, -150.0, -150.0, -150.0, -150.0, -150.0, -150.0, -150.0, -125.0, -123.0, -144.0, -30.0, -71.0, -150.0, -136.0, -38.0, -150.0, -65.0, -74.0, -150.0, -150.0, -150.0, -150.0, -150.0, -150.0, -150.0, -150.0, -150.0, -83.0, -150.0, -150.0, -150.0, -150.0, -150.0, -150.0, -150.0, -150.0, -150.0, -150.0, -150.0, -37.0], "episode_types": ["t", "t", "t", "t", "t", "t", "t", "t", "t", "t", "t", "t", "t", "t", "t", "t", "t", "t", "t", "t", "t", "t", "t", "t", "t", "t", "t", "t", "t", "t", "t", "t", "t", "t", "t", "t", "t", "t", "t", "t", "t", "t", "t", "t", "t", "t", "t", "t", "t", "t", "t", "t", "t", "t", "t", "t", "t", "t", "t", "t", "t", "t", "t", "t", "t", "t", "t", "t", "t", "t", "t", "t", "t", "t", "t", "t", "t", "t", "t", "t", "t", "t", "t", "t", "t", "t", "t", "t", "t", "t", "t", "t", "t", "t", "t", "t", "t", "t", "t", "t", "t", "t", "t", "t", "t", "t", "t", "t", "t", "t", "t", "t", "t", "t", "t", "t", "t", "t", "t", "t", "t", "t", "t", "t", "t", "t", "t", "t", "t", "t", "t", "t", "t", "t", "t", "t", "t", "t", "t", "t"]}