{"initial_reset_timestamp": 1669878880.8979585, "timestamps": [1669878881.4037104, 1669878881.6430588, 1669878881.8764665, 1669878882.1115842, 1669878882.3466308, 1669878882.578713, 1669878882.8147163, 1669878885.8028395, 1669878886.0317242, 1669878886.2678587, 1669878886.4989831, 1669878886.6526623, 1669878886.8807204, 1669878887.1171625, 1669878887.3453186, 1669878890.3938372, 1669878890.6173906, 1669878890.8442512, 1669878891.0723565, 1669878891.3041012, 1669878891.5355763, 1669878891.7684023, 1669878892.0582144, 1669878907.9865918, 1669878908.2153249, 1669878908.4439325, 1669878908.6712449, 1669878908.8964639, 1669878909.1239114, 1669878909.3527722, 1669878924.9975338, 1669878925.2329695, 1669878925.4646144, 1669878925.6960514, 1669878925.9266021, 1669878926.156754, 1669878926.3854446, 1669878942.378759, 1669878942.6103122, 1669878942.838484, 1669878943.064464, 1669878943.2926257, 1669878943.5225325, 1669878943.7546134, 1669878959.7349293, 1669878959.9631672, 1669878960.2615871, 1669878960.4931805, 1669878960.7255356, 1669878960.9559262, 1669878961.1922388, 1669878977.1276655, 1669878977.358517, 1669878977.59006, 1669878977.8172414, 1669878978.0431142, 1669878978.2691727, 1669878978.4940193, 1669878994.5092585, 1669878994.7394857, 1669878994.9674757, 1669878995.1962118, 1669878995.4274533, 1669878995.657255, 1669878995.888457, 1669879011.9881606, 1669879012.2182307, 1669879012.4504411, 1669879012.681221, 1669879012.91188, 1669879013.138616, 1669879013.3678253, 1669879029.36159, 1669879029.5851693, 1669879029.8117466, 1669879030.0400016, 1669879030.2691317, 1669879030.4979932, 1669879030.729881, 1669879046.7158804, 1669879046.944337, 1669879047.1758773, 1669879047.4071736, 1669879047.63472, 1669879047.8607445, 1669879048.091133, 1669879064.0043151, 1669879064.2307544, 1669879064.4583397, 1669879064.6872585, 1669879064.9154692, 1669879065.158019, 1669879065.3862884, 1669879081.4878633, 1669879081.7152975, 1669879081.9422193, 1669879082.1714985, 1669879082.400982, 1669879082.6294553, 1669879082.8580537, 1669879098.627294, 1669879098.857298, 1669879099.0848548, 1669879099.313008, 1669879099.5395622, 1669879099.7653804, 1669879099.9952192, 1669879116.1175203, 1669879116.345741, 1669879116.5773659, 1669879116.8069701, 1669879117.0384185, 1669879117.266259, 1669879117.5035388, 1669879133.52357, 1669879133.7500658, 1669879133.9767973, 1669879134.2029853, 1669879134.4806654, 1669879134.706754, 1669879134.9419708, 1669879151.1404753, 1669879151.3707843, 1669879151.5995314, 1669879151.8306754, 1669879152.062912, 1669879152.2938066, 1669879152.5225186, 1669879168.6263523, 1669879168.8638887, 1669879169.1034083, 1669879169.3384619, 1669879169.5672204, 1669879169.7959073, 1669879170.026076, 1669879185.853081, 1669879186.0831444, 1669879186.3132007, 1669879186.5418417, 1669879186.7722898, 1669879187.0016887, 1669879187.234175, 1669879203.2592235, 1669879203.489135, 1669879203.714731, 1669879203.940637, 1669879204.168858, 1669879204.395614, 1669879204.6253831, 1669879219.3409293, 1669879219.5697658, 1669879219.793579, 1669879220.0247862, 1669879220.253177, 1669879220.4779582, 1669879220.7078617, 1669879235.23494, 1669879235.4664156, 1669879235.6989787, 1669879235.9303136, 1669879236.1573603, 1669879236.3818927, 1669879236.6079435, 1669879251.1072822, 1669879251.3380818, 1669879251.5827804, 1669879251.815714, 1669879252.1039486, 1669879252.33252, 1669879252.575113, 1669879267.0836174, 1669879267.3138375, 1669879267.5457304, 1669879267.77379, 1669879268.0016346, 1669879268.2302797, 1669879268.458471, 1669879283.2430801, 1669879283.4742875, 1669879283.7087762, 1669879283.9402084, 1669879284.175239, 1669879284.4084647, 1669879284.6431494, 1669879299.4211295, 1669879299.6525264, 1669879299.8875582, 1669879300.1175442, 1669879300.3437226, 1669879300.552099, 1669879300.784812, 1669879315.7262402, 1669879315.9649386, 1669879316.2022736, 1669879316.4327195, 1669879316.6759043, 1669879316.9072688, 1669879317.1380649, 1669879331.486344, 1669879331.7200475, 1669879331.9552681, 1669879332.1957445, 1669879332.4370723, 1669879332.67493, 1669879332.9043365, 1669879346.5948393, 1669879346.8257024, 1669879346.9609206, 1669879347.1863458, 1669879347.4159467, 1669879347.6506522, 1669879347.879003, 1669879348.105545, 1669879362.5161507, 1669879362.7414608, 1669879362.970014, 1669879363.2001028, 1669879363.4736092, 1669879363.7041268, 1669879363.9332733, 1669879378.393357, 1669879378.6214306, 1669879378.8477218, 1669879379.0740128, 1669879379.3012583, 1669879379.5291553, 1669879379.7613258, 1669879394.456166, 1669879394.6850095, 1669879394.9159257, 1669879395.1449068, 1669879395.3722053, 1669879395.5974684, 1669879395.8267481, 1669879410.5106566, 1669879410.738775, 1669879410.973612, 1669879411.144406, 1669879411.373274, 1669879411.5423014, 1669879411.7484925, 1669879411.9822388, 1669879426.6919682, 1669879426.9243333, 1669879427.1716487, 1669879427.3760898, 1669879427.6099613, 1669879427.843704, 1669879428.0799575, 1669879442.0051496, 1669879442.1792417, 1669879442.3812437, 1669879442.6005785, 1669879442.8149433, 1669879443.0436819, 1669879443.289092, 1669879443.5229168, 1669879458.1523886, 1669879458.3828359, 1669879458.5915723, 1669879458.8170567, 1669879458.9557772, 1669879459.1565218, 1669879459.3577862, 1669879459.587351, 1669879459.8208423, 1669879473.9523833, 1669879474.1849725, 1669879474.4147718, 1669879474.6417427, 1669879474.8732245, 1669879475.104519, 1669879475.3927252, 1669879490.3272605, 1669879490.538107, 1669879490.767193, 1669879490.9703445, 1669879491.184821, 1669879491.4159544, 1669879491.657032, 1669879491.8585885, 1669879506.92577, 1669879507.1628563, 1669879507.3896585, 1669879507.619415, 1669879507.8988843, 1669879508.1044703, 1669879508.336129, 1669879508.4881134, 1669879523.2906368, 1669879523.5196557, 1669879523.749957, 1669879523.9791808, 1669879524.2107062, 1669879524.4432569, 1669879524.674156, 1669879539.2865567, 1669879539.455626, 1669879539.697335, 1669879539.901421, 1669879540.1386123, 1669879540.3606133, 1669879540.5936568, 1669879540.8188312, 1669879554.9503121, 1669879555.1905365, 1669879555.37406, 1669879555.6050415, 1669879555.832034, 1669879555.9771247, 1669879556.2031908, 1669879556.3885362, 1669879570.6120434, 1669879570.8135865, 1669879571.0415761, 1669879571.23926, 1669879571.4014812, 1669879571.5355341, 1669879571.7642272, 1669879571.9414997, 1669879572.1667511, 1669879572.395761, 1669879586.7831838, 1669879586.9359953, 1669879587.1614788, 1669879587.3553874, 1669879587.5205317, 1669879587.6707845, 1669879587.8988938, 1669879588.0770268, 1669879588.3037949, 1669879602.2227705, 1669879602.4472501, 1669879602.6351519, 1669879602.8236973, 1669879603.0510595, 1669879603.2744064, 1669879603.4997125, 1669879603.6967213, 1669879618.0758584, 1669879618.3017578, 1669879618.528761, 1669879618.6648238, 1669879618.9456131, 1669879619.1734223, 1669879619.399824, 1669879619.6255326, 1669879633.9073613, 1669879634.137599, 1669879634.3654585, 1669879634.5910828, 1669879634.8176432, 1669879634.9454055, 1669879635.171946, 1669879635.3550436, 1669879650.2143793, 1669879650.4412446, 1669879650.666369, 1669879650.8887262, 1669879651.1193328, 1669879651.3270733, 1669879651.5539093, 1669879666.303427, 1669879666.5311797, 1669879666.7605655, 1669879666.990869, 1669879667.2195394, 1669879667.450331, 1669879667.6774006],