{"initial_reset_timestamp": 1669796173.0972116, "timestamps": [1669796175.7876132, 1669796176.0595071, 1669796176.451996, 1669796176.8252993, 1669796177.195767, 1669796177.5649257, 1669796179.9908898, 1669796180.3313172, 1669796180.6586056, 1669796180.985646, 1669796181.3096895, 1669796181.6450353, 1669796181.873233, 1669796184.7329588, 1669796186.4587789, 1669796188.2277381, 1669796190.0141494, 1669796191.7116926, 1669796193.4331355, 1669796195.2036307, 1669796199.0069995, 1669796200.702109, 1669796202.5533547, 1669796204.3861964, 1669796206.420172, 1669796208.3236964, 1669796210.1635113, 1669796214.1467633, 1669796215.9361224, 1669796217.7737374, 1669796219.6477737, 1669796221.5316584, 1669796223.3380978, 1669796227.1981387, 1669796229.066924, 1669796230.9425118, 1669796232.783736, 1669796234.7023475, 1669796236.567251, 1669796238.4065592, 1669796242.6311486, 1669796244.4085763, 1669796246.2116373, 1669796248.008207, 1669796249.884884, 1669796251.7331672, 1669796253.5436594, 1669796257.6704397, 1669796259.4592888, 1669796261.2290432, 1669796262.9771864, 1669796264.8750095, 1669796266.7672474, 1669796270.852202, 1669796272.6284938, 1669796274.4407172, 1669796276.280071, 1669796278.0888848, 1669796279.8741107, 1669796281.648249, 1669796285.8811677, 1669796287.73097, 1669796289.5252151, 1669796291.3684378, 1669796293.1507056, 1669796294.9096308, 1669796296.6987672, 1669796300.7595563, 1669796302.5878458, 1669796304.2973554, 1669796306.06864, 1669796307.76757, 1669796309.5684414, 1669796313.8538046, 1669796315.627947, 1669796317.4279842, 1669796319.2164948, 1669796321.0595355, 1669796322.892171, 1669796324.7739873, 1669796328.825098, 1669796330.6210098, 1669796332.458037, 1669796334.302382, 1669796336.1337624, 1669796337.985373, 1669796339.8559833, 1669796344.1721776, 1669796345.9968598, 1669796347.7918527, 1669796349.5118587, 1669796351.262472, 1669796353.071789, 1669796357.072742, 1669796358.8978283, 1669796360.765755, 1669796362.5078564, 1669796364.3340147, 1669796366.13048, 1669796367.8974822, 1669796372.3291001, 1669796374.1375272, 1669796376.0444856, 1669796377.7660851, 1669796379.558115, 1669796381.193171, 1669796382.9213557, 1669796386.813718, 1669796388.5522985, 1669796390.2510335, 1669796392.1045861, 1669796394.0355744, 1669796395.8163438, 1669796400.6877532, 1669796402.5156884, 1669796404.2828596, 1669796406.0618982, 1669796407.824144, 1669796409.63198, 1669796411.473573, 1669796416.7930775, 1669796418.588565, 1669796420.4303744, 1669796422.2816882, 1669796424.1829803, 1669796426.0524845, 1669796427.9374235, 1669796432.0751085, 1669796434.0491502, 1669796435.9036674, 1669796437.72829, 1669796439.525281, 1669796441.3571982, 1669796446.6392498, 1669796448.5309784, 1669796450.453124, 1669796452.2569706, 1669796454.066946, 1669796455.9201376, 1669796457.7831638, 1669796461.9175372, 1669796463.7863572, 1669796465.6124303, 1669796467.415244, 1669796469.067062, 1669796470.9456017, 1669796472.8187065, 1669796476.9163008, 1669796478.650795, 1669796480.448241, 1669796482.3134902, 1669796484.1501825, 1669796485.952714, 1669796490.0338523, 1669796491.9348352, 1669796493.7829428, 1669796495.5788152, 1669796497.423198, 1669796499.2879958, 1669796499.937255, 1669796501.7731113, 1669796506.8183389, 1669796508.693561, 1669796510.606997, 1669796512.4783926, 1669796514.2892487, 1669796516.1225505, 1669796521.0478024, 1669796522.8405464, 1669796524.669137, 1669796526.4636216, 1669796528.2376804, 1669796530.0284352, 1669796531.853628, 1669796537.6085792, 1669796539.4504774, 1669796541.2710285, 1669796543.132527, 1669796544.9828262, 1669796546.8131227, 1669796548.7237947, 1669796553.2961152, 1669796555.1035192, 1669796556.9354467, 1669796558.785318, 1669796560.6393595, 1669796562.5075011, 1669796566.4317844, 1669796568.2530658, 1669796570.0654695, 1669796571.8892832, 1669796573.7866335, 1669796575.5607138, 1669796577.4060242, 1669796581.5204413, 1669796583.3140416, 1669796585.0931773, 1669796586.8970044, 1669796588.723049, 1669796590.6319077, 1669796592.490479, 1669796596.683797, 1669796598.509483, 1669796600.351006, 1669796602.2294064, 1669796604.1345727, 1669796606.0134392, 1669796611.394255, 1669796613.1532173, 1669796614.972811, 1669796616.7918367, 1669796618.6225781, 1669796620.5129166, 1669796622.245901, 1669796627.1248236, 1669796629.0056963, 1669796630.8709342, 1669796632.7163749, 1669796634.5645075, 1669796636.2513223, 1669796638.1139886, 1669796643.1662004, 1669796644.9696057, 1669796646.5719948, 1669796648.2766016, 1669796650.0659227, 1669796651.7694867, 1669796656.8832693, 1669796658.703232, 1669796660.4783528, 1669796662.3633678, 1669796664.2175684, 1669796666.0694938, 1669796667.9172924, 1669796673.2816913, 1669796675.0673935, 1669796676.8167949, 1669796678.6019976, 1669796680.4413424, 1669796682.2681358, 1669796684.0559602, 1669796689.2792737, 1669796691.047867, 1669796692.8781714, 1669796694.530935, 1669796696.2905433, 1669796698.204281, 1669796703.8780828, 1669796705.4598265, 1669796707.1434524, 1669796708.9415715, 1669796710.7699091, 1669796712.6005173, 1669796714.5056422, 1669796720.5215735, 1669796722.325539, 1669796724.0962121, 1669796725.9417996, 1669796727.7861, 1669796729.6408236, 1669796731.5221996, 1669796737.1562788, 1669796738.9194515, 1669796740.7176573, 1669796742.5337477, 1669796744.4231675, 1669796746.2623467, 1669796748.0697727, 1669796753.877837, 1669796755.7562907, 1669796757.6909997, 1669796759.5976975, 1669796761.406654, 1669796763.267365, 1669796769.3310637, 1669796771.1304855, 1669796773.019064, 1669796774.9275064, 1669796776.7642949, 1669796778.477475, 1669796780.234709, 1669796786.1769712, 1669796787.9370735, 1669796789.8271594, 1669796791.7604365, 1669796793.5941985, 1669796795.3690019, 1669796797.2127542, 1669796801.7845955, 1669796803.596732, 1669796805.3826272, 1669796807.1635969, 1669796808.9831138, 1669796810.7778971, 1669796816.3915768, 1669796818.1568184, 1669796820.021763, 1669796821.90719, 1669796823.748899, 1669796825.5732129, 1669796827.3856974, 1669796833.0282342, 1669796834.795761, 1669796836.5679386, 1669796838.3816428, 1669796840.2497513, 1669796842.0910845, 1669796842.8425906, 1669796848.1601284, 1669796849.9690843, 1669796851.8703454, 1669796853.7789712, 1669796855.6178102, 1669796857.3935158, 1669796859.2691271, 1669796864.8955479, 1669796866.6732824, 1669796868.492971, 1669796870.29342, 1669796872.1404753, 1669796874.0048957, 1669796875.8190587, 1669796881.648015, 1669796883.4782917, 1669796885.3618348, 1669796887.1939678, 1669796889.140181, 1669796891.0301013, 1669796897.0184662, 1669796898.8240852, 1669796900.7127652, 1669796902.5041244, 1669796904.3581831, 1669796906.4268367, 1669796908.3363545],