{"initial_reset_timestamp": 1669768936.9144397, "timestamps": [1669768940.5801206, 1669768940.7709312, 1669768941.0508988, 1669768941.380379, 1669768941.7005937, 1669768942.015177, 1669768942.3269904, 1669768942.6303382, 1669768942.9319165, 1669768943.236303, 1669768948.6751492, 1669768949.0363555, 1669768949.338957, 1669768949.6455867, 1669768949.944817, 1669768950.2568996, 1669768950.5728052, 1669768950.8880188, 1669768951.2039824, 1669768951.5246513, 1669768955.612349, 1669768956.7892313, 1669768957.9105554, 1669768959.1037052, 1669768960.2864115, 1669768961.5081258, 1669768962.722322, 1669768963.8971522, 1669768965.040625, 1669768966.1807973, 1669768970.0262978, 1669768971.1402626, 1669768972.2757325, 1669768973.1030724, 1669768974.3574436, 1669768974.9656036, 1669768976.1067739, 1669768976.5887523, 1669768977.755262, 1669768978.9089353, 1669768980.0952084, 1669768984.161712, 1669768985.130002, 1669768986.1057727, 1669768986.9716256, 1669768988.1603553, 1669768989.3968184, 1669768990.3661194, 1669768991.5822613, 1669768992.3602376, 1669768993.5637453, 1669768994.3803475, 1669768995.095062, 1669768999.0524423, 1669769000.2570329, 1669769001.4442308, 1669769002.7473328, 1669769003.9263875, 1669769005.148791, 1669769006.347662, 1669769007.5675218, 1669769008.356036, 1669769009.575749, 1669769010.7543752, 1669769014.8228223, 1669769016.0091376, 1669769017.1861129, 1669769018.416853, 1669769019.6030688, 1669769020.7867627, 1669769021.9859917, 1669769023.191795, 1669769023.9254143, 1669769025.1268032, 1669769029.1699405, 1669769030.4023945, 1669769031.648984, 1669769032.8555112, 1669769034.076358, 1669769035.3513396, 1669769036.5705075, 1669769037.8209522, 1669769038.9976301, 1669769040.1832414, 1669769044.4902916, 1669769045.6737134, 1669769046.8700671, 1669769048.106219, 1669769049.3506398, 1669769050.5119202, 1669769051.6978405, 1669769052.8843238, 1669769054.062021, 1669769055.240188, 1669769059.5885804, 1669769060.8048701, 1669769062.009478, 1669769063.2933733, 1669769064.5170767, 1669769065.744812, 1669769066.96828, 1669769068.158274, 1669769069.3366327, 1669769070.5166543, 1669769074.5053267, 1669769075.7011158, 1669769076.9014316, 1669769078.171491, 1669769079.3297226, 1669769080.475522, 1669769081.6450937, 1669769082.8263276, 1669769084.0222661, 1669769085.2037635, 1669769089.1966164, 1669769090.3770576, 1669769091.5539706, 1669769092.7326357, 1669769093.919379, 1669769095.1737752, 1669769096.3477018, 1669769097.5312357, 1669769098.7026074, 1669769099.883744, 1669769103.9093752, 1669769105.0855672, 1669769106.27348, 1669769107.4488132, 1669769108.6395595, 1669769109.7679253, 1669769111.0168798, 1669769112.2255125, 1669769113.4219143, 1669769114.5915334, 1669769118.579602, 1669769119.7549696, 1669769120.926865, 1669769122.0998104, 1669769123.2526715, 1669769124.3915267, 1669769125.5644915, 1669769126.8208334, 1669769128.0181825, 1669769129.2293224, 1669769133.2095823, 1669769134.397493, 1669769135.5848856, 1669769136.7725887, 1669769137.963527, 1669769139.1444116, 1669769140.3609254, 1669769141.543605, 1669769142.830444, 1669769144.061698, 1669769148.1290288, 1669769149.3226597, 1669769150.5297072, 1669769151.7340639, 1669769152.9249227, 1669769154.1568525, 1669769155.3702273, 1669769156.5692725, 1669769157.7800045, 1669769159.0539732, 1669769163.043891, 1669769164.2396274, 1669769165.5556595, 1669769166.8621705, 1669769168.1320891, 1669769169.487225, 1669769170.909297, 1669769172.188852, 1669769173.5130544, 1669769174.8401759, 1669769179.4823587, 1669769180.9971, 1669769182.3402183, 1669769183.6581864, 1669769184.9358835, 1669769186.2732623, 1669769187.6254187, 1669769188.9240866, 1669769190.249665, 1669769191.5448594, 1669769196.3404515, 1669769197.6868699, 1669769199.1608236, 1669769200.5288043, 1669769201.9810672, 1669769203.4377897, 1669769204.9763656, 1669769206.383845, 1669769207.8386195, 1669769209.2577646, 1669769214.242422, 1669769215.6847284, 1669769217.0914807, 1669769218.5352566, 1669769219.8995094, 1669769221.3620846, 1669769222.8479762, 1669769224.300731, 1669769225.7443905, 1669769227.2964485, 1669769232.0364056, 1669769233.662319, 1669769235.2213132, 1669769236.57255, 1669769237.943001, 1669769239.300716, 1669769240.650785, 1669769242.0474236, 1669769243.459224, 1669769244.9374702, 1669769249.3480518, 1669769250.6589682, 1669769252.070935, 1669769253.4319198, 1669769254.807468, 1669769256.2249815, 1669769257.55159, 1669769258.9696622, 1669769260.3216703, 1669769261.7561927, 1669769266.2585893, 1669769267.5815933, 1669769268.894273, 1669769270.2591658, 1669769271.59136, 1669769273.0280287, 1669769274.4297214, 1669769275.7600198, 1669769277.0895317, 1669769278.380752, 1669769282.824399, 1669769284.135799, 1669769285.4959733, 1669769286.8266988, 1669769288.2055776, 1669769289.6043036, 1669769290.8677068, 1669769292.1674848, 1669769293.5239794, 1669769294.8563776, 1669769299.2097049, 1669769300.4598305, 1669769301.8060474, 1669769303.2919242, 1669769304.7421305, 1669769306.3820364, 1669769307.7873375, 1669769309.1625779, 1669769310.5744298, 1669769312.0142255, 1669769316.877494, 1669769318.2446947, 1669769319.6157513, 1669769321.0573044, 1669769322.452735, 1669769323.9673245, 1669769325.3415065, 1669769326.901676, 1669769328.318244, 1669769329.8128057, 1669769334.4854474, 1669769335.4255598, 1669769336.8476608, 1669769338.2820642, 1669769339.6336305, 1669769341.165869, 1669769342.5978138, 1669769343.9270897, 1669769345.358461, 1669769346.4834085, 1669769348.040542, 1669769352.6072485, 1669769354.0454187, 1669769355.527391, 1669769356.8403425, 1669769358.2960398, 1669769359.6532035, 1669769361.0602942, 1669769362.4853687, 1669769364.0069497, 1669769365.453209, 1669769369.7738807, 1669769371.1890128, 1669769372.4908404, 1669769373.9389005, 1669769375.3061287, 1669769376.7844713, 1669769378.1540067, 1669769379.5359366, 1669769380.90293, 1669769382.2556107, 1669769386.853886, 1669769388.133597, 1669769388.781912, 1669769390.0820503, 1669769391.4226282, 1669769392.8533468, 1669769394.222073, 1669769395.0117378, 1669769396.3477905, 1669769397.7811463, 1669769399.1950989, 1669769403.6997561, 1669769404.9649346, 1669769406.2830904, 1669769407.5838003, 1669769408.9815238, 1669769410.3368182, 1669769411.625127, 1669769412.9874225, 1669769414.3357277, 1669769415.6816325, 1669769420.014741, 1669769421.3036807, 1669769422.6008542, 1669769423.9350634, 1669769425.3068109, 1669769426.6890674, 1669769428.000492, 1669769429.378102, 1669769430.0191984, 1669769431.3596642, 1669769436.055138, 1669769437.35954, 1669769438.1870036, 1669769439.4332755, 1669769440.8047838, 1669769442.205222, 1669769443.512483, 1669769444.7881885, 1669769446.0632458, 1669769447.7235043, 1669769449.2860436, 1669769453.7039187, 1669769454.916904, 1669769456.1605313, 1669769457.3808382, 1669769458.493576, 1669769459.740523, 1669769461.0432742, 1669769462.296392, 1669769463.5194833, 1669769464.7820632, 1669769469.1333857, 1669769470.3898232, 1669769471.636487, 1669769472.8806438, 1669769474.097762, 1669769475.3924506, 1669769476.641016, 1669769477.881492, 1669769479.1115282, 1669769480.3541114, 1669769484.8380263, 1669769486.242263, 1669769487.6314304, 1669769488.9960701, 1669769490.3023992, 1669769491.6626573, 1669769493.0288556, 1669769494.358957, 1669769495.5689266, 1669769496.7950926, 1669769501.9841356, 1669769503.6087031, 1669769505.1716683, 1669769506.4749992, 1669769507.7863483, 1669769509.0233886, 1669769510.4350724, 1669769511.7077758, 1669769513.0195267, 1669769514.2323277, 1669769514.7285259, 1669769518.809103, 1669769520.087099, 1669769521.3272214, 1669769522.2949452, 1669769523.5622919, 1669769524.8920586, 1669769526.0939834, 1669769527.3513198, 1669769528.6191745, 1669769529.8483815, 1669769534.218021, 1669769535.4791856, 1669769536.7215374, 1669769537.9463804, 1669769539.1480665, 1669769540.4216886, 1669769541.505876, 1669769542.7292364, 1669769543.9408395, 1669769545.2095282, 1669769546.1016188, 1669769550.743789, 1669769551.9937546, 1669769553.2219863, 